DRV: not isolated, registering SW (try 0)
DRV: isolated ok, task=task_games_r1.json
DRV: engine ready
G|1|M0-INIT-C0-R1|START|pos=INIT|pair=%E4%B8%9A%E4%BD%99_vs_%E5%85%A5%E9%97%A8|hi=T_YOU|lo=T_RUKN|hiFirst=1|fen=rnbakabnr/9/1c5c1/p1p1p1p1p/9/9/P1P1P1P1P/1C5C1/9/RNBAKABNR w - - 0 1
GM|1|M0-INIT-C0-R1|1|side=-1|cfg=T_YOU|kind=undefined|move=h2i2|hit=cap|slot=8|gap=14|depth=11|nodes=416282|legal=44|probs=cap=80,mcap=280,p=0.5,cls=opening,legal=44,accN=8,bandN=0,gaps=1:0,2:2,3:3,4:8,5:6,6:7,7:9,8:14
GM|1|M0-INIT-C0-R1|2|side=1|cfg=T_RUKN|kind=builtin|move=b7b0|hit=builtin|slot=-|gap=-|depth=2|nodes=1501|legal=45|probs=rand=45
GM|1|M0-INIT-C0-R1|3|side=-1|cfg=T_YOU|kind=undefined|move=a0b0|hit=above|slot=1|gap=0|depth=14|nodes=582115|legal=35|probs=cap=80,mcap=280,p=0.5,cls=opening,legal=35,accN=1,bandN=6,gaps=1:0,2:117,3:135,4:206,5:205,6:217,7:253,8:297
GM|1|M0-INIT-C0-R1|4|side=1|cfg=T_RUKN|kind=builtin|move=h7e7|hit=builtin|slot=-|gap=-|depth=2|nodes=1531|legal=35|probs=rand=45
GM|1|M0-INIT-C0-R1|5|side=-1|cfg=T_YOU|kind=undefined|move=b2d2|hit=cap|slot=7|gap=73|depth=13|nodes=545973|legal=37|probs=cap=80,mcap=280,p=0.5,cls=opening,legal=37,accN=7,bandN=1,gaps=1:0,2:2,3:46,4:63,5:68,6:71,7:73,8:88
GM|1|M0-INIT-C0-R1|6|side=1|cfg=T_RUKN|kind=builtin|move=g6g5|hit=builtin|slot=-|gap=-|depth=2|nodes=1523|legal=28|probs=rand=45
GM|1|M0-INIT-C0-R1|7|side=-1|cfg=T_YOU|kind=undefined|move=d0e1|hit=cap|slot=8|gap=76|depth=13|nodes=623088|legal=43|probs=cap=80,mcap=280,p=0.5,cls=opening,legal=43,accN=8,bandN=0,gaps=1:0,2:24,3:46,4:50,5:55,6:68,7:71,8:76
GM|1|M0-INIT-C0-R1|8|side=1|cfg=T_RUKN|kind=builtin|move=e7e3|hit=builtin|slot=-|gap=-|depth=2|nodes=1510|legal=28|probs=rand=45
GM|1|M0-INIT-C0-R1|9|side=-1|cfg=T_YOU|kind=undefined|move=d2e2|hit=cap|slot=2|gap=43|depth=15|nodes=581980|legal=7|probs=cap=80,mcap=280,p=0.5,cls=opening,legal=7,accN=2,bandN=3,gaps=1:0,2:43,3:139,4:152,5:170,6:324,7:338
GM|1|M0-INIT-C0-R1|10|side=1|cfg=T_RUKN|kind=builtin|move=b9c7|hit=builtin|slot=-|gap=-|depth=2|nodes=1040|legal=22|probs=rand=45
GM|1|M0-INIT-C0-R1|11|side=-1|cfg=T_YOU|kind=undefined|move=i3i4|hit=rand|slot=8|gap=127|depth=13|nodes=614534|legal=23|probs=cap=80,mcap=280,p=0.5,cls=opening,legal=23,accN=3,bandN=5,gaps=1:0,2:21,3:76,4:95,5:105,6:117,7:119,8:127,wouldBe=3,agap=127
GM|1|M0-INIT-C0-R1|12|side=1|cfg=T_RUKN|kind=builtin|move=d9e8|hit=builtin|slot=-|gap=-|depth=2|nodes=1182|legal=24|probs=rand=45
GM|1|M0-INIT-C0-R1|13|side=-1|cfg=T_YOU|kind=undefined|move=i2i3|hit=rand|slot=6|gap=104|depth=12|nodes=667896|legal=24|probs=cap=80,mcap=280,p=0.5,cls=opening,legal=24,accN=3,bandN=5,gaps=1:0,2:55,3:68,4:92,5:104,6:104,7:107,8:112,wouldBe=3,agap=104
GM|1|M0-INIT-C0-R1|14|side=1|cfg=T_RUKN|kind=builtin|move=e3i3|hit=builtin|slot=-|gap=-|depth=2|nodes=1506|legal=30|probs=rand=45
GM|1|M0-INIT-C0-R1|15|side=-1|cfg=T_YOU|kind=undefined|move=b0b6|hit=rand|slot=2|gap=184|depth=15|nodes=690351|legal=37|probs=cap=80,mcap=280,p=0.5,cls=opening,legal=37,accN=1,bandN=1,gaps=1:0,2:184,3:284,4:348,5:355,6:372,7:373,8:397,wouldBe=1,agap=184
GM|1|M0-INIT-C0-R1|16|side=1|cfg=T_RUKN|kind=builtin|move=a6a5|hit=builtin|slot=-|gap=-|depth=2|nodes=1514|legal=24|probs=rand=45
GM|1|M0-INIT-C0-R1|17|side=-1|cfg=T_YOU|kind=undefined|move=i0i2|hit=rand|slot=6|gap=204|depth=14|nodes=642420|legal=38|probs=cap=80,mcap=280,p=0.5,cls=opening,legal=38,accN=1,bandN=6,gaps=1:0,2:94,3:110,4:198,5:199,6:204,7:270,8:291,wouldBe=1,agap=204
GM|1|M0-INIT-C0-R1|18|side=1|cfg=T_RUKN|kind=builtin|move=a9b9|hit=builtin|slot=-|gap=-|depth=2|nodes=1520|legal=24|probs=rand=45
GM|1|M0-INIT-C0-R1|19|side=-1|cfg=T_YOU|kind=undefined|move=b6b9|hit=bmiss|slot=2|gap=16|depth=15|nodes=647434|legal=38|probs=cap=80,mcap=280,p=0.5,cls=opening,legal=38,accN=2,bandN=0,gaps=1:0,2:16,3:603,4:610,5:621,6:628,7:631,8:629,band=0
GM|1|M0-INIT-C0-R1|20|side=1|cfg=T_RUKN|kind=builtin|move=c7b9|hit=builtin|slot=-|gap=-|depth=2|nodes=1358|legal=18|probs=rand=45
GM|1|M0-INIT-C0-R1|21|side=-1|cfg=T_YOU|kind=undefined|move=i2i3|hit=above|slot=1|gap=0|depth=12|nodes=641380|legal=27|probs=cap=80,mcap=280,p=0.5,cls=opening,legal=27,accN=1,bandN=0,gaps=1:0,2:294,3:303,4:351,5:360,6:367,7:388,8:413
GM|1|M0-INIT-C0-R1|22|side=1|cfg=T_RUKN|kind=builtin|move=i9i7|hit=builtin|slot=-|gap=-|depth=2|nodes=908|legal=16|probs=rand=45
GM|1|M0-INIT-C0-R1|23|side=-1|cfg=T_YOU|kind=undefined|move=c3c4|hit=bmiss|slot=8|gap=19|depth=13|nodes=560973|legal=28|probs=cap=80,mcap=280,p=0.5,cls=opening,legal=28,accN=8,bandN=0,gaps=1:0,2:6,3:7,4:11,5:13,6:17,7:17,8:19,band=0
GM|1|M0-INIT-C0-R1|24|side=1|cfg=T_RUKN|kind=builtin|move=b9c7|hit=builtin|slot=-|gap=-|depth=2|nodes=1248|legal=22|probs=rand=45
GM|1|M0-INIT-C0-R1|25|side=-1|cfg=T_YOU|kind=undefined|move=g0i2|hit=bmiss|slot=7|gap=27|depth=13|nodes=558908|legal=28|probs=cap=80,mcap=280,p=0.5,cls=opening,legal=28,accN=8,bandN=0,gaps=1:0,2:7,3:7,4:20,5:23,6:24,7:27,8:26,band=0
GM|1|M0-INIT-C0-R1|26|side=1|cfg=T_RUKN|kind=builtin|move=c7a6|hit=builtin|slot=-|gap=-|depth=2|nodes=1065|legal=21|probs=rand=45
GM|1|M0-INIT-C0-R1|27|side=-1|cfg=T_YOU|kind=undefined|move=i2g0|hit=bmiss|slot=8|gap=36|depth=12|nodes=641382|legal=25|probs=cap=80,mcap=280,p=0.5,cls=opening,legal=25,accN=8,bandN=0,gaps=1:0,2:5,3:9,4:18,5:28,6:33,7:35,8:36,band=0
GM|1|M0-INIT-C0-R1|28|side=1|cfg=T_RUKN|kind=builtin|move=i7g7|hit=builtin|slot=-|gap=-|depth=2|nodes=1305|legal=23|probs=rand=45
GM|1|M0-INIT-C0-R1|29|side=-1|cfg=T_YOU|kind=undefined|move=c0a2|hit=bmiss|slot=7|gap=11|depth=13|nodes=586173|legal=28|probs=cap=80,mcap=280,p=0.5,cls=opening,legal=28,accN=8,bandN=0,gaps=1:0,2:2,3:5,4:5,5:7,6:8,7:11,8:11,band=0
GM|1|M0-INIT-C0-R1|30|side=1|cfg=T_RUKN|kind=builtin|move=c6c5|hit=builtin|slot=-|gap=-|depth=2|nodes=1314|legal=24|probs=rand=45
GM|1|M0-INIT-C0-R1|31|side=-1|cfg=T_YOU|kind=undefined|move=e2f2|hit=bmiss|slot=8|gap=20|depth=14|nodes=565201|legal=27|probs=cap=80,mcap=280,p=0.5,cls=opening,legal=27,accN=8,bandN=0,gaps=1:0,2:7,3:8,4:11,5:15,6:15,7:17,8:20,band=0
GM|1|M0-INIT-C0-R1|32|side=1|cfg=T_RUKN|kind=builtin|move=g7f7|hit=builtin|slot=-|gap=-|depth=2|nodes=1509|legal=26|probs=rand=45
GM|1|M0-INIT-C0-R1|33|side=-1|cfg=T_YOU|kind=undefined|move=f2d2|hit=cap|slot=8|gap=32|depth=13|nodes=616396|legal=29|probs=cap=80,mcap=280,p=0.5,cls=opening,legal=29,accN=8,bandN=0,gaps=1:0,2:14,3:16,4:17,5:23,6:23,7:25,8:32
GM|1|M0-INIT-C0-R1|34|side=1|cfg=T_RUKN|kind=builtin|move=f7f0|hit=builtin|slot=-|gap=-|depth=2|nodes=1524|legal=32|probs=rand=45
GM|1|M0-INIT-C0-R1|35|side=-1|cfg=T_YOU|kind=undefined|move=e1f0|hit=bmiss|slot=2|gap=9|depth=15|nodes=510820|legal=2|probs=cap=80,mcap=280,p=0.5,cls=opening,legal=2,accN=2,bandN=0,gaps=1:0,2:9,band=0
GM|1|M0-INIT-C0-R1|36|side=1|cfg=T_RUKN|kind=builtin|move=h9i7|hit=builtin|slot=-|gap=-|depth=2|nodes=1095|legal=17|probs=rand=45
GM|1|M0-INIT-C0-R1|37|side=-1|cfg=T_YOU|kind=undefined|move=e0d0|hit=bmiss|slot=4|gap=33|depth=12|nodes=594262|legal=32|probs=cap=80,mcap=280,p=0.5,cls=opening,legal=32,accN=8,bandN=0,gaps=1:0,2:8,3:27,4:33,5:20,6:20,7:23,8:25,band=0
GM|1|M0-INIT-C0-R1|38|side=1|cfg=T_RUKN|kind=builtin|move=i7g6|hit=builtin|slot=-|gap=-|depth=2|nodes=1047|legal=17|probs=rand=45
GM|1|M0-INIT-C0-R1|39|side=-1|cfg=T_YOU|kind=undefined|move=d2e2|hit=bmiss|slot=8|gap=27|depth=12|nodes=581174|legal=31|probs=cap=80,mcap=280,p=0.5,cls=opening,legal=31,accN=8,bandN=0,gaps=1:0,2:17,3:23,4:19,5:20,6:21,7:23,8:27,band=0
GM|1|M0-INIT-C0-R1|40|side=1|cfg=T_RUKN|kind=builtin|move=g6h8|hit=builtin|slot=-|gap=-|depth=2|nodes=965|legal=17|probs=rand=45
GM|1|M0-INIT-C0-R1|41|side=-1|cfg=T_YOU|kind=undefined|move=h0g2|hit=cap|slot=5|gap=48|depth=12|nodes=543490|legal=28|probs=cap=80,mcap=280,p=0.5,cls=opening,legal=28,accN=8,bandN=0,gaps=1:0,2:18,3:30,4:33,5:48,6:18,7:25,8:28
GM|1|M0-INIT-C0-R1|42|side=1|cfg=T_RUKN|kind=builtin|move=h8g6|hit=builtin|slot=-|gap=-|depth=2|nodes=658|legal=12|probs=rand=45
GM|1|M0-INIT-C0-R1|43|side=-1|cfg=T_YOU|kind=undefined|move=g3g4|hit=bmiss|slot=3|gap=21|depth=12|nodes=540643|legal=27|probs=cap=80,mcap=280,p=0.5,cls=opening,legal=27,accN=8,bandN=0,gaps=1:0,2:16,3:21,4:10,5:10,6:11,7:17,8:19,band=0
GM|1|M0-INIT-C0-R1|44|side=1|cfg=T_RUKN|kind=builtin|move=a5a4|hit=builtin|slot=-|gap=-|depth=2|nodes=1201|legal=17|probs=rand=45
GM|1|M0-INIT-C0-R1|45|side=-1|cfg=T_YOU|kind=undefined|move=i4i5|hit=bmiss|slot=8|gap=50|depth=12|nodes=548867|legal=35|probs=cap=80,mcap=280,p=0.5,cls=opening,legal=35,accN=8,bandN=0,gaps=1:0,2:9,3:18,4:29,5:34,6:44,7:44,8:50,band=0
GM|1|M0-INIT-C0-R1|46|side=1|cfg=T_RUKN|kind=builtin|move=g6h8|hit=builtin|slot=-|gap=-|depth=2|nodes=1415|legal=19|probs=rand=45
GM|1|M0-INIT-C0-R1|47|side=-1|cfg=T_YOU|kind=undefined|move=a3a4|hit=cap|slot=7|gap=42|depth=12|nodes=534197|legal=37|probs=cap=80,mcap=280,p=0.5,cls=opening,legal=37,accN=8,bandN=0,gaps=1:0,2:20,3:20,4:26,5:30,6:41,7:42,8:12
GM|1|M0-INIT-C0-R1|48|side=1|cfg=T_RUKN|kind=builtin|move=h8f7|hit=builtin|slot=-|gap=-|depth=2|nodes=918|legal=12|probs=rand=45
GM|1|M0-INIT-C0-R1|49|side=-1|cfg=T_YOU|kind=undefined|move=g2e3|hit=cap|slot=8|gap=77|depth=13|nodes=605504|legal=38|probs=cap=80,mcap=280,p=0.5,cls=opening,legal=38,accN=8,bandN=0,gaps=1:0,2:20,3:38,4:40,5:45,6:52,7:57,8:77
GM|1|M0-INIT-C0-R1|50|side=1|cfg=T_RUKN|kind=builtin|move=c5c4|hit=builtin|slot=-|gap=-|depth=2|nodes=1134|legal=18|probs=rand=45
GM|1|M0-INIT-C0-R1|51|side=-1|cfg=T_YOU|kind=undefined|move=g4g5|hit=bmiss|slot=8|gap=27|depth=12|nodes=558669|legal=32|probs=cap=80,mcap=280,p=0.5,cls=opening,legal=32,accN=8,bandN=0,gaps=1:0,2:1,3:14,4:15,5:12,6:14,7:22,8:27,band=0
GM|1|M0-INIT-C0-R1|52|side=1|cfg=T_RUKN|kind=builtin|move=a6c5|hit=builtin|slot=-|gap=-|depth=2|nodes=1483|legal=21|probs=rand=45
GM|1|M0-INIT-C0-R1|53|side=-1|cfg=T_YOU|kind=undefined|move=e3c4|hit=cap|slot=8|gap=29|depth=12|nodes=530285|legal=35|probs=cap=80,mcap=280,p=0.5,cls=opening,legal=35,accN=8,bandN=0,gaps=1:0,2:3,3:15,4:24,5:11,6:15,7:23,8:29
GM|1|M0-INIT-C0-R1|54|side=1|cfg=T_RUKN|kind=builtin|move=c9a7|hit=builtin|slot=-|gap=-|depth=2|nodes=1447|legal=17|probs=rand=45
GM|1|M0-INIT-C0-R1|55|side=-1|cfg=T_YOU|kind=undefined|move=g5h5|hit=bmiss|slot=8|gap=21|depth=13|nodes=565771|legal=42|probs=cap=80,mcap=280,p=0.5,cls=opening,legal=42,accN=8,bandN=0,gaps=1:0,2:2,3:13,4:14,5:14,6:16,7:18,8:21,band=0
GM|1|M0-INIT-C0-R1|56|side=1|cfg=T_RUKN|kind=builtin|move=c5a4|hit=builtin|slot=-|gap=-|depth=2|nodes=1308|legal=16|probs=rand=45
GM|1|M0-INIT-C0-R1|57|side=-1|cfg=T_YOU|kind=undefined|move=i3g3|hit=rand|slot=8|gap=131|depth=14|nodes=582056|legal=41|probs=cap=80,mcap=280,p=0.5,cls=opening,legal=41,accN=3,bandN=5,gaps=1:0,2:60,3:74,4:97,5:112,6:112,7:120,8:131,wouldBe=3,agap=131
GM|1|M0-INIT-C0-R1|58|side=1|cfg=T_RUKN|kind=builtin|move=g9i7|hit=builtin|slot=-|gap=-|depth=2|nodes=1422|legal=16|probs=rand=45
GM|1|M0-INIT-C0-R1|59|side=-1|cfg=T_YOU|kind=undefined|move=g3b3|hit=cap|slot=3|gap=69|depth=12|nodes=591314|legal=45|probs=cap=80,mcap=280,p=0.5,cls=opening,legal=45,accN=3,bandN=5,gaps=1:0,2:29,3:69,4:138,5:140,6:142,7:156,8:167
GM|1|M0-INIT-C0-R1|60|side=1|cfg=T_RUKN|kind=builtin|move=i7g9|hit=builtin|slot=-|gap=-|depth=2|nodes=1519|legal=17|probs=rand=45
GM|1|M0-INIT-C0-R1|61|side=-1|cfg=T_YOU|kind=undefined|move=b3b9|hit=above|slot=1|gap=0|depth=13|nodes=618806|legal=46|probs=cap=80,mcap=280,p=0.5,cls=opening,legal=46,accN=1,bandN=0,gaps=1:0,2:98870,3:98878,4:98897,5:98903,6:98906,7:98928,8:98933
GM|1|M0-INIT-C0-R1|62|side=1|cfg=T_RUKN|kind=builtin|move=a7c9|hit=builtin|slot=-|gap=-|depth=2|nodes=81|legal=1|probs=rand=45
GM|1|M0-INIT-C0-R1|63|side=-1|cfg=T_YOU|kind=undefined|move=b9c9|hit=above|slot=1|gap=0|depth=12|nodes=596545|legal=40|probs=cap=80,mcap=280,p=0.5,cls=opening,legal=40,accN=1,bandN=1,gaps=1:0,2:100,3:98630,4:98920,5:98968,6:98994,7:99019,8:99020
GE|1|M0-INIT-C0-R1|END|winner=hi|reason=%E5%B0%86%E6%AD%BB|plies=63|tierMoves=32|invalid=0|crit=0|hiSide=1|stats=T_YOU:n=32,rand=5,cap=10,above=4,bmiss=13,gapMean=49,gapMax=204;T_RUKN:n=31,rand=0,cap=0,above=0,bmiss=0,gapMean=0,gapMax=0
PROG|1|M0-INIT-C0-R1
G|1|M0-MG_QT05-C1-R1|START|pos=MG_QT05|pair=%E4%B8%9A%E4%BD%99_vs_%E5%85%A5%E9%97%A8|hi=T_YOU|lo=T_RUKN|hiFirst=1|fen=1nbak3r/4an3/c3b2c1/p4C2p/2p3p2/9/P1P1P1P1P/2N3C1N/9/2BAKABR1 b - - 0 1
GM|1|M0-MG_QT05-C1-R1|1|side=1|cfg=T_RUKN|kind=builtin|move=i9i7|hit=builtin|slot=-|gap=-|depth=2|nodes=1524|legal=33|probs=rand=45
GM|1|M0-MG_QT05-C1-R1|2|side=-1|cfg=T_YOU|kind=undefined|move=e3e4|hit=cap|slot=8|gap=22|depth=13|nodes=592320|legal=41|probs=cap=80,mcap=280,p=0.5,cls=normal,legal=41,accN=8,bandN=0,gaps=1:0,2:4,3:5,4:15,5:17,6:19,7:20,8:22
GM|1|M0-MG_QT05-C1-R1|3|side=1|cfg=T_RUKN|kind=builtin|move=a6a5|hit=builtin|slot=-|gap=-|depth=2|nodes=1543|legal=29|probs=rand=45
GM|1|M0-MG_QT05-C1-R1|4|side=-1|cfg=T_YOU|kind=undefined|move=g2d2|hit=bmiss|slot=8|gap=37|depth=11|nodes=546946|legal=43|probs=cap=80,mcap=280,p=0.5,cls=normal,legal=43,accN=8,bandN=0,gaps=1:0,2:15,3:16,4:16,5:22,6:35,7:26,8:37,band=0
GM|1|M0-MG_QT05-C1-R1|5|side=1|cfg=T_RUKN|kind=builtin|move=g5g4|hit=builtin|slot=-|gap=-|depth=2|nodes=1522|legal=30|probs=rand=45
GM|1|M0-MG_QT05-C1-R1|6|side=-1|cfg=T_YOU|kind=undefined|move=d0e1|hit=rand|slot=8|gap=92|depth=12|nodes=589982|legal=46|probs=cap=80,mcap=280,p=0.5,cls=normal,legal=46,accN=5,bandN=3,gaps=1:0,2:19,3:23,4:69,5:71,6:85,7:85,8:92,wouldBe=5,agap=92
GM|1|M0-MG_QT05-C1-R1|7|side=1|cfg=T_RUKN|kind=builtin|move=b9c7|hit=builtin|slot=-|gap=-|depth=2|nodes=1506|legal=32|probs=rand=45
GM|1|M0-MG_QT05-C1-R1|8|side=-1|cfg=T_YOU|kind=undefined|move=f6f2|hit=rand|slot=7|gap=100|depth=13|nodes=595271|legal=48|probs=cap=80,mcap=280,p=0.5,cls=normal,legal=48,accN=6,bandN=2,gaps=1:0,2:27,3:40,4:44,5:63,6:74,7:100,8:123,wouldBe=6,agap=100
GM|1|M0-MG_QT05-C1-R1|9|side=1|cfg=T_RUKN|kind=builtin|move=i7i9|hit=builtin|slot=-|gap=-|depth=2|nodes=1506|legal=36|probs=rand=45
GM|1|M0-MG_QT05-C1-R1|10|side=-1|cfg=T_YOU|kind=undefined|move=h0h3|hit=rand|slot=7|gap=82|depth=12|nodes=636834|legal=40|probs=cap=80,mcap=280,p=0.5,cls=normal,legal=40,accN=6,bandN=2,gaps=1:0,2:11,3:12,4:13,5:58,6:72,7:82,8:96,wouldBe=6,agap=82
GM|1|M0-MG_QT05-C1-R1|11|side=1|cfg=T_RUKN|kind=builtin|move=i9h9|hit=builtin|slot=-|gap=-|depth=2|nodes=1524|legal=37|probs=rand=45
GM|1|M0-MG_QT05-C1-R1|12|side=-1|cfg=T_YOU|kind=undefined|move=g0e2|hit=cap|slot=3|gap=48|depth=13|nodes=722995|legal=40|probs=cap=80,mcap=280,p=0.5,cls=normal,legal=40,accN=3,bandN=5,gaps=1:0,2:4,3:48,4:103,5:113,6:115,7:126,8:125
GM|1|M0-MG_QT05-C1-R1|13|side=1|cfg=T_RUKN|kind=builtin|move=c7b9|hit=builtin|slot=-|gap=-|depth=2|nodes=1501|legal=34|probs=rand=45
GM|1|M0-MG_QT05-C1-R1|14|side=-1|cfg=T_YOU|kind=undefined|move=i3i4|hit=bmiss|slot=8|gap=80|depth=13|nodes=613507|legal=39|probs=cap=80,mcap=280,p=0.5,cls=normal,legal=39,accN=8,bandN=0,gaps=1:0,2:23,3:23,4:24,5:36,6:75,7:79,8:80,band=0
GM|1|M0-MG_QT05-C1-R1|15|side=1|cfg=T_RUKN|kind=builtin|move=a7c7|hit=builtin|slot=-|gap=-|depth=2|nodes=1541|legal=31|probs=rand=45
GM|1|M0-MG_QT05-C1-R1|16|side=-1|cfg=T_YOU|kind=undefined|move=d2d5|hit=cap|slot=6|gap=54|depth=12|nodes=613527|legal=41|probs=cap=80,mcap=280,p=0.5,cls=normal,legal=41,accN=6,bandN=2,gaps=1:0,2:21,3:29,4:37,5:41,6:54,7:87,8:106
GM|1|M0-MG_QT05-C1-R1|17|side=1|cfg=T_RUKN|kind=builtin|move=h9f9|hit=builtin|slot=-|gap=-|depth=2|nodes=1542|legal=31|probs=rand=45
GM|1|M0-MG_QT05-C1-R1|18|side=-1|cfg=T_YOU|kind=undefined|move=d5f5|hit=rand|slot=2|gap=259|depth=12|nodes=578326|legal=50|probs=cap=80,mcap=280,p=0.5,cls=normal,legal=50,accN=1,bandN=2,gaps=1:0,2:259,3:275,4:397,5:369,6:374,7:378,8:385,wouldBe=1,agap=259
GM|1|M0-MG_QT05-C1-R1|19|side=1|cfg=T_RUKN|kind=builtin|move=f9g9|hit=builtin|slot=-|gap=-|depth=2|nodes=1544|legal=31|probs=rand=45
GM|1|M0-MG_QT05-C1-R1|20|side=-1|cfg=T_YOU|kind=undefined|move=f5e5|hit=rand|slot=4|gap=255|depth=14|nodes=617339|legal=43|probs=cap=80,mcap=280,p=0.5,cls=normal,legal=43,accN=2,bandN=3,gaps=1:0,2:51,3:204,4:255,5:271,6:298,7:299,8:315,wouldBe=2,agap=255
GM|1|M0-MG_QT05-C1-R1|21|side=1|cfg=T_RUKN|kind=builtin|move=f8g6|hit=builtin|slot=-|gap=-|depth=2|nodes=1515|legal=32|probs=rand=45
GM|1|M0-MG_QT05-C1-R1|22|side=-1|cfg=T_YOU|kind=undefined|move=g3g4|hit=above|slot=1|gap=0|depth=13|nodes=612147|legal=44|probs=cap=80,mcap=280,p=0.5,cls=normal,legal=44,accN=1,bandN=3,gaps=1:0,2:203,3:245,4:261,5:305,6:318,7:353,8:417
GM|1|M0-MG_QT05-C1-R1|23|side=1|cfg=T_RUKN|kind=builtin|move=g6e5|hit=builtin|slot=-|gap=-|depth=2|nodes=1501|legal=32|probs=rand=45
GM|1|M0-MG_QT05-C1-R1|24|side=-1|cfg=T_YOU|kind=undefined|move=e4e5|hit=bmiss|slot=1|gap=0|depth=13|nodes=638995|legal=41|probs=cap=80,mcap=280,p=0.5,cls=normal,legal=41,accN=1,bandN=0,gaps=1:0,2:290,3:374,4:431,5:452,6:475,7:478,8:493,band=0
GM|1|M0-MG_QT05-C1-R1|25|side=1|cfg=T_RUKN|kind=builtin|move=h7h9|hit=builtin|slot=-|gap=-|depth=2|nodes=1528|legal=32|probs=rand=45
GM|1|M0-MG_QT05-C1-R1|26|side=-1|cfg=T_YOU|kind=undefined|move=h3h4|hit=cap|slot=8|gap=56|depth=12|nodes=534040|legal=45|probs=cap=80,mcap=280,p=0.5,cls=normal,legal=45,accN=8,bandN=0,gaps=1:0,2:21,3:36,4:38,5:46,6:46,7:46,8:56
GM|1|M0-MG_QT05-C1-R1|27|side=1|cfg=T_RUKN|kind=builtin|move=g9f9|hit=builtin|slot=-|gap=-|depth=2|nodes=1528|legal=27|probs=rand=45
GM|1|M0-MG_QT05-C1-R1|28|side=-1|cfg=T_YOU|kind=undefined|move=e5e6|hit=rand|slot=7|gap=137|depth=13|nodes=510780|legal=38|probs=cap=80,mcap=280,p=0.5,cls=normal,legal=38,accN=3,bandN=5,gaps=1:0,2:26,3:31,4:85,5:96,6:102,7:137,8:140,wouldBe=3,agap=137
GM|1|M0-MG_QT05-C1-R1|29|side=1|cfg=T_RUKN|kind=builtin|move=f9f2|hit=builtin|slot=-|gap=-|depth=2|nodes=1520|legal=29|probs=rand=45
GM|1|M0-MG_QT05-C1-R1|30|side=-1|cfg=T_YOU|kind=undefined|move=e1f2|hit=above|slot=1|gap=0|depth=13|nodes=593948|legal=30|probs=cap=0,mcap=700,p=0.5,cls=hard,legal=30,accN=1,bandN=1,gaps=1:0,2:506,3:732,4:742,5:755,6:769,7:792,8:798
GM|1|M0-MG_QT05-C1-R1|31|side=1|cfg=T_RUKN|kind=builtin|move=h9f9|hit=builtin|slot=-|gap=-|depth=2|nodes=1490|legal=24|probs=rand=45
GM|1|M0-MG_QT05-C1-R1|32|side=-1|cfg=T_YOU|kind=undefined|move=h4h3|hit=bmiss|slot=5|gap=35|depth=12|nodes=491664|legal=31|probs=cap=80,mcap=280,p=0.5,cls=normal,legal=31,accN=8,bandN=0,gaps=1:0,2:2,3:10,4:14,5:35,6:25,7:27,8:30,band=0
GM|1|M0-MG_QT05-C1-R1|33|side=1|cfg=T_RUKN|kind=builtin|move=i6i5|hit=builtin|slot=-|gap=-|depth=2|nodes=1536|legal=25|probs=rand=45
GM|1|M0-MG_QT05-C1-R1|34|side=-1|cfg=T_YOU|kind=undefined|move=c0a2|hit=bmiss|slot=8|gap=28|depth=13|nodes=545543|legal=37|probs=cap=80,mcap=280,p=0.5,cls=normal,legal=37,accN=8,bandN=0,gaps=1:0,2:0,3:13,4:14,5:24,6:27,7:27,8:28,band=0
GM|1|M0-MG_QT05-C1-R1|35|side=1|cfg=T_RUKN|kind=builtin|move=c7c3|hit=builtin|slot=-|gap=-|depth=2|nodes=1537|legal=25|probs=rand=45
GM|1|M0-MG_QT05-C1-R1|36|side=-1|cfg=T_YOU|kind=undefined|move=e2g0|hit=cap|slot=8|gap=44|depth=12|nodes=577359|legal=39|probs=cap=80,mcap=280,p=0.5,cls=normal,legal=39,accN=8,bandN=0,gaps=1:0,2:4,3:12,4:19,5:25,6:34,7:36,8:44
GM|1|M0-MG_QT05-C1-R1|37|side=1|cfg=T_RUKN|kind=builtin|move=b9a7|hit=builtin|slot=-|gap=-|depth=2|nodes=1533|legal=26|probs=rand=45
GM|1|M0-MG_QT05-C1-R1|38|side=-1|cfg=T_YOU|kind=undefined|move=h3d3|hit=bmiss|slot=8|gap=61|depth=12|nodes=526160|legal=37|probs=cap=80,mcap=280,p=0.5,cls=normal,legal=37,accN=8,bandN=0,gaps=1:0,2:30,3:33,4:40,5:44,6:52,7:54,8:61,band=0
GM|1|M0-MG_QT05-C1-R1|39|side=1|cfg=T_RUKN|kind=builtin|move=e8f7|hit=builtin|slot=-|gap=-|depth=2|nodes=1537|legal=23|probs=rand=45
GM|1|M0-MG_QT05-C1-R1|40|side=-1|cfg=T_YOU|kind=undefined|move=g0e2|hit=cap|slot=8|gap=30|depth=12|nodes=522713|legal=37|probs=cap=80,mcap=280,p=0.5,cls=normal,legal=37,accN=8,bandN=0,gaps=1:0,2:5,3:12,4:22,5:22,6:22,7:27,8:30
GM|1|M0-MG_QT05-C1-R1|41|side=1|cfg=T_RUKN|kind=builtin|move=f9i9|hit=builtin|slot=-|gap=-|depth=2|nodes=1469|legal=19|probs=rand=45
GM|1|M0-MG_QT05-C1-R1|42|side=-1|cfg=T_YOU|kind=undefined|move=e2g0|hit=cap|slot=8|gap=62|depth=12|nodes=467865|legal=38|probs=cap=80,mcap=280,p=0.5,cls=normal,legal=38,accN=8,bandN=0,gaps=1:0,2:24,3:33,4:40,5:41,6:45,7:48,8:62
GM|1|M0-MG_QT05-C1-R1|43|side=1|cfg=T_RUKN|kind=builtin|move=i9g9|hit=builtin|slot=-|gap=-|depth=2|nodes=1537|legal=22|probs=rand=45
GM|1|M0-MG_QT05-C1-R1|44|side=-1|cfg=T_YOU|kind=undefined|move=e6e7|hit=bmiss|slot=8|gap=52|depth=12|nodes=530320|legal=37|probs=cap=80,mcap=280,p=0.5,cls=normal,legal=37,accN=8,bandN=0,gaps=1:0,2:19,3:23,4:30,5:34,6:40,7:43,8:52,band=0
GM|1|M0-MG_QT05-C1-R1|45|side=1|cfg=T_RUKN|kind=builtin|move=g9g0|hit=builtin|slot=-|gap=-|depth=2|nodes=1443|legal=21|probs=rand=45
GM|1|M0-MG_QT05-C1-R1|46|side=-1|cfg=T_YOU|kind=undefined|move=f0e1|hit=cap|slot=2|gap=28|depth=15|nodes=497917|legal=2|probs=cap=80,mcap=280,p=0.5,cls=normal,legal=2,accN=2,bandN=0,gaps=1:0,2:28
GM|1|M0-MG_QT05-C1-R1|47|side=1|cfg=T_RUKN|kind=builtin|move=i5i4|hit=builtin|slot=-|gap=-|depth=2|nodes=1353|legal=19|probs=rand=45
GM|1|M0-MG_QT05-C1-R1|48|side=-1|cfg=T_YOU|kind=undefined|move=e7f7|hit=above|slot=1|gap=0|depth=12|nodes=572384|legal=34|probs=cap=80,mcap=280,p=0.5,cls=normal,legal=34,accN=1,bandN=7,gaps=1:0,2:124,3:126,4:132,5:138,6:148,7:149,8:158
GM|1|M0-MG_QT05-C1-R1|49|side=1|cfg=T_RUKN|kind=builtin|move=i4i3|hit=builtin|slot=-|gap=-|depth=2|nodes=1314|legal=20|probs=rand=45
GM|1|M0-MG_QT05-C1-R1|50|side=-1|cfg=T_YOU|kind=undefined|move=f7f8|hit=above|slot=1|gap=0|depth=14|nodes=605261|legal=31|probs=cap=0,mcap=700,p=0.5,cls=hard,legal=31,accN=1,bandN=0,gaps=1:0,2:98289,3:98367,4:98393,5:98393,6:98445,7:98499,8:98513
GM|1|M0-MG_QT05-C1-R1|51|side=1|cfg=T_RUKN|kind=builtin|move=i3i2|hit=builtin|slot=-|gap=-|depth=2|nodes=1140|legal=18|probs=rand=45
GM|1|M0-MG_QT05-C1-R1|52|side=-1|cfg=T_YOU|kind=undefined|move=d3e3|hit=above|slot=1|gap=0|depth=30|nodes=841970|legal=28|probs=cap=80,mcap=280,p=0.5,cls=normal,legal=28,accN=2,bandN=3,gaps=1:0,2:0,3:100,4:100,5:200,6:300,7:300,8:300
GM|1|M0-MG_QT05-C1-R1|53|side=1|cfg=T_RUKN|kind=builtin|move=d9e8|hit=builtin|slot=-|gap=-|depth=2|nodes=104|legal=2|probs=rand=45
GM|1|M0-MG_QT05-C1-R1|54|side=-1|cfg=T_YOU|kind=undefined|move=f8e8|hit=above|slot=1|gap=0|depth=32|nodes=882510|legal=26|probs=cap=80,mcap=280,p=0.5,cls=normal,legal=26,accN=1,bandN=1,gaps=1:0,2:200,3:400,4:400,5:400,6:400,7:400,8:400
GM|1|M0-MG_QT05-C1-R1|55|side=1|cfg=T_RUKN|kind=builtin|move=e9d9|hit=builtin|slot=-|gap=-|depth=2|nodes=100|legal=2|probs=rand=45
GM|1|M0-MG_QT05-C1-R1|56|side=-1|cfg=T_YOU|kind=undefined|move=e3d3|hit=above|slot=1|gap=0|depth=245|nodes=824350|legal=24|probs=cap=80,mcap=280,p=0.5,cls=normal,legal=24,accN=1,bandN=7,gaps=1:0,2:200,3:200,4:200,5:200,6:200,7:200,8:200
GE|1|M0-MG_QT05-C1-R1|END|winner=hi|reason=%E5%B0%86%E6%AD%BB|plies=56|tierMoves=28|invalid=0|crit=0|hiSide=1|stats=T_RUKN:n=28,rand=0,cap=0,above=0,bmiss=0,gapMean=0,gapMax=0;T_YOU:n=28,rand=6,cap=8,above=7,bmiss=7,gapMean=56,gapMax=259
PROG|1|M0-MG_QT05-C1-R1
G|1|M1-MG_QT05-C0-R1|START|pos=MG_QT05|pair=%E8%BF%9B%E9%98%B6_vs_%E4%B8%9A%E4%BD%99|hi=T_JIN|lo=T_YOU|hiFirst=0|fen=1nbak3r/4an3/c3b2c1/p4C2p/2p3p2/9/P1P1P1P1P/2N3C1N/9/2BAKABR1 b - - 0 1
GM|1|M1-MG_QT05-C0-R1|1|side=1|cfg=T_JIN|kind=undefined|move=f8e6|hit=cap|slot=8|gap=53|depth=13|nodes=605495|legal=33|probs=cap=80,mcap=280,p=0,cls=normal,legal=33,accN=8,bandN=0,gaps=1:0,2:10,3:19,4:21,5:26,6:33,7:47,8:53
GM|1|M1-MG_QT05-C0-R1|2|side=-1|cfg=T_YOU|kind=undefined|move=g0e2|hit=cap|slot=8|gap=69|depth=12|nodes=529717|legal=40|probs=cap=80,mcap=280,p=0.5,cls=normal,legal=40,accN=8,bandN=0,gaps=1:0,2:34,3:35,4:42,5:58,6:60,7:61,8:69
GM|1|M1-MG_QT05-C0-R1|3|side=1|cfg=T_JIN|kind=undefined|move=a6a5|hit=cap|slot=8|gap=52|depth=13|nodes=580901|legal=35|probs=cap=80,mcap=280,p=0,cls=normal,legal=35,accN=8,bandN=0,gaps=1:0,2:24,3:29,4:27,5:29,6:43,7:49,8:52
GM|1|M1-MG_QT05-C0-R1|4|side=-1|cfg=T_YOU|kind=undefined|move=i2g1|hit=bmiss|slot=8|gap=58|depth=12|nodes=619554|legal=40|probs=cap=80,mcap=280,p=0.5,cls=normal,legal=40,accN=8,bandN=0,gaps=1:0,2:3,3:32,4:35,5:40,6:34,7:41,8:58,band=0
GM|1|M1-MG_QT05-C0-R1|5|side=1|cfg=T_JIN|kind=undefined|move=a7b7|hit=cap|slot=8|gap=44|depth=13|nodes=560958|legal=36|probs=cap=80,mcap=280,p=0,cls=normal,legal=36,accN=8,bandN=0,gaps=1:0,2:1,3:19,4:28,5:29,6:33,7:39,8:44
GM|1|M1-MG_QT05-C0-R1|6|side=-1|cfg=T_YOU|kind=undefined|move=i3i4|hit=cap|slot=8|gap=54|depth=12|nodes=591522|legal=40|probs=cap=80,mcap=280,p=0.5,cls=normal,legal=40,accN=8,bandN=0,gaps=1:0,2:3,3:3,4:11,5:13,6:16,7:36,8:54
GM|1|M1-MG_QT05-C0-R1|7|side=1|cfg=T_JIN|kind=undefined|move=i9g9|hit=cap|slot=8|gap=55|depth=14|nodes=637046|legal=42|probs=cap=80,mcap=280,p=0,cls=normal,legal=42,accN=8,bandN=0,gaps=1:0,2:8,3:15,4:31,5:39,6:39,7:41,8:55
GM|1|M1-MG_QT05-C0-R1|8|side=-1|cfg=T_YOU|kind=undefined|move=g2f2|hit=cap|slot=8|gap=60|depth=13|nodes=584788|legal=40|probs=cap=80,mcap=280,p=0.5,cls=normal,legal=40,accN=8,bandN=0,gaps=1:0,2:2,3:3,4:8,5:28,6:30,7:32,8:60
GM|1|M1-MG_QT05-C0-R1|9|side=1|cfg=T_JIN|kind=undefined|move=h7i7|hit=cap|slot=8|gap=54|depth=14|nodes=601704|legal=41|probs=cap=80,mcap=280,p=0,cls=normal,legal=41,accN=8,bandN=0,gaps=1:0,2:13,3:15,4:31,5:32,6:44,7:52,8:54
GM|1|M1-MG_QT05-C0-R1|10|side=-1|cfg=T_YOU|kind=undefined|move=f6f3|hit=cap|slot=8|gap=48|depth=13|nodes=598603|legal=45|probs=cap=80,mcap=280,p=0.5,cls=normal,legal=45,accN=8,bandN=0,gaps=1:0,2:1,3:12,4:19,5:25,6:32,7:46,8:48
GM|1|M1-MG_QT05-C0-R1|11|side=1|cfg=T_JIN|kind=undefined|move=b9a7|hit=cap|slot=8|gap=32|depth=14|nodes=601456|legal=37|probs=cap=80,mcap=280,p=0,cls=normal,legal=37,accN=8,bandN=0,gaps=1:0,2:9,3:17,4:20,5:23,6:27,7:29,8:32
GM|1|M1-MG_QT05-C0-R1|12|side=-1|cfg=T_YOU|kind=undefined|move=h0h1|hit=bmiss|slot=8|gap=35|depth=12|nodes=594939|legal=38|probs=cap=80,mcap=280,p=0.5,cls=normal,legal=38,accN=8,bandN=0,gaps=1:0,2:13,3:13,4:13,5:26,6:31,7:33,8:35,band=0
GM|1|M1-MG_QT05-C0-R1|13|side=1|cfg=T_JIN|kind=undefined|move=b7b5|hit=cap|slot=8|gap=29|depth=12|nodes=568966|legal=36|probs=cap=80,mcap=280,p=0,cls=normal,legal=36,accN=8,bandN=0,gaps=1:0,2:9,3:17,4:18,5:24,6:25,7:28,8:29
GM|1|M1-MG_QT05-C0-R1|14|side=-1|cfg=T_YOU|kind=undefined|move=h1h2|hit=cap|slot=8|gap=46|depth=13|nodes=611062|legal=35|probs=cap=80,mcap=280,p=0.5,cls=normal,legal=35,accN=8,bandN=0,gaps=1:0,2:4,3:11,4:13,5:19,6:29,7:37,8:46
GM|1|M1-MG_QT05-C0-R1|15|side=1|cfg=T_JIN|kind=undefined|move=b5b1|hit=cap|slot=8|gap=29|depth=14|nodes=575655|legal=35|probs=cap=80,mcap=280,p=0,cls=normal,legal=35,accN=8,bandN=0,gaps=1:0,2:2,3:4,4:13,5:17,6:23,7:24,8:29
GM|1|M1-MG_QT05-C0-R1|16|side=-1|cfg=T_YOU|kind=undefined|move=h2h8|hit=cap|slot=8|gap=53|depth=15|nodes=606132|legal=35|probs=cap=80,mcap=280,p=0.5,cls=normal,legal=35,accN=8,bandN=0,gaps=1:0,2:26,3:29,4:30,5:32,6:44,7:49,8:53
GM|1|M1-MG_QT05-C0-R1|17|side=1|cfg=T_JIN|kind=undefined|move=b1b6|hit=cap|slot=8|gap=46|depth=14|nodes=619760|legal=41|probs=cap=80,mcap=280,p=0,cls=normal,legal=41,accN=8,bandN=0,gaps=1:0,2:3,3:11,4:20,5:27,6:31,7:43,8:46
GM|1|M1-MG_QT05-C0-R1|18|side=-1|cfg=T_YOU|kind=undefined|move=d0e1|hit=cap|slot=8|gap=47|depth=13|nodes=583011|legal=40|probs=cap=80,mcap=280,p=0.5,cls=normal,legal=40,accN=8,bandN=0,gaps=1:0,2:20,3:28,4:32,5:36,6:37,7:43,8:47
GM|1|M1-MG_QT05-C0-R1|19|side=1|cfg=T_JIN|kind=undefined|move=b6b8|hit=cap|slot=2|gap=59|depth=13|nodes=606121|legal=39|probs=cap=80,mcap=280,p=0,cls=normal,legal=39,accN=8,bandN=0,gaps=1:0,2:59,3:17,4:29,5:29,6:39,7:47,8:56
GM|1|M1-MG_QT05-C0-R1|20|side=-1|cfg=T_YOU|kind=undefined|move=h8h2|hit=cap|slot=7|gap=67|depth=13|nodes=575047|legal=40|probs=cap=80,mcap=280,p=0.5,cls=normal,legal=40,accN=8,bandN=0,gaps=1:0,2:4,3:14,4:27,5:61,6:64,7:67,8:66
GM|1|M1-MG_QT05-C0-R1|21|side=1|cfg=T_JIN|kind=undefined|move=i7i4|hit=cap|slot=7|gap=50|depth=13|nodes=620950|legal=39|probs=cap=80,mcap=280,p=0,cls=normal,legal=39,accN=8,bandN=0,gaps=1:0,2:2,3:5,4:33,5:44,6:46,7:50,8:41
GM|1|M1-MG_QT05-C0-R1|22|side=-1|cfg=T_YOU|kind=undefined|move=h2h3|hit=bmiss|slot=8|gap=51|depth=14|nodes=567568|legal=35|probs=cap=80,mcap=280,p=0.5,cls=normal,legal=35,accN=8,bandN=0,gaps=1:0,2:21,3:22,4:34,5:38,6:44,7:47,8:51,band=0
GM|1|M1-MG_QT05-C0-R1|23|side=1|cfg=T_JIN|kind=undefined|move=i4b4|hit=cap|slot=8|gap=21|depth=12|nodes=575121|legal=46|probs=cap=80,mcap=280,p=0,cls=normal,legal=46,accN=8,bandN=0,gaps=1:0,2:8,3:11,4:12,5:16,6:19,7:19,8:21
GM|1|M1-MG_QT05-C0-R1|24|side=-1|cfg=T_YOU|kind=undefined|move=g1i0|hit=bmiss|slot=8|gap=75|depth=14|nodes=618793|legal=35|probs=cap=80,mcap=280,p=0.5,cls=normal,legal=35,accN=8,bandN=0,gaps=1:0,2:1,3:6,4:54,5:58,6:64,7:66,8:75,band=0
GM|1|M1-MG_QT05-C0-R1|25|side=1|cfg=T_JIN|kind=undefined|move=b4b5|hit=cap|slot=7|gap=40|depth=13|nodes=662099|legal=43|probs=cap=80,mcap=280,p=0,cls=normal,legal=43,accN=8,bandN=0,gaps=1:0,2:36,3:36,4:29,5:38,6:38,7:40,8:40
GM|1|M1-MG_QT05-C0-R1|26|side=-1|cfg=T_YOU|kind=undefined|move=h3h1|hit=cap|slot=7|gap=75|depth=12|nodes=604173|legal=35|probs=cap=80,mcap=280,p=0.5,cls=normal,legal=35,accN=7,bandN=1,gaps=1:0,2:10,3:13,4:20,5:41,6:59,7:75,8:95
GM|1|M1-MG_QT05-C0-R1|27|side=1|cfg=T_JIN|kind=undefined|move=b8d8|hit=cap|slot=8|gap=60|depth=12|nodes=595229|legal=33|probs=cap=80,mcap=280,p=0,cls=normal,legal=33,accN=8,bandN=0,gaps=1:0,2:17,3:24,4:29,5:36,6:41,7:47,8:60
GM|1|M1-MG_QT05-C0-R1|28|side=-1|cfg=T_YOU|kind=undefined|move=h1h0|hit=cap|slot=7|gap=64|depth=13|nodes=572859|legal=37|probs=cap=80,mcap=280,p=0.5,cls=normal,legal=37,accN=8,bandN=0,gaps=1:0,2:6,3:20,4:24,5:62,6:62,7:64,8:64
GM|1|M1-MG_QT05-C0-R1|29|side=1|cfg=T_JIN|kind=undefined|move=b5b3|hit=cap|slot=8|gap=40|depth=12|nodes=587679|legal=40|probs=cap=80,mcap=280,p=0,cls=normal,legal=40,accN=8,bandN=0,gaps=1:0,2:26,3:29,4:32,5:32,6:34,7:35,8:40
GM|1|M1-MG_QT05-C0-R1|30|side=-1|cfg=T_YOU|kind=undefined|move=h0h5|hit=rand|slot=7|gap=114|depth=13|nodes=655592|legal=34|probs=cap=80,mcap=280,p=0.5,cls=normal,legal=34,accN=3,bandN=5,gaps=1:0,2:13,3:80,4:85,5:110,6:112,7:114,8:114,wouldBe=3,agap=114
GM|1|M1-MG_QT05-C0-R1|31|side=1|cfg=T_JIN|kind=undefined|move=d8a8|hit=cap|slot=7|gap=79|depth=13|nodes=632952|legal=42|probs=cap=80,mcap=280,p=0,cls=normal,legal=42,accN=7,bandN=1,gaps=1:0,2:27,3:38,4:56,5:74,6:78,7:79,8:87
GM|1|M1-MG_QT05-C0-R1|32|side=-1|cfg=T_YOU|kind=undefined|move=i0h2|hit=cap|slot=2|gap=18|depth=12|nodes=646992|legal=36|probs=cap=80,mcap=280,p=0.5,cls=normal,legal=36,accN=3,bandN=5,gaps=1:0,2:18,3:18,4:97,5:98,6:101,7:113,8:128
GM|1|M1-MG_QT05-C0-R1|33|side=1|cfg=T_JIN|kind=undefined|move=i6i5|hit=cap|slot=8|gap=54|depth=13|nodes=624158|legal=34|probs=cap=80,mcap=280,p=0,cls=normal,legal=34,accN=8,bandN=0,gaps=1:0,2:27,3:41,4:41,5:47,6:50,7:45,8:54
GM|1|M1-MG_QT05-C0-R1|34|side=-1|cfg=T_YOU|kind=undefined|move=h5h7|hit=cap|slot=7|gap=60|depth=13|nodes=604968|legal=34|probs=cap=80,mcap=280,p=0.5,cls=normal,legal=34,accN=7,bandN=1,gaps=1:0,2:1,3:6,4:6,5:26,6:50,7:60,8:90
GM|1|M1-MG_QT05-C0-R1|35|side=1|cfg=T_JIN|kind=undefined|move=g5g4|hit=cap|slot=6|gap=58|depth=12|nodes=587347|legal=34|probs=cap=80,mcap=280,p=0,cls=normal,legal=34,accN=8,bandN=0,gaps=1:0,2:28,3:37,4:37,5:49,6:58,7:52,8:52
GM|1|M1-MG_QT05-C0-R1|36|side=-1|cfg=T_YOU|kind=undefined|move=f3f5|hit=rand|slot=6|gap=218|depth=13|nodes=644017|legal=36|probs=cap=80,mcap=280,p=0.5,cls=normal,legal=36,accN=3,bandN=3,gaps=1:0,2:27,3:31,4:98,5:190,6:218,7:304,8:363,wouldBe=3,agap=218
GM|1|M1-MG_QT05-C0-R1|37|side=1|cfg=T_JIN|kind=undefined|move=g4g3|hit=above|slot=1|gap=0|depth=13|nodes=646121|legal=39|probs=cap=80,mcap=280,p=0,cls=normal,legal=39,accN=1,bandN=7,gaps=1:0,2:103,3:113,4:122,5:176,6:177,7:188,8:201
GM|1|M1-MG_QT05-C0-R1|38|side=-1|cfg=T_YOU|kind=undefined|move=h7h4|hit=cap|slot=3|gap=78|depth=12|nodes=619938|legal=44|probs=cap=80,mcap=280,p=0.5,cls=normal,legal=44,accN=3,bandN=5,gaps=1:0,2:65,3:78,4:110,5:111,6:116,7:119,8:160
GM|1|M1-MG_QT05-C0-R1|39|side=1|cfg=T_JIN|kind=undefined|move=c5c4|hit=cap|slot=3|gap=56|depth=14|nodes=602056|legal=40|probs=cap=80,mcap=280,p=0,cls=normal,legal=40,accN=3,bandN=5,gaps=1:0,2:27,3:56,4:137,5:141,6:154,7:172,8:186
GM|1|M1-MG_QT05-C0-R1|40|side=-1|cfg=T_YOU|kind=undefined|move=h4c4|hit=cap|slot=3|gap=43|depth=11|nodes=577920|legal=47|probs=cap=80,mcap=280,p=0.5,cls=normal,legal=47,accN=3,bandN=5,gaps=1:0,2:37,3:43,4:88,5:102,6:89,7:89,8:105
GM|1|M1-MG_QT05-C0-R1|41|side=1|cfg=T_JIN|kind=undefined|move=g3g2|hit=cap|slot=2|gap=18|depth=13|nodes=593146|legal=41|probs=cap=80,mcap=280,p=0,cls=normal,legal=41,accN=2,bandN=6,gaps=1:0,2:18,3:171,4:180,5:181,6:182,7:218,8:237
GM|1|M1-MG_QT05-C0-R1|42|side=-1|cfg=T_YOU|kind=undefined|move=f5e5|hit=rand|slot=8|gap=84|depth=11|nodes=597798|legal=43|probs=cap=80,mcap=280,p=0.5,cls=normal,legal=43,accN=7,bandN=1,gaps=1:0,2:27,3:29,4:34,5:46,6:74,7:76,8:84,wouldBe=7,agap=84
GM|1|M1-MG_QT05-C0-R1|43|side=1|cfg=T_JIN|kind=undefined|move=b3b6|hit=cap|slot=7|gap=70|depth=12|nodes=532686|legal=41|probs=cap=80,mcap=280,p=0,cls=normal,legal=41,accN=7,bandN=1,gaps=1:0,2:47,3:62,4:68,5:68,6:69,7:70,8:100
GM|1|M1-MG_QT05-C0-R1|44|side=-1|cfg=T_YOU|kind=undefined|move=c4h4|hit=rand|slot=6|gap=85|depth=11|nodes=526570|legal=44|probs=cap=80,mcap=280,p=0.5,cls=normal,legal=44,accN=6,bandN=2,gaps=1:0,2:52,3:55,4:55,5:64,6:85,7:92,8:69,wouldBe=8,agap=85
GM|1|M1-MG_QT05-C0-R1|45|side=1|cfg=T_JIN|kind=undefined|move=a5a4|hit=cap|slot=5|gap=78|depth=12|nodes=554961|legal=43|probs=cap=80,mcap=280,p=0,cls=normal,legal=43,accN=5,bandN=3,gaps=1:0,2:5,3:46,4:67,5:78,6:81,7:85,8:101
GM|1|M1-MG_QT05-C0-R1|46|side=-1|cfg=T_YOU|kind=undefined|move=f2f3|hit=bmiss|slot=7|gap=51|depth=12|nodes=514094|legal=48|probs=cap=80,mcap=280,p=0.5,cls=normal,legal=48,accN=8,bandN=0,gaps=1:0,2:11,3:16,4:16,5:24,6:34,7:51,8:51,band=0
GM|1|M1-MG_QT05-C0-R1|47|side=1|cfg=T_JIN|kind=undefined|move=b6c6|hit=cap|slot=5|gap=45|depth=12|nodes=557615|legal=44|probs=cap=80,mcap=280,p=0,cls=normal,legal=44,accN=5,bandN=3,gaps=1:0,2:25,3:21,4:28,5:45,6:97,7:99,8:207
GM|1|M1-MG_QT05-C0-R1|48|side=-1|cfg=T_YOU|kind=undefined|move=e3e4|hit=cap|slot=4|gap=59|depth=11|nodes=538717|legal=51|probs=cap=80,mcap=280,p=0.5,cls=normal,legal=51,accN=4,bandN=4,gaps=1:0,2:24,3:53,4:59,5:110,6:89,7:116,8:119
GM|1|M1-MG_QT05-C0-R1|49|side=1|cfg=T_JIN|kind=undefined|move=a8b8|hit=cap|slot=4|gap=76|depth=12|nodes=527000|legal=39|probs=cap=80,mcap=280,p=0,cls=normal,legal=39,accN=4,bandN=4,gaps=1:0,2:29,3:31,4:76,5:89,6:110,7:127,8:148
GM|1|M1-MG_QT05-C0-R1|50|side=-1|cfg=T_YOU|kind=undefined|move=f3d3|hit=cap|slot=5|gap=74|depth=13|nodes=520177|legal=47|probs=cap=80,mcap=280,p=0.5,cls=normal,legal=47,accN=5,bandN=3,gaps=1:0,2:14,3:55,4:69,5:74,6:101,7:114,8:116
GM|1|M1-MG_QT05-C0-R1|51|side=1|cfg=T_JIN|kind=undefined|move=b8b4|hit=cap|slot=5|gap=80|depth=13|nodes=509216|legal=48|probs=cap=80,mcap=280,p=0,cls=normal,legal=48,accN=5,bandN=3,gaps=1:0,2:4,3:26,4:73,5:80,6:89,7:90,8:103
GM|1|M1-MG_QT05-C0-R1|52|side=-1|cfg=T_YOU|kind=undefined|move=c3c4|hit=cap|slot=2|gap=12|depth=11|nodes=506052|legal=47|probs=cap=80,mcap=280,p=0.5,cls=normal,legal=47,accN=2,bandN=6,gaps=1:0,2:12,3:92,4:124,5:130,6:135,7:153,8:171
GM|1|M1-MG_QT05-C0-R1|53|side=1|cfg=T_JIN|kind=undefined|move=g2h2|hit=cap|slot=2|gap=74|depth=12|nodes=603506|legal=44|probs=cap=80,mcap=280,p=0,cls=normal,legal=44,accN=2,bandN=2,gaps=1:0,2:74,3:179,4:191,5:393,6:396,7:401,8:416
GM|1|M1-MG_QT05-C0-R1|54|side=-1|cfg=T_YOU|kind=undefined|move=c2e3|hit=cap|slot=2|gap=77|depth=14|nodes=558369|legal=48|probs=cap=80,mcap=280,p=0.5,cls=normal,legal=48,accN=2,bandN=6,gaps=1:0,2:77,3:124,4:168,5:173,6:174,7:179,8:198
GM|1|M1-MG_QT05-C0-R1|55|side=1|cfg=T_JIN|kind=undefined|move=a7b5|hit=cap|slot=8|gap=68|depth=12|nodes=512008|legal=47|probs=cap=80,mcap=280,p=0,cls=normal,legal=47,accN=8,bandN=0,gaps=1:0,2:13,3:18,4:22,5:30,6:57,7:66,8:68
GM|1|M1-MG_QT05-C0-R1|56|side=-1|cfg=T_YOU|kind=undefined|move=h4h3|hit=bmiss|slot=8|gap=73|depth=12|nodes=541989|legal=37|probs=cap=80,mcap=280,p=0.5,cls=normal,legal=37,accN=8,bandN=0,gaps=1:0,2:47,3:36,4:51,5:58,6:69,7:69,8:73,band=0
GM|1|M1-MG_QT05-C0-R1|57|side=1|cfg=T_JIN|kind=undefined|move=b5c7|hit=cap|slot=8|gap=73|depth=12|nodes=510946|legal=44|probs=cap=80,mcap=280,p=0,cls=normal,legal=44,accN=8,bandN=0,gaps=1:0,2:8,3:0,4:44,5:48,6:52,7:57,8:73
GM|1|M1-MG_QT05-C0-R1|58|side=-1|cfg=T_YOU|kind=undefined|move=h3h7|hit=cap|slot=8|gap=47|depth=11|nodes=516533|legal=39|probs=cap=80,mcap=280,p=0.5,cls=normal,legal=39,accN=8,bandN=0,gaps=1:0,2:12,3:19,4:30,5:13,6:20,7:24,8:47
GM|1|M1-MG_QT05-C0-R1|59|side=1|cfg=T_JIN|kind=undefined|move=c6b6|hit=cap|slot=7|gap=55|depth=11|nodes=535621|legal=45|probs=cap=80,mcap=280,p=0,cls=normal,legal=45,accN=8,bandN=0,gaps=1:0,2:9,3:10,4:24,5:32,6:43,7:55,8:55
GM|1|M1-MG_QT05-C0-R1|60|side=-1|cfg=T_YOU|kind=undefined|move=d3d6|hit=rand|slot=8|gap=94|depth=14|nodes=529524|legal=40|probs=cap=80,mcap=280,p=0.5,cls=normal,legal=40,accN=2,bandN=6,gaps=1:0,2:79,3:88,4:106,5:85,6:86,7:94,8:94,wouldBe=2,agap=94
GM|1|M1-MG_QT05-C0-R1|61|side=1|cfg=T_JIN|kind=undefined|move=a4a3|hit=cap|slot=5|gap=76|depth=11|nodes=501730|legal=42|probs=cap=80,mcap=280,p=0,cls=normal,legal=42,accN=5,bandN=3,gaps=1:0,2:41,3:58,4:70,5:76,6:81,7:107,8:119
GM|1|M1-MG_QT05-C0-R1|62|side=-1|cfg=T_YOU|kind=undefined|move=h7h5|hit=rand|slot=7|gap=92|depth=13|nodes=489764|legal=39|probs=cap=80,mcap=280,p=0.5,cls=normal,legal=39,accN=6,bandN=2,gaps=1:0,2:45,3:49,4:50,5:66,6:69,7:92,8:92,wouldBe=6,agap=92
GM|1|M1-MG_QT05-C0-R1|63|side=1|cfg=T_JIN|kind=undefined|move=g9g5|hit=cap|slot=8|gap=79|depth=12|nodes=508428|legal=44|probs=cap=80,mcap=280,p=0,cls=normal,legal=44,accN=8,bandN=0,gaps=1:0,2:0,3:8,4:15,5:60,6:69,7:75,8:79
GM|1|M1-MG_QT05-C0-R1|64|side=-1|cfg=T_YOU|kind=undefined|move=h5h8|hit=rand|slot=4|gap=213|depth=13|nodes=519947|legal=35|probs=cap=80,mcap=280,p=0.5,cls=normal,legal=35,accN=1,bandN=7,gaps=1:0,2:91,3:198,4:213,5:216,6:236,7:236,8:260,wouldBe=1,agap=213
GM|1|M1-MG_QT05-C0-R1|65|side=1|cfg=T_JIN|kind=undefined|move=b4e4|hit=above|slot=1|gap=0|depth=12|nodes=532955|legal=43|probs=cap=80,mcap=280,p=0,cls=normal,legal=43,accN=1,bandN=7,gaps=1:0,2:148,3:190,4:207,5:221,6:243,7:259,8:262
GM|1|M1-MG_QT05-C0-R1|66|side=-1|cfg=T_YOU|kind=undefined|move=e3c2|hit=cap|slot=8|gap=69|depth=12|nodes=522571|legal=38|probs=cap=80,mcap=280,p=0.5,cls=normal,legal=38,accN=8,bandN=0,gaps=1:0,2:23,3:34,4:36,5:41,6:43,7:67,8:69
GM|1|M1-MG_QT05-C0-R1|67|side=1|cfg=T_JIN|kind=undefined|move=c7d5|hit=cap|slot=7|gap=58|depth=11|nodes=478254|legal=48|probs=cap=80,mcap=280,p=0,cls=normal,legal=48,accN=8,bandN=0,gaps=1:0,2:18,3:26,4:49,5:51,6:54,7:58,8:58
GM|1|M1-MG_QT05-C0-R1|68|side=-1|cfg=T_YOU|kind=undefined|move=h8h4|hit=rand|slot=8|gap=86|depth=12|nodes=499874|legal=27|probs=cap=80,mcap=280,p=0.5,cls=normal,legal=27,accN=7,bandN=1,gaps=1:0,2:26,3:33,4:35,5:48,6:51,7:53,8:86,wouldBe=7,agap=86
GM|1|M1-MG_QT05-C0-R1|69|side=1|cfg=T_JIN|kind=undefined|move=g5e5|hit=above|slot=1|gap=0|depth=13|nodes=510909|legal=44|probs=cap=80,mcap=280,p=0,cls=normal,legal=44,accN=1,bandN=7,gaps=1:0,2:115,3:128,4:186,5:173,6:175,7:193,8:200
GM|1|M1-MG_QT05-C0-R1|70|side=-1|cfg=T_YOU|kind=undefined|move=c2d4|hit=rand|slot=7|gap=117|depth=11|nodes=469856|legal=24|probs=cap=80,mcap=280,p=0.5,cls=normal,legal=24,accN=7,bandN=1,gaps=1:0,2:15,3:19,4:30,5:47,6:67,7:117,8:46,wouldBe=6,agap=117
GM|1|M1-MG_QT05-C0-R1|71|side=1|cfg=T_JIN|kind=undefined|move=i5i4|hit=cap|slot=2|gap=63|depth=12|nodes=517732|legal=35|probs=cap=80,mcap=280,p=0,cls=normal,legal=35,accN=2,bandN=6,gaps=1:0,2:63,3:123,4:107,5:110,6:111,7:113,8:131
GM|1|M1-MG_QT05-C0-R1|72|side=-1|cfg=T_YOU|kind=undefined|move=h4g4|hit=cap|slot=6|gap=80|depth=11|nodes=479322|legal=18|probs=cap=80,mcap=280,p=0.5,cls=normal,legal=18,accN=6,bandN=2,gaps=1:0,2:48,3:70,4:59,5:74,6:80,7:98,8:118
GM|1|M1-MG_QT05-C0-R1|73|side=1|cfg=T_JIN|kind=undefined|move=i4h4|hit=cap|slot=2|gap=52|depth=12|nodes=482157|legal=36|probs=cap=80,mcap=280,p=0,cls=normal,legal=36,accN=2,bandN=6,gaps=1:0,2:52,3:90,4:103,5:104,6:108,7:123,8:140
GM|1|M1-MG_QT05-C0-R1|74|side=-1|cfg=T_YOU|kind=undefined|move=g4g6|hit=rand|slot=3|gap=134|depth=12|nodes=519978|legal=19|probs=cap=80,mcap=280,p=0.5,cls=normal,legal=19,accN=1,bandN=7,gaps=1:0,2:99,3:134,4:135,5:165,6:173,7:188,8:197,wouldBe=1,agap=134
GM|1|M1-MG_QT05-C0-R1|75|side=1|cfg=T_JIN|kind=undefined|move=d5b4|hit=cap|slot=3|gap=58|depth=12|nodes=509228|legal=38|probs=cap=80,mcap=280,p=0,cls=normal,legal=38,accN=3,bandN=5,gaps=1:0,2:52,3:58,4:127,5:141,6:142,7:166,8:173
GM|1|M1-MG_QT05-C0-R1|76|side=-1|cfg=T_YOU|kind=undefined|move=g6e6|hit=cap|slot=2|gap=74|depth=11|nodes=569384|legal=23|probs=cap=80,mcap=280,p=0.5,cls=normal,legal=23,accN=3,bandN=4,gaps=1:0,2:74,3:47,4:144,5:189,6:192,7:259,8:291
GM|1|M1-MG_QT05-C0-R1|77|side=1|cfg=T_JIN|kind=undefined|move=e4e6|hit=cap|slot=2|gap=8|depth=12|nodes=608452|legal=41|probs=cap=80,mcap=280,p=0,cls=normal,legal=41,accN=3,bandN=0,gaps=1:0,2:8,3:0,4:337,5:503,6:861,7:875,8:899
GM|1|M1-MG_QT05-C0-R1|78|side=-1|cfg=T_YOU|kind=undefined|move=d4e6|hit=above|slot=1|gap=0|depth=13|nodes=559072|legal=17|probs=cap=80,mcap=280,p=0.5,cls=normal,legal=17,accN=1,bandN=3,gaps=1:0,2:225,3:171,4:215,5:286,6:296,7:372,8:384
GM|1|M1-MG_QT05-C0-R1|79|side=1|cfg=T_JIN|kind=undefined|move=b6b7|hit=cap|slot=5|gap=76|depth=12|nodes=518299|legal=38|probs=cap=80,mcap=280,p=0,cls=normal,legal=38,accN=5,bandN=3,gaps=1:0,2:24,3:31,4:43,5:76,6:83,7:101,8:102
GM|1|M1-MG_QT05-C0-R1|80|side=-1|cfg=T_YOU|kind=undefined|move=e6g5|hit=bmiss|slot=6|gap=73|depth=12|nodes=557976|legal=21|probs=cap=80,mcap=280,p=0.5,cls=normal,legal=21,accN=8,bandN=0,gaps=1:0,2:30,3:45,4:57,5:63,6:73,7:64,8:66,band=0
GM|1|M1-MG_QT05-C0-R1|81|side=1|cfg=T_JIN|kind=undefined|move=e5f5|hit=cap|slot=5|gap=74|depth=13|nodes=543701|legal=36|probs=cap=80,mcap=280,p=0,cls=normal,legal=36,accN=5,bandN=3,gaps=1:0,2:1,3:47,4:48,5:74,6:86,7:99,8:103
GM|1|M1-MG_QT05-C0-R1|82|side=-1|cfg=T_YOU|kind=undefined|move=g5i4|hit=cap|slot=7|gap=80|depth=12|nodes=597522|legal=30|probs=cap=80,mcap=280,p=0.5,cls=normal,legal=30,accN=7,bandN=1,gaps=1:0,2:50,3:62,4:62,5:69,6:78,7:80,8:84
GM|1|M1-MG_QT05-C0-R1|83|side=1|cfg=T_JIN|kind=undefined|move=f5f6|hit=cap|slot=3|gap=64|depth=11|nodes=580299|legal=43|probs=cap=80,mcap=280,p=0,cls=normal,legal=43,accN=3,bandN=5,gaps=1:0,2:14,3:64,4:92,5:96,6:97,7:100,8:119
GM|1|M1-MG_QT05-C0-R1|84|side=-1|cfg=T_YOU|kind=undefined|move=d6d3|hit=cap|slot=5|gap=66|depth=12|nodes=607664|legal=22|probs=cap=80,mcap=280,p=0.5,cls=normal,legal=22,accN=7,bandN=1,gaps=1:0,2:34,3:46,4:49,5:66,6:93,7:47,8:47
GM|1|M1-MG_QT05-C0-R1|85|side=1|cfg=T_JIN|kind=undefined|move=b7b6|hit=cap|slot=7|gap=71|depth=12|nodes=589438|legal=43|probs=cap=80,mcap=280,p=0,cls=normal,legal=43,accN=7,bandN=1,gaps=1:0,2:55,3:44,4:46,5:50,6:70,7:71,8:95
GM|1|M1-MG_QT05-C0-R1|86|side=-1|cfg=T_YOU|kind=undefined|move=d3d4|hit=cap|slot=8|gap=62|depth=12|nodes=602348|legal=25|probs=cap=80,mcap=280,p=0.5,cls=normal,legal=25,accN=7,bandN=1,gaps=1:0,2:31,3:53,4:131,5:43,6:48,7:57,8:62
GM|1|M1-MG_QT05-C0-R1|87|side=1|cfg=T_JIN|kind=undefined|move=b4c6|hit=cap|slot=2|gap=79|depth=13|nodes=602307|legal=42|probs=cap=80,mcap=280,p=0,cls=normal,legal=42,accN=2,bandN=6,gaps=1:0,2:79,3:93,4:123,5:128,6:129,7:130,8:139
GM|1|M1-MG_QT05-C0-R1|88|side=-1|cfg=T_YOU|kind=undefined|move=d4d1|hit=bmiss|slot=8|gap=76|depth=12|nodes=581084|legal=21|probs=cap=80,mcap=280,p=0.5,cls=normal,legal=21,accN=8,bandN=0,gaps=1:0,2:37,3:44,4:51,5:56,6:65,7:75,8:76,band=0
GM|1|M1-MG_QT05-C0-R1|89|side=1|cfg=T_JIN|kind=undefined|move=h2g2|hit=cap|slot=8|gap=69|depth=13|nodes=584843|legal=44|probs=cap=80,mcap=280,p=0,cls=normal,legal=44,accN=8,bandN=0,gaps=1:0,2:19,3:41,4:55,5:56,6:59,7:67,8:69
GM|1|M1-MG_QT05-C0-R1|90|side=-1|cfg=T_YOU|kind=undefined|move=e1d2|hit=rand|slot=6|gap=107|depth=12|nodes=603622|legal=21|probs=cap=80,mcap=280,p=0.5,cls=normal,legal=21,accN=6,bandN=2,gaps=1:0,2:2,3:65,4:69,5:92,6:107,7:24,8:68,wouldBe=4,agap=107
GM|1|M1-MG_QT05-C0-R1|91|side=1|cfg=T_JIN|kind=undefined|move=f6f4|hit=cap|slot=8|gap=71|depth=12|nodes=608192|legal=44|probs=cap=80,mcap=280,p=0,cls=normal,legal=44,accN=8,bandN=0,gaps=1:0,2:11,3:30,4:30,5:46,6:53,7:59,8:71
GM|1|M1-MG_QT05-C0-R1|92|side=-1|cfg=T_YOU|kind=undefined|move=d1d0|hit=bmiss|slot=8|gap=70|depth=12|nodes=563494|legal=20|probs=cap=80,mcap=280,p=0.5,cls=normal,legal=20,accN=8,bandN=0,gaps=1:0,2:24,3:32,4:47,5:62,6:67,7:62,8:70,band=0
GM|1|M1-MG_QT05-C0-R1|93|side=1|cfg=T_JIN|kind=undefined|move=f4f1|hit=cap|slot=7|gap=79|depth=12|nodes=599123|legal=44|probs=cap=80,mcap=280,p=0,cls=normal,legal=44,accN=7,bandN=1,gaps=1:0,2:17,3:23,4:52,5:59,6:78,7:79,8:82
GM|1|M1-MG_QT05-C0-R1|94|side=-1|cfg=T_YOU|kind=undefined|move=i4h6|hit=cap|slot=6|gap=58|depth=12|nodes=630442|legal=9|probs=cap=80,mcap=280,p=0.5,cls=normal,legal=9,accN=8,bandN=0,gaps=1:0,2:16,3:20,4:27,5:36,6:58,7:0,8:27
GM|1|M1-MG_QT05-C0-R1|95|side=1|cfg=T_JIN|kind=undefined|move=b6h6|hit=above|slot=1|gap=0|depth=13|nodes=614684|legal=49|probs=cap=80,mcap=280,p=0,cls=normal,legal=49,accN=1,bandN=7,gaps=1:0,2:126,3:133,4:144,5:151,6:172,7:176,8:197
GM|1|M1-MG_QT05-C0-R1|96|side=-1|cfg=T_YOU|kind=undefined|move=d2e1|hit=cap|slot=4|gap=75|depth=12|nodes=707186|legal=7|probs=cap=80,mcap=280,p=0.5,cls=normal,legal=7,accN=4,bandN=2,gaps=1:0,2:58,3:73,4:75,5:125,6:141,7:339
GM|1|M1-MG_QT05-C0-R1|97|side=1|cfg=T_JIN|kind=undefined|move=h4g4|hit=cap|slot=2|gap=54|depth=12|nodes=586938|legal=45|probs=cap=80,mcap=280,p=0,cls=normal,legal=45,accN=2,bandN=6,gaps=1:0,2:54,3:168,4:217,5:218,6:228,7:250,8:250
GM|1|M1-MG_QT05-C0-R1|98|side=-1|cfg=T_YOU|kind=undefined|move=e1d2|hit=rand|slot=2|gap=144|depth=12|nodes=574727|legal=13|probs=cap=80,mcap=280,p=0.5,cls=normal,legal=13,accN=1,bandN=1,gaps=1:0,2:144,3:98887,4:98887,5:98887,6:98887,7:98887,8:98887,wouldBe=1,agap=144
GM|1|M1-MG_QT05-C0-R1|99|side=1|cfg=T_JIN|kind=undefined|move=f1d1|hit=above|slot=1|gap=0|depth=15|nodes=619812|legal=54|probs=cap=80,mcap=280,p=0,cls=normal,legal=54,accN=1,bandN=0,gaps=1:0,2:382,3:458,4:594,5:628,6:642,7:654,8:655
GM|1|M1-MG_QT05-C0-R1|100|side=-1|cfg=T_YOU|kind=undefined|move=f0e1|hit=above|slot=1|gap=0|depth=24|nodes=631436|legal=6|probs=cap=80,mcap=280,p=0.5,cls=normal,legal=6,accN=6,bandN=0,gaps=1:0,2:0,3:0,4:0,5:0,6:0
GM|1|M1-MG_QT05-C0-R1|101|side=1|cfg=T_JIN|kind=undefined|move=e9f9|hit=above|slot=1|gap=0|depth=15|nodes=628748|legal=43|probs=cap=80,mcap=280,p=0,cls=normal,legal=43,accN=1,bandN=2,gaps=1:0,2:100,3:100,4:97382,5:97660,6:97899,7:97911,8:97943
GM|1|M1-MG_QT05-C0-R1|102|side=-1|cfg=T_YOU|kind=undefined|move=c0a2|hit=bmiss|slot=1|gap=0|depth=27|nodes=712034|legal=6|probs=cap=80,mcap=280,p=0.5,cls=normal,legal=6,accN=6,bandN=0,gaps=1:0,2:0,3:0,4:0,5:0,6:0,band=0
GM|1|M1-MG_QT05-C0-R1|103|side=1|cfg=T_JIN|kind=undefined|move=c6d4|hit=above|slot=1|gap=0|depth=14|nodes=616877|legal=43|probs=cap=80,mcap=280,p=0,cls=normal,legal=43,accN=1,bandN=1,gaps=1:0,2:100,3:97858,4:97911,5:97991,6:98030,7:98045,8:98055
GM|1|M1-MG_QT05-C0-R1|104|side=-1|cfg=T_YOU|kind=undefined|move=d0c0|hit=bmiss|slot=1|gap=0|depth=34|nodes=961558|legal=9|probs=cap=80,mcap=280,p=0.5,cls=normal,legal=9,accN=8,bandN=0,gaps=1:0,2:0,3:0,4:0,5:0,6:0,7:0,8:0,band=0
GM|1|M1-MG_QT05-C0-R1|105|side=1|cfg=T_JIN|kind=undefined|move=d4e2|hit=above|slot=1|gap=0|depth=20|nodes=660019|legal=45|probs=cap=80,mcap=280,p=0,cls=normal,legal=45,accN=1,bandN=7,gaps=1:0,2:100,3:200,4:200,5:200,6:200,7:200,8:200
GM|1|M1-MG_QT05-C0-R1|106|side=-1|cfg=T_YOU|kind=undefined|move=c0c9|hit=bmiss|slot=1|gap=0|depth=84|nodes=2264810|legal=11|probs=cap=80,mcap=280,p=0.5,cls=normal,legal=11,accN=8,bandN=0,gaps=1:0,2:0,3:0,4:0,5:0,6:0,7:0,8:0,band=0
GM|1|M1-MG_QT05-C0-R1|107|side=1|cfg=T_JIN|kind=undefined|move=e7c9|hit=above|slot=1|gap=0|depth=69|nodes=2049014|legal=2|probs=cap=80,mcap=280,p=0,cls=normal,legal=2,accN=1,bandN=1,gaps=1:0,2:100
GM|1|M1-MG_QT05-C0-R1|108|side=-1|cfg=T_YOU|kind=undefined|move=e1f2|hit=bmiss|slot=1|gap=0|depth=245|nodes=1533873|legal=5|probs=cap=80,mcap=280,p=0.5,cls=normal,legal=5,accN=5,bandN=0,gaps=1:0,2:0,3:0,4:0,5:0,band=0
GM|1|M1-MG_QT05-C0-R1|109|side=1|cfg=T_JIN|kind=undefined|move=d1d2|hit=above|slot=1|gap=0|depth=59|nodes=1974242|legal=45|probs=cap=80,mcap=280,p=0,cls=normal,legal=45,accN=3,bandN=5,gaps=1:0,2:0,3:0,4:100,5:100,6:100,7:100,8:100
GM|1|M1-MG_QT05-C0-R1|110|side=-1|cfg=T_YOU|kind=undefined|move=a2c0|hit=above|slot=1|gap=0|depth=245|nodes=202625|legal=4|probs=cap=80,mcap=280,p=0.5,cls=normal,legal=4,accN=4,bandN=0,gaps=1:0,2:0,3:0,4:0
GM|1|M1-MG_QT05-C0-R1|111|side=1|cfg=T_JIN|kind=undefined|move=h6e6|hit=above|slot=1|gap=0|depth=79|nodes=2303390|legal=46|probs=cap=80,mcap=280,p=0,cls=normal,legal=46,accN=1,bandN=7,gaps=1:0,2:100,3:100,4:100,5:200,6:200,7:200,8:200
GM|1|M1-MG_QT05-C0-R1|112|side=-1|cfg=T_YOU|kind=undefined|move=f2e1|hit=bmiss|slot=1|gap=0|depth=245|nodes=1965|legal=1|probs=cap=80,mcap=280,p=0.5,cls=normal,legal=1,accN=1,bandN=0,gaps=1:0,band=0
GM|1|M1-MG_QT05-C0-R1|113|side=1|cfg=T_JIN|kind=undefined|move=e2g1|hit=above|slot=1|gap=0|depth=245|nodes=1127350|legal=42|probs=cap=80,mcap=280,p=0,cls=normal,legal=42,accN=1,bandN=7,gaps=1:0,2:100,3:200,4:200,5:200,6:200,7:200,8:200
GE|1|M1-MG_QT05-C0-R1|END|winner=hi|reason=%E5%B0%86%E6%AD%BB|plies=113|tierMoves=113|invalid=0|crit=0|hiSide=-1|stats=T_JIN:n=57,rand=0,cap=45,above=12,bmiss=0,gapMean=45,gapMax=80;T_YOU:n=56,rand=12,cap=27,above=3,bmiss=14,gapMean=65,gapMax=218
PROG|1|M1-MG_QT05-C0-R1
G|1|M1-MG_QT10-C1-R1|START|pos=MG_QT10|pair=%E8%BF%9B%E9%98%B6_vs_%E4%B8%9A%E4%BD%99|hi=T_JIN|lo=T_YOU|hiFirst=1|fen=2bakc2r/4an3/c3b4/p6RC/2p1P1p2/9/P1n3P1P/2N3C1N/9/2BAKAB2 b - - 0 1
GM|1|M1-MG_QT10-C1-R1|1|side=1|cfg=T_YOU|kind=undefined|move=c3e4|hit=bmiss|slot=8|gap=56|depth=11|nodes=624065|legal=29|probs=cap=80,mcap=280,p=0.5,cls=normal,legal=29,accN=8,bandN=0,gaps=1:0,2:40,3:41,4:48,5:51,6:51,7:51,8:56,band=0
GM|1|M1-MG_QT10-C1-R1|2|side=-1|cfg=T_JIN|kind=undefined|move=c0e2|hit=cap|slot=4|gap=78|depth=14|nodes=597343|legal=47|probs=cap=80,mcap=280,p=0,cls=normal,legal=47,accN=4,bandN=4,gaps=1:0,2:4,3:24,4:78,5:106,6:111,7:128,8:191
GM|1|M1-MG_QT10-C1-R1|3|side=1|cfg=T_YOU|kind=undefined|move=f8h7|hit=cap|slot=6|gap=75|depth=13|nodes=627132|legal=27|probs=cap=80,mcap=280,p=0.5,cls=normal,legal=27,accN=7,bandN=1,gaps=1:0,2:6,3:12,4:31,5:51,6:75,7:75,8:86
GM|1|M1-MG_QT10-C1-R1|4|side=-1|cfg=T_JIN|kind=undefined|move=f0e1|hit=cap|slot=3|gap=37|depth=13|nodes=607256|legal=43|probs=cap=80,mcap=280,p=0,cls=normal,legal=43,accN=3,bandN=5,gaps=1:0,2:2,3:37,4:87,5:118,6:118,7:122,8:146
GM|1|M1-MG_QT10-C1-R1|5|side=1|cfg=T_YOU|kind=undefined|move=a7d7|hit=bmiss|slot=8|gap=44|depth=12|nodes=579304|legal=35|probs=cap=80,mcap=280,p=0.5,cls=normal,legal=35,accN=8,bandN=0,gaps=1:0,2:3,3:6,4:28,5:29,6:33,7:41,8:44,band=0
GM|1|M1-MG_QT10-C1-R1|6|side=-1|cfg=T_JIN|kind=undefined|move=c2e3|hit=cap|slot=8|gap=40|depth=13|nodes=551008|legal=43|probs=cap=80,mcap=280,p=0,cls=normal,legal=43,accN=8,bandN=0,gaps=1:0,2:11,3:13,4:0,5:6,6:13,7:25,8:40
GM|1|M1-MG_QT10-C1-R1|7|side=1|cfg=T_YOU|kind=undefined|move=h7g9|hit=cap|slot=8|gap=69|depth=13|nodes=592797|legal=37|probs=cap=80,mcap=280,p=0.5,cls=normal,legal=37,accN=8,bandN=0,gaps=1:0,2:21,3:32,4:34,5:34,6:52,7:68,8:69
GM|1|M1-MG_QT10-C1-R1|8|side=-1|cfg=T_JIN|kind=undefined|move=g2g1|hit=cap|slot=8|gap=73|depth=11|nodes=605528|legal=43|probs=cap=80,mcap=280,p=0,cls=normal,legal=43,accN=8,bandN=0,gaps=1:0,2:45,3:56,4:46,5:58,6:62,7:62,8:73
GM|1|M1-MG_QT10-C1-R1|9|side=1|cfg=T_YOU|kind=undefined|move=i9i7|hit=bmiss|slot=7|gap=71|depth=11|nodes=559275|legal=33|probs=cap=80,mcap=280,p=0.5,cls=normal,legal=33,accN=8,bandN=0,gaps=1:0,2:0,3:15,4:36,5:38,6:49,7:71,8:60,band=0
GM|1|M1-MG_QT10-C1-R1|10|side=-1|cfg=T_JIN|kind=undefined|move=h6c6|hit=cap|slot=8|gap=56|depth=12|nodes=564560|legal=42|probs=cap=80,mcap=280,p=0,cls=normal,legal=42,accN=8,bandN=0,gaps=1:0,2:9,3:18,4:32,5:38,6:51,7:51,8:56
GM|1|M1-MG_QT10-C1-R1|11|side=1|cfg=T_YOU|kind=undefined|move=f9f8|hit=rand|slot=6|gap=94|depth=12|nodes=596240|legal=35|probs=cap=80,mcap=280,p=0.5,cls=normal,legal=35,accN=4,bandN=4,gaps=1:0,2:8,3:35,4:36,5:88,6:94,7:88,8:90,wouldBe=4,agap=94
GM|1|M1-MG_QT10-C1-R1|12|side=-1|cfg=T_JIN|kind=undefined|move=i6a6|hit=cap|slot=3|gap=78|depth=12|nodes=596731|legal=42|probs=cap=80,mcap=280,p=0,cls=normal,legal=42,accN=3,bandN=5,gaps=1:0,2:66,3:78,4:81,5:87,6:99,7:116,8:118
GM|1|M1-MG_QT10-C1-R1|13|side=1|cfg=T_YOU|kind=undefined|move=g9h7|hit=bmiss|slot=8|gap=65|depth=12|nodes=553240|legal=42|probs=cap=80,mcap=280,p=0.5,cls=normal,legal=42,accN=8,bandN=0,gaps=1:0,2:11,3:12,4:26,5:43,6:57,7:63,8:65,band=0
GM|1|M1-MG_QT10-C1-R1|14|side=-1|cfg=T_JIN|kind=undefined|move=a6a9|hit=cap|slot=8|gap=75|depth=11|nodes=548424|legal=40|probs=cap=80,mcap=280,p=0,cls=normal,legal=40,accN=8,bandN=0,gaps=1:0,2:10,3:23,4:27,5:34,6:37,7:73,8:75
GM|1|M1-MG_QT10-C1-R1|15|side=1|cfg=T_YOU|kind=undefined|move=f8h8|hit=rand|slot=5|gap=143|depth=13|nodes=571308|legal=39|probs=cap=80,mcap=280,p=0.5,cls=normal,legal=39,accN=1,bandN=7,gaps=1:0,2:94,3:114,4:141,5:143,6:154,7:165,8:177,wouldBe=1,agap=143
GM|1|M1-MG_QT10-C1-R1|16|side=-1|cfg=T_JIN|kind=undefined|move=e1f0|hit=cap|slot=4|gap=78|depth=13|nodes=575540|legal=42|probs=cap=80,mcap=280,p=0,cls=normal,legal=42,accN=4,bandN=4,gaps=1:0,2:37,3:58,4:78,5:98,6:109,7:128,8:131
GM|1|M1-MG_QT10-C1-R1|17|side=1|cfg=T_YOU|kind=undefined|move=h7i5|hit=cap|slot=4|gap=73|depth=12|nodes=570473|legal=31|probs=cap=80,mcap=280,p=0.5,cls=normal,legal=31,accN=4,bandN=4,gaps=1:0,2:33,3:62,4:73,5:83,6:86,7:97,8:101
GM|1|M1-MG_QT10-C1-R1|18|side=-1|cfg=T_JIN|kind=undefined|move=g1c1|hit=above|slot=1|gap=0|depth=14|nodes=618581|legal=46|probs=cap=80,mcap=280,p=0,cls=normal,legal=46,accN=1,bandN=7,gaps=1:0,2:86,3:112,4:129,5:145,6:166,7:189,8:201
GM|1|M1-MG_QT10-C1-R1|19|side=1|cfg=T_YOU|kind=undefined|move=i7f7|hit=cap|slot=4|gap=30|depth=12|nodes=577584|legal=40|probs=cap=80,mcap=280,p=0.5,cls=normal,legal=40,accN=4,bandN=4,gaps=1:0,2:9,3:15,4:30,5:83,6:106,7:152,8:156
GM|1|M1-MG_QT10-C1-R1|20|side=-1|cfg=T_JIN|kind=undefined|move=f0e1|hit=cap|slot=3|gap=38|depth=14|nodes=570361|legal=49|probs=cap=80,mcap=280,p=0,cls=normal,legal=49,accN=3,bandN=4,gaps=1:0,2:12,3:38,4:97,5:148,6:184,7:235,8:314
GM|1|M1-MG_QT10-C1-R1|21|side=1|cfg=T_YOU|kind=undefined|move=d7d2|hit=cap|slot=8|gap=67|depth=11|nodes=565474|legal=45|probs=cap=80,mcap=280,p=0.5,cls=normal,legal=45,accN=8,bandN=0,gaps=1:0,2:12,3:0,4:0,5:15,6:16,7:22,8:67
GM|1|M1-MG_QT10-C1-R1|22|side=-1|cfg=T_JIN|kind=undefined|move=c6c9|hit=cap|slot=3|gap=30|depth=14|nodes=575272|legal=44|probs=cap=80,mcap=280,p=0,cls=normal,legal=44,accN=3,bandN=5,gaps=1:0,2:17,3:30,4:135,5:136,6:145,7:191,8:276
GM|1|M1-MG_QT10-C1-R1|23|side=1|cfg=T_YOU|kind=undefined|move=d2b2|hit=rand|slot=2|gap=116|depth=13|nodes=551613|legal=48|probs=cap=80,mcap=280,p=0.5,cls=normal,legal=48,accN=1,bandN=5,gaps=1:0,2:116,3:134,4:193,5:207,6:240,7:353,8:471,wouldBe=1,agap=116
GM|1|M1-MG_QT10-C1-R1|24|side=-1|cfg=T_JIN|kind=undefined|move=c9c5|hit=cap|slot=4|gap=60|depth=12|nodes=497070|legal=38|probs=cap=80,mcap=280,p=0,cls=normal,legal=38,accN=4,bandN=4,gaps=1:0,2:34,3:50,4:60,5:109,6:145,7:183,8:187
GM|1|M1-MG_QT10-C1-R1|25|side=1|cfg=T_YOU|kind=undefined|move=b2b9|hit=above|slot=1|gap=0|depth=15|nodes=435806|legal=2|probs=cap=0,mcap=700,p=0.5,cls=hard,legal=2,accN=1,bandN=0,gaps=1:0,2:99478
GM|1|M1-MG_QT10-C1-R1|26|side=-1|cfg=T_JIN|kind=undefined|move=c5c4|hit=cap|slot=4|gap=60|depth=12|nodes=542605|legal=41|probs=cap=80,mcap=280,p=0,cls=normal,legal=41,accN=4,bandN=3,gaps=1:0,2:3,3:52,4:60,5:82,6:96,7:103,8:1039
GM|1|M1-MG_QT10-C1-R1|27|side=1|cfg=T_YOU|kind=undefined|move=e4c5|hit=above|slot=1|gap=0|depth=12|nodes=512165|legal=39|probs=cap=80,mcap=280,p=0.5,cls=normal,legal=39,accN=1,bandN=7,gaps=1:0,2:108,3:140,4:148,5:170,6:185,7:188,8:144
GM|1|M1-MG_QT10-C1-R1|28|side=-1|cfg=T_JIN|kind=undefined|move=c1c0|hit=cap|slot=8|gap=38|depth=12|nodes=536428|legal=42|probs=cap=80,mcap=280,p=0,cls=normal,legal=42,accN=8,bandN=0,gaps=1:0,2:3,3:13,4:0,5:10,6:27,7:30,8:38
GM|1|M1-MG_QT10-C1-R1|29|side=1|cfg=T_YOU|kind=undefined|move=i5h7|hit=bmiss|slot=8|gap=49|depth=12|nodes=522339|legal=41|probs=cap=80,mcap=280,p=0.5,cls=normal,legal=41,accN=8,bandN=0,gaps=1:0,2:30,3:1,4:6,5:11,6:18,7:37,8:49,band=0
GM|1|M1-MG_QT10-C1-R1|30|side=-1|cfg=T_JIN|kind=undefined|move=e5f5|hit=cap|slot=5|gap=75|depth=12|nodes=523865|legal=41|probs=cap=80,mcap=280,p=0,cls=normal,legal=41,accN=5,bandN=3,gaps=1:0,2:21,3:37,4:64,5:75,6:107,7:83,8:89
GM|1|M1-MG_QT10-C1-R1|31|side=1|cfg=T_YOU|kind=undefined|move=h8g8|hit=cap|slot=8|gap=36|depth=12|nodes=499108|legal=25|probs=cap=80,mcap=280,p=0.5,cls=normal,legal=25,accN=8,bandN=0,gaps=1:0,2:12,3:13,4:15,5:22,6:29,7:29,8:36
GM|1|M1-MG_QT10-C1-R1|32|side=-1|cfg=T_JIN|kind=undefined|move=e1f2|hit=cap|slot=8|gap=76|depth=11|nodes=471248|legal=41|probs=cap=80,mcap=280,p=0,cls=normal,legal=41,accN=8,bandN=0,gaps=1:0,2:4,3:14,4:37,5:68,6:38,7:62,8:76
GM|1|M1-MG_QT10-C1-R1|33|side=1|cfg=T_YOU|kind=undefined|move=h7f8|hit=cap|slot=7|gap=73|depth=11|nodes=466728|legal=30|probs=cap=80,mcap=280,p=0.5,cls=normal,legal=30,accN=7,bandN=1,gaps=1:0,2:8,3:48,4:53,5:59,6:65,7:73,8:96
GM|1|M1-MG_QT10-C1-R1|34|side=-1|cfg=T_JIN|kind=undefined|move=i3i4|hit=cap|slot=6|gap=58|depth=12|nodes=494680|legal=41|probs=cap=80,mcap=280,p=0,cls=normal,legal=41,accN=6,bandN=2,gaps=1:0,2:29,3:29,4:37,5:56,6:58,7:82,8:83
GM|1|M1-MG_QT10-C1-R1|35|side=1|cfg=T_YOU|kind=undefined|move=f7i7|hit=cap|slot=7|gap=79|depth=11|nodes=449103|legal=23|probs=cap=80,mcap=280,p=0.5,cls=normal,legal=23,accN=8,bandN=0,gaps=1:0,2:14,3:24,4:35,5:55,6:63,7:79,8:41
GM|1|M1-MG_QT10-C1-R1|36|side=-1|cfg=T_JIN|kind=undefined|move=a3a4|hit=cap|slot=8|gap=48|depth=13|nodes=508222|legal=41|probs=cap=80,mcap=280,p=0,cls=normal,legal=41,accN=8,bandN=0,gaps=1:0,2:8,3:10,4:27,5:32,6:34,7:41,8:48
GM|1|M1-MG_QT10-C1-R1|37|side=1|cfg=T_YOU|kind=undefined|move=g8g9|hit=cap|slot=8|gap=75|depth=12|nodes=467608|legal=29|probs=cap=80,mcap=280,p=0.5,cls=normal,legal=29,accN=8,bandN=0,gaps=1:0,2:16,3:27,4:38,5:42,6:54,7:74,8:75
GM|1|M1-MG_QT10-C1-R1|38|side=-1|cfg=T_JIN|kind=undefined|move=c4b4|hit=cap|slot=8|gap=42|depth=12|nodes=464074|legal=39|probs=cap=80,mcap=280,p=0,cls=normal,legal=39,accN=8,bandN=0,gaps=1:0,2:5,3:8,4:13,5:15,6:25,7:26,8:42
GM|1|M1-MG_QT10-C1-R1|39|side=1|cfg=T_YOU|kind=undefined|move=b9c9|hit=above|slot=1|gap=0|depth=12|nodes=500236|legal=34|probs=cap=80,mcap=280,p=0.5,cls=normal,legal=34,accN=1,bandN=7,gaps=1:0,2:123,3:142,4:157,5:197,6:198,7:237,8:199
GM|1|M1-MG_QT10-C1-R1|40|side=-1|cfg=T_JIN|kind=undefined|move=b4b6|hit=cap|slot=8|gap=79|depth=12|nodes=463286|legal=48|probs=cap=80,mcap=280,p=0,cls=normal,legal=48,accN=8,bandN=0,gaps=1:0,2:34,3:49,4:61,5:67,6:72,7:73,8:79
GM|1|M1-MG_QT10-C1-R1|41|side=1|cfg=T_YOU|kind=undefined|move=e8d7|hit=bmiss|slot=8|gap=68|depth=12|nodes=465393|legal=33|probs=cap=80,mcap=280,p=0.5,cls=normal,legal=33,accN=8,bandN=0,gaps=1:0,2:0,3:49,4:28,5:35,6:66,7:67,8:68,band=0
GM|1|M1-MG_QT10-C1-R1|42|side=-1|cfg=T_JIN|kind=undefined|move=g3g4|hit=cap|slot=8|gap=35|depth=12|nodes=528001|legal=50|probs=cap=80,mcap=280,p=0,cls=normal,legal=50,accN=8,bandN=0,gaps=1:0,2:18,3:25,4:28,5:29,6:20,7:21,8:35
GM|1|M1-MG_QT10-C1-R1|43|side=1|cfg=T_YOU|kind=undefined|move=c5a4|hit=bmiss|slot=8|gap=58|depth=12|nodes=527185|legal=31|probs=cap=80,mcap=280,p=0.5,cls=normal,legal=31,accN=8,bandN=0,gaps=1:0,2:24,3:38,4:39,5:30,6:32,7:52,8:58,band=0
GM|1|M1-MG_QT10-C1-R1|44|side=-1|cfg=T_JIN|kind=undefined|move=b6c6|hit=cap|slot=3|gap=64|depth=12|nodes=504429|legal=51|probs=cap=80,mcap=280,p=0,cls=normal,legal=51,accN=3,bandN=5,gaps=1:0,2:36,3:64,4:81,5:86,6:91,7:99,8:118
GM|1|M1-MG_QT10-C1-R1|45|side=1|cfg=T_YOU|kind=undefined|move=g9f9|hit=cap|slot=7|gap=64|depth=12|nodes=534757|legal=29|probs=cap=80,mcap=280,p=0.5,cls=normal,legal=29,accN=8,bandN=0,gaps=1:0,2:10,3:26,4:28,5:31,6:54,7:64,8:60
GM|1|M1-MG_QT10-C1-R1|46|side=-1|cfg=T_JIN|kind=undefined|move=c0c1|hit=cap|slot=8|gap=47|depth=12|nodes=507388|legal=48|probs=cap=80,mcap=280,p=0,cls=normal,legal=48,accN=8,bandN=0,gaps=1:0,2:19,3:22,4:28,5:28,6:34,7:43,8:47
GM|1|M1-MG_QT10-C1-R1|47|side=1|cfg=T_YOU|kind=undefined|move=d7e8|hit=rand|slot=8|gap=134|depth=12|nodes=506924|legal=25|probs=cap=80,mcap=280,p=0.5,cls=normal,legal=25,accN=6,bandN=2,gaps=1:0,2:30,3:34,4:52,5:62,6:64,7:103,8:134,wouldBe=6,agap=134
GM|1|M1-MG_QT10-C1-R1|48|side=-1|cfg=T_JIN|kind=undefined|move=c1c4|hit=cap|slot=5|gap=62|depth=11|nodes=534041|legal=54|probs=cap=80,mcap=280,p=0,cls=normal,legal=54,accN=8,bandN=0,gaps=1:0,2:40,3:44,4:45,5:62,6:29,7:39,8:46
GM|1|M1-MG_QT10-C1-R1|49|side=1|cfg=T_YOU|kind=undefined|move=f9h9|hit=cap|slot=6|gap=79|depth=12|nodes=495885|legal=25|probs=cap=80,mcap=280,p=0.5,cls=normal,legal=25,accN=3,bandN=5,gaps=1:0,2:31,3:93,4:96,5:99,6:79,7:100,8:104
GM|1|M1-MG_QT10-C1-R1|50|side=-1|cfg=T_JIN|kind=undefined|move=i4i5|hit=cap|slot=6|gap=79|depth=12|nodes=524794|legal=45|probs=cap=80,mcap=280,p=0,cls=normal,legal=45,accN=6,bandN=2,gaps=1:0,2:11,3:25,4:47,5:60,6:79,7:82,8:88
GM|1|M1-MG_QT10-C1-R1|51|side=1|cfg=T_YOU|kind=undefined|move=c9b9|hit=rand|slot=4|gap=157|depth=12|nodes=525588|legal=33|probs=cap=80,mcap=280,p=0.5,cls=normal,legal=33,accN=7,bandN=1,gaps=1:0,2:39,3:59,4:157,5:29,6:31,7:49,8:56,wouldBe=3,agap=157
GM|1|M1-MG_QT10-C1-R1|52|side=-1|cfg=T_JIN|kind=undefined|move=c6i6|hit=above|slot=1|gap=0|depth=14|nodes=577231|legal=44|probs=cap=80,mcap=280,p=0,cls=normal,legal=44,accN=1,bandN=0,gaps=1:0,2:293,3:300,4:301,5:302,6:320,7:323,8:354
GM|1|M1-MG_QT10-C1-R1|53|side=1|cfg=T_YOU|kind=undefined|move=e8d7|hit=cap|slot=5|gap=72|depth=11|nodes=546725|legal=33|probs=cap=80,mcap=280,p=0.5,cls=normal,legal=33,accN=5,bandN=2,gaps=1:0,2:45,3:50,4:70,5:72,6:106,7:208,8:99231
GM|1|M1-MG_QT10-C1-R1|54|side=-1|cfg=T_JIN|kind=undefined|move=c4e4|hit=cap|slot=2|gap=54|depth=12|nodes=543941|legal=44|probs=cap=80,mcap=280,p=0,cls=normal,legal=44,accN=2,bandN=0,gaps=1:0,2:54,3:337,4:367,5:376,6:365,7:367,8:378
GM|1|M1-MG_QT10-C1-R1|55|side=1|cfg=T_YOU|kind=undefined|move=d7e8|hit=rand|slot=3|gap=116|depth=12|nodes=531301|legal=5|probs=cap=80,mcap=280,p=0.5,cls=normal,legal=5,accN=2,bandN=3,gaps=1:0,2:77,3:116,4:128,5:226,wouldBe=2,agap=116
GM|1|M1-MG_QT10-C1-R1|56|side=-1|cfg=T_JIN|kind=undefined|move=e4c4|hit=cap|slot=2|gap=12|depth=13|nodes=562321|legal=39|probs=cap=80,mcap=280,p=0,cls=normal,legal=39,accN=2,bandN=0,gaps=1:0,2:12,3:371,4:404,5:433,6:448,7:452,8:593
GM|1|M1-MG_QT10-C1-R1|57|side=1|cfg=T_YOU|kind=undefined|move=b9c9|hit=cap|slot=6|gap=67|depth=11|nodes=546721|legal=33|probs=cap=80,mcap=280,p=0.5,cls=normal,legal=33,accN=5,bandN=2,gaps=1:0,2:50,3:54,4:90,5:56,6:67,7:173,8:99198
GM|1|M1-MG_QT10-C1-R1|58|side=-1|cfg=T_JIN|kind=undefined|move=i6i7|hit=above|slot=1|gap=0|depth=14|nodes=586303|legal=44|probs=cap=80,mcap=280,p=0,cls=normal,legal=44,accN=1,bandN=0,gaps=1:0,2:333,3:418,4:445,5:479,6:493,7:616,8:635
GM|1|M1-MG_QT10-C1-R1|59|side=1|cfg=T_YOU|kind=undefined|move=f8g6|hit=cap|slot=4|gap=53|depth=11|nodes=546173|legal=26|probs=cap=80,mcap=280,p=0.5,cls=normal,legal=26,accN=5,bandN=3,gaps=1:0,2:1,3:7,4:53,5:86,6:97,7:117,8:43
GM|1|M1-MG_QT10-C1-R1|60|side=-1|cfg=T_JIN|kind=undefined|move=i7h7|hit=cap|slot=2|gap=28|depth=13|nodes=513510|legal=43|probs=cap=80,mcap=280,p=0,cls=normal,legal=43,accN=2,bandN=4,gaps=1:0,2:28,3:103,4:121,5:154,6:217,7:327,8:350
GM|1|M1-MG_QT10-C1-R1|61|side=1|cfg=T_YOU|kind=undefined|move=a4c3|hit=rand|slot=7|gap=139|depth=12|nodes=544116|legal=21|probs=cap=80,mcap=280,p=0.5,cls=normal,legal=21,accN=4,bandN=4,gaps=1:0,2:33,3:48,4:54,5:81,6:128,7:139,8:141,wouldBe=4,agap=139
GM|1|M1-MG_QT10-C1-R1|62|side=-1|cfg=T_JIN|kind=undefined|move=h7h9|hit=above|slot=1|gap=0|depth=12|nodes=530886|legal=51|probs=cap=80,mcap=280,p=0,cls=normal,legal=51,accN=1,bandN=7,gaps=1:0,2:153,3:153,4:167,5:118,6:159,7:222,8:224
GM|1|M1-MG_QT10-C1-R1|63|side=1|cfg=T_YOU|kind=undefined|move=e7g9|hit=rand|slot=2|gap=244|depth=13|nodes=540249|legal=2|probs=cap=80,mcap=280,p=0.5,cls=normal,legal=2,accN=1,bandN=1,gaps=1:0,2:244,wouldBe=1,agap=244
GM|1|M1-MG_QT10-C1-R1|64|side=-1|cfg=T_JIN|kind=undefined|move=h9g9|hit=above|slot=1|gap=0|depth=12|nodes=561012|legal=49|probs=cap=80,mcap=280,p=0,cls=normal,legal=49,accN=1,bandN=4,gaps=1:0,2:120,3:168,4:202,5:261,6:333,7:282,8:290
GM|1|M1-MG_QT10-C1-R1|65|side=1|cfg=T_YOU|kind=undefined|move=e8f9|hit=bmiss|slot=1|gap=0|depth=20|nodes=566314|legal=1|probs=cap=80,mcap=280,p=0.5,cls=normal,legal=1,accN=1,bandN=0,gaps=1:0,band=0
GM|1|M1-MG_QT10-C1-R1|66|side=-1|cfg=T_JIN|kind=undefined|move=g9g6|hit=above|slot=1|gap=0|depth=12|nodes=552518|legal=44|probs=cap=80,mcap=280,p=0,cls=normal,legal=44,accN=1,bandN=1,gaps=1:0,2:227,3:363,4:333,5:367,6:407,7:416,8:440
GM|1|M1-MG_QT10-C1-R1|67|side=1|cfg=T_YOU|kind=undefined|move=c3d1|hit=rand|slot=4|gap=264|depth=11|nodes=541590|legal=10|probs=cap=80,mcap=280,p=0.5,cls=normal,legal=10,accN=2,bandN=5,gaps=1:0,2:84,3:90,4:264,5:51,6:235,7:247,8:295,wouldBe=5,agap=264
GM|1|M1-MG_QT10-C1-R1|68|side=-1|cfg=T_JIN|kind=undefined|move=d0e1|hit=above|slot=1|gap=0|depth=13|nodes=553322|legal=52|probs=cap=80,mcap=280,p=0,cls=normal,legal=52,accN=1,bandN=2,gaps=1:0,2:226,3:226,4:314,5:341,6:479,7:601,8:628
GM|1|M1-MG_QT10-C1-R1|69|side=1|cfg=T_YOU|kind=undefined|move=d1c3|hit=bmiss|slot=1|gap=0|depth=33|nodes=793931|legal=8|probs=cap=80,mcap=280,p=0.5,cls=normal,legal=8,accN=8,bandN=0,gaps=1:0,2:0,3:0,4:0,5:0,6:0,7:0,8:0,band=0
GM|1|M1-MG_QT10-C1-R1|70|side=-1|cfg=T_JIN|kind=undefined|move=e3d5|hit=above|slot=1|gap=0|depth=14|nodes=591653|legal=51|probs=cap=0,mcap=700,p=0,cls=hard,legal=51,accN=1,bandN=0,gaps=1:0,2:96332,3:96523,4:96658,5:97139,6:97164,7:97172,8:97206
GM|1|M1-MG_QT10-C1-R1|71|side=1|cfg=T_YOU|kind=undefined|move=c3e4|hit=bmiss|slot=1|gap=0|depth=34|nodes=865065|legal=10|probs=cap=80,mcap=280,p=0.5,cls=normal,legal=10,accN=8,bandN=0,gaps=1:0,2:0,3:0,4:0,5:0,6:0,7:0,8:0,band=0
GM|1|M1-MG_QT10-C1-R1|72|side=-1|cfg=T_JIN|kind=undefined|move=d5c7|hit=above|slot=1|gap=0|depth=13|nodes=594530|legal=58|probs=cap=80,mcap=280,p=0,cls=normal,legal=58,accN=2,bandN=0,gaps=1:0,2:0,3:600,4:600,5:96959,6:97260,7:97373,8:97395
GM|1|M1-MG_QT10-C1-R1|73|side=1|cfg=T_YOU|kind=undefined|move=c9b9|hit=bmiss|slot=1|gap=0|depth=44|nodes=1079932|legal=10|probs=cap=80,mcap=280,p=0.5,cls=normal,legal=10,accN=8,bandN=0,gaps=1:0,2:0,3:0,4:0,5:0,6:0,7:0,8:0,band=0
GM|1|M1-MG_QT10-C1-R1|74|side=-1|cfg=T_JIN|kind=undefined|move=c7b9|hit=above|slot=1|gap=0|depth=26|nodes=714031|legal=55|probs=cap=80,mcap=280,p=0,cls=normal,legal=55,accN=3,bandN=5,gaps=1:0,2:0,3:0,4:100,5:100,6:100,7:100,8:100
GM|1|M1-MG_QT10-C1-R1|75|side=1|cfg=T_YOU|kind=undefined|move=e9e8|hit=bmiss|slot=1|gap=0|depth=59|nodes=1802466|legal=10|probs=cap=80,mcap=280,p=0.5,cls=normal,legal=10,accN=8,bandN=0,gaps=1:0,2:0,3:0,4:0,5:0,6:0,7:0,8:0,band=0
GM|1|M1-MG_QT10-C1-R1|76|side=-1|cfg=T_JIN|kind=undefined|move=g6g8|hit=above|slot=1|gap=0|depth=34|nodes=921707|legal=53|probs=cap=80,mcap=280,p=0,cls=normal,legal=53,accN=1,bandN=7,gaps=1:0,2:100,3:100,4:100,5:100,6:100,7:100,8:100
GM|1|M1-MG_QT10-C1-R1|77|side=1|cfg=T_YOU|kind=undefined|move=e8e7|hit=above|slot=1|gap=0|depth=245|nodes=970581|legal=2|probs=cap=80,mcap=280,p=0.5,cls=normal,legal=2,accN=2,bandN=0,gaps=1:0,2:0
GM|1|M1-MG_QT10-C1-R1|78|side=-1|cfg=T_JIN|kind=undefined|move=a9a7|hit=above|slot=1|gap=0|depth=35|nodes=1015452|legal=53|probs=cap=80,mcap=280,p=0,cls=normal,legal=53,accN=1,bandN=7,gaps=1:0,2:100,3:100,4:100,5:100,6:100,7:200,8:200
GM|1|M1-MG_QT10-C1-R1|79|side=1|cfg=T_YOU|kind=undefined|move=e4d2|hit=bmiss|slot=1|gap=0|depth=245|nodes=248465|legal=12|probs=cap=80,mcap=280,p=0.5,cls=normal,legal=12,accN=8,bandN=0,gaps=1:0,2:0,3:0,4:0,5:0,6:0,7:0,8:0,band=0
GM|1|M1-MG_QT10-C1-R1|80|side=-1|cfg=T_JIN|kind=undefined|move=e1d2|hit=above|slot=1|gap=0|depth=245|nodes=60515|legal=3|probs=cap=80,mcap=280,p=0,cls=normal,legal=3,accN=2,bandN=1,gaps=1:0,2:0,3:100
GM|1|M1-MG_QT10-C1-R1|81|side=1|cfg=T_YOU|kind=undefined|move=g5g4|hit=bmiss|slot=1|gap=0|depth=245|nodes=22476|legal=5|probs=cap=80,mcap=280,p=0.5,cls=normal,legal=5,accN=5,bandN=0,gaps=1:0,2:0,3:0,4:0,5:0,band=0
GM|1|M1-MG_QT10-C1-R1|82|side=-1|cfg=T_JIN|kind=undefined|move=c4c7|hit=above|slot=1|gap=0|depth=245|nodes=474538|legal=55|probs=cap=80,mcap=280,p=0,cls=normal,legal=55,accN=2,bandN=6,gaps=1:0,2:0,3:100,4:100,5:100,6:100,7:100,8:100
GE|1|M1-MG_QT10-C1-R1|END|winner=hi|reason=%E5%B0%86%E6%AD%BB|plies=82|tierMoves=82|invalid=0|crit=0|hiSide=1|stats=T_YOU:n=41,rand=9,cap=14,above=4,bmiss=14,gapMean=67,gapMax=264;T_JIN:n=41,rand=0,cap=27,above=14,bmiss=0,gapMean=37,gapMax=79
PROG|1|M1-MG_QT10-C1-R1
G|1|M2-MG_QT10-C0-R1|START|pos=MG_QT10|pair=%E9%AB%98%E6%89%8B_vs_%E8%BF%9B%E9%98%B6|hi=T_GAO|lo=T_JIN|hiFirst=0|fen=2bakc2r/4an3/c3b4/p6RC/2p1P1p2/9/P1n3P1P/2N3C1N/9/2BAKAB2 b - - 0 1
GM|1|M2-MG_QT10-C0-R1|1|side=1|cfg=T_GAO|kind=undefined|move=f8h9|hit=cap|slot=3|gap=22|depth=13|nodes=584491|legal=29|probs=cap=25,mcap=225,p=0.1,cls=normal,legal=29,accN=3,bandN=5,gaps=1:0,2:3,3:22,4:30,5:31,6:33,7:33,8:45
GM|1|M2-MG_QT10-C0-R1|2|side=-1|cfg=T_JIN|kind=undefined|move=g2f2|hit=cap|slot=8|gap=55|depth=13|nodes=600243|legal=45|probs=cap=80,mcap=280,p=0,cls=normal,legal=45,accN=8,bandN=0,gaps=1:0,2:11,3:31,4:44,5:48,6:48,7:49,8:55
GM|1|M2-MG_QT10-C0-R1|3|side=1|cfg=T_GAO|kind=undefined|move=f9f4|hit=cap|slot=4|gap=19|depth=13|nodes=571244|legal=32|probs=cap=25,mcap=225,p=0.1,cls=normal,legal=32,accN=4,bandN=4,gaps=1:0,2:11,3:18,4:19,5:47,6:54,7:60,8:62
GM|1|M2-MG_QT10-C0-R1|4|side=-1|cfg=T_JIN|kind=undefined|move=i2g1|hit=cap|slot=8|gap=33|depth=14|nodes=606505|legal=45|probs=cap=80,mcap=280,p=0,cls=normal,legal=45,accN=8,bandN=0,gaps=1:0,2:3,3:4,4:8,5:17,6:18,7:32,8:33
GM|1|M2-MG_QT10-C0-R1|5|side=1|cfg=T_GAO|kind=undefined|move=h9g7|hit=cap|slot=2|gap=1|depth=12|nodes=601642|legal=40|probs=cap=25,mcap=225,p=0.1,cls=normal,legal=40,accN=2,bandN=6,gaps=1:0,2:1,3:29,4:49,5:58,6:64,7:78,8:83
GM|1|M2-MG_QT10-C0-R1|6|side=-1|cfg=T_JIN|kind=undefined|move=i6a6|hit=cap|slot=2|gap=33|depth=12|nodes=654243|legal=50|probs=cap=80,mcap=280,p=0,cls=normal,legal=50,accN=2,bandN=2,gaps=1:0,2:33,3:183,4:262,5:345,6:398,7:402,8:403
GM|1|M2-MG_QT10-C0-R1|7|side=1|cfg=T_GAO|kind=undefined|move=f4e4|hit=above|slot=1|gap=0|depth=12|nodes=634153|legal=49|probs=cap=25,mcap=225,p=0.1,cls=normal,legal=49,accN=1,bandN=7,gaps=1:0,2:50,3:60,4:61,5:70,6:82,7:87,8:101
GM|1|M2-MG_QT10-C0-R1|8|side=-1|cfg=T_JIN|kind=undefined|move=g1f3|hit=above|slot=1|gap=0|depth=12|nodes=598399|legal=51|probs=cap=80,mcap=280,p=0,cls=normal,legal=51,accN=1,bandN=7,gaps=1:0,2:87,3:135,4:184,5:184,6:212,7:257,8:217
GM|1|M2-MG_QT10-C0-R1|9|side=1|cfg=T_GAO|kind=undefined|move=g5g4|hit=cap|slot=2|gap=14|depth=13|nodes=629190|legal=44|probs=cap=25,mcap=225,p=0.1,cls=normal,legal=44,accN=2,bandN=6,gaps=1:0,2:14,3:48,4:54,5:58,6:60,7:60,8:65
GM|1|M2-MG_QT10-C0-R1|10|side=-1|cfg=T_JIN|kind=undefined|move=h6d6|hit=cap|slot=6|gap=75|depth=12|nodes=528846|legal=43|probs=cap=80,mcap=280,p=0,cls=normal,legal=43,accN=6,bandN=2,gaps=1:0,2:34,3:35,4:66,5:68,6:75,7:106,8:117
GM|1|M2-MG_QT10-C0-R1|11|side=1|cfg=T_GAO|kind=undefined|move=a7d7|hit=cap|slot=2|gap=16|depth=11|nodes=628858|legal=44|probs=cap=25,mcap=225,p=0.1,cls=normal,legal=44,accN=2,bandN=6,gaps=1:0,2:16,3:27,4:27,5:36,6:83,7:87,8:88
GM|1|M2-MG_QT10-C0-R1|12|side=-1|cfg=T_JIN|kind=undefined|move=d6d4|hit=cap|slot=7|gap=73|depth=12|nodes=576758|legal=39|probs=cap=80,mcap=280,p=0,cls=normal,legal=39,accN=7,bandN=1,gaps=1:0,2:7,3:19,4:34,5:63,6:67,7:73,8:98
GM|1|M2-MG_QT10-C0-R1|13|side=1|cfg=T_GAO|kind=undefined|move=g4f4|hit=above|slot=1|gap=0|depth=13|nodes=648880|legal=41|probs=cap=25,mcap=225,p=0.1,cls=normal,legal=41,accN=1,bandN=5,gaps=1:0,2:145,3:136,4:165,5:199,6:199,7:247,8:270
GM|1|M2-MG_QT10-C0-R1|14|side=-1|cfg=T_JIN|kind=undefined|move=a6c6|hit=cap|slot=2|gap=20|depth=13|nodes=589525|legal=41|probs=cap=80,mcap=280,p=0,cls=normal,legal=41,accN=2,bandN=6,gaps=1:0,2:20,3:92,4:161,5:169,6:179,7:200,8:222
GM|1|M2-MG_QT10-C0-R1|15|side=1|cfg=T_GAO|kind=undefined|move=c3e2|hit=above|slot=1|gap=0|depth=14|nodes=645073|legal=40|probs=cap=25,mcap=225,p=0.1,cls=normal,legal=40,accN=1,bandN=1,gaps=1:0,2:208,3:267,4:267,5:292,6:297,7:320,8:417
GM|1|M2-MG_QT10-C0-R1|16|side=-1|cfg=T_JIN|kind=undefined|move=c2e3|hit=above|slot=1|gap=0|depth=11|nodes=515179|legal=5|probs=cap=80,mcap=280,p=0,cls=normal,legal=5,accN=1,bandN=0,gaps=1:0,2:354,3:624,4:99796,5:99796
GM|1|M2-MG_QT10-C0-R1|17|side=1|cfg=T_GAO|kind=undefined|move=e2c1|hit=above|slot=1|gap=0|depth=14|nodes=648996|legal=36|probs=cap=25,mcap=225,p=0.1,cls=normal,legal=36,accN=1,bandN=2,gaps=1:0,2:128,3:170,4:230,5:242,6:243,7:273,8:288
GM|1|M2-MG_QT10-C0-R1|18|side=-1|cfg=T_JIN|kind=undefined|move=e3d1|hit=above|slot=1|gap=0|depth=15|nodes=523144|legal=1|probs=cap=80,mcap=280,p=0,cls=normal,legal=1,accN=1,bandN=0,gaps=1:0
GM|1|M2-MG_QT10-C0-R1|19|side=1|cfg=T_GAO|kind=undefined|move=c1b3|hit=above|slot=1|gap=0|depth=15|nodes=647823|legal=39|probs=cap=25,mcap=225,p=0.1,cls=normal,legal=39,accN=1,bandN=0,gaps=1:0,2:301,3:302,4:313,5:316,6:325,7:384,8:391
GM|1|M2-MG_QT10-C0-R1|20|side=-1|cfg=T_JIN|kind=undefined|move=d4b4|hit=cap|slot=2|gap=31|depth=11|nodes=530891|legal=41|probs=cap=80,mcap=280,p=0,cls=normal,legal=41,accN=2,bandN=3,gaps=1:0,2:31,3:91,4:102,5:277,6:296,7:366,8:370
GM|1|M2-MG_QT10-C0-R1|21|side=1|cfg=T_GAO|kind=undefined|move=c5c4|hit=rand|slot=2|gap=194|depth=13|nodes=632835|legal=44|probs=cap=25,mcap=225,p=0.1,cls=normal,legal=44,accN=1,bandN=1,gaps=1:0,2:194,3:228,4:274,5:287,6:292,7:324,8:324,wouldBe=1,agap=194
GM|1|M2-MG_QT10-C0-R1|22|side=-1|cfg=T_JIN|kind=undefined|move=b4b3|hit=above|slot=1|gap=0|depth=16|nodes=648019|legal=42|probs=cap=80,mcap=280,p=0,cls=normal,legal=42,accN=1,bandN=1,gaps=1:0,2:276,3:313,4:337,5:343,6:349,7:375,8:557
GM|1|M2-MG_QT10-C0-R1|23|side=1|cfg=T_GAO|kind=undefined|move=f4f3|hit=above|slot=1|gap=0|depth=13|nodes=648637|legal=42|probs=cap=25,mcap=225,p=0.1,cls=normal,legal=42,accN=1,bandN=3,gaps=1:0,2:95,3:141,4:161,5:263,6:276,7:353,8:412
GM|1|M2-MG_QT10-C0-R1|24|side=-1|cfg=T_JIN|kind=undefined|move=b3f3|hit=above|slot=1|gap=0|depth=14|nodes=599604|legal=43|probs=cap=80,mcap=280,p=0,cls=normal,legal=43,accN=1,bandN=7,gaps=1:0,2:157,3:218,4:229,5:230,6:231,7:243,8:255
GM|1|M2-MG_QT10-C0-R1|25|side=1|cfg=T_GAO|kind=undefined|move=i9i5|hit=above|slot=1|gap=0|depth=13|nodes=610094|legal=43|probs=cap=25,mcap=225,p=0.1,cls=normal,legal=43,accN=1,bandN=7,gaps=1:0,2:26,3:87,4:93,5:102,6:102,7:108,8:111
GM|1|M2-MG_QT10-C0-R1|26|side=-1|cfg=T_JIN|kind=undefined|move=c6e6|hit=above|slot=1|gap=0|depth=13|nodes=615288|legal=40|probs=cap=80,mcap=280,p=0,cls=normal,legal=40,accN=1,bandN=7,gaps=1:0,2:87,3:112,4:106,5:108,6:160,7:188,8:188
GM|1|M2-MG_QT10-C0-R1|27|side=1|cfg=T_GAO|kind=undefined|move=g7e6|hit=above|slot=1|gap=0|depth=11|nodes=609691|legal=40|probs=cap=25,mcap=225,p=0.1,cls=normal,legal=40,accN=1,bandN=7,gaps=1:0,2:47,3:65,4:88,5:90,6:112,7:132,8:177
GM|1|M2-MG_QT10-C0-R1|28|side=-1|cfg=T_JIN|kind=undefined|move=e5e6|hit=above|slot=1|gap=0|depth=14|nodes=633181|legal=29|probs=cap=80,mcap=280,p=0,cls=normal,legal=29,accN=1,bandN=0,gaps=1:0,2:322,3:366,4:399,5:405,6:406,7:416,8:418
GM|1|M2-MG_QT10-C0-R1|29|side=1|cfg=T_GAO|kind=undefined|move=i5h5|hit=cap|slot=4|gap=18|depth=11|nodes=669045|legal=42|probs=cap=25,mcap=225,p=0.1,cls=normal,legal=42,accN=4,bandN=4,gaps=1:0,2:0,3:17,4:18,5:44,6:28,7:34,8:42
GM|1|M2-MG_QT10-C0-R1|30|side=-1|cfg=T_JIN|kind=undefined|move=e0e1|hit=cap|slot=3|gap=13|depth=13|nodes=567451|legal=29|probs=cap=80,mcap=280,p=0,cls=normal,legal=29,accN=3,bandN=2,gaps=1:0,2:5,3:13,4:186,5:205,6:305,7:337,8:351
GM|1|M2-MG_QT10-C0-R1|31|side=1|cfg=T_GAO|kind=undefined|move=h5h6|hit=cap|slot=3|gap=18|depth=11|nodes=671562|legal=44|probs=cap=25,mcap=225,p=0.1,cls=normal,legal=44,accN=3,bandN=5,gaps=1:0,2:13,3:18,4:36,5:41,6:55,7:53,8:53
GM|1|M2-MG_QT10-C0-R1|32|side=-1|cfg=T_JIN|kind=undefined|move=i3i4|hit=cap|slot=7|gap=22|depth=12|nodes=592523|legal=31|probs=cap=80,mcap=280,p=0,cls=normal,legal=31,accN=8,bandN=0,gaps=1:0,2:3,3:3,4:4,5:5,6:9,7:22,8:19
GM|1|M2-MG_QT10-C0-R1|33|side=1|cfg=T_GAO|kind=undefined|move=d7d5|hit=cap|slot=3|gap=25|depth=12|nodes=635040|legal=39|probs=cap=25,mcap=225,p=0.1,cls=normal,legal=39,accN=3,bandN=5,gaps=1:0,2:22,3:25,4:26,5:32,6:28,7:31,8:31
GM|1|M2-MG_QT10-C0-R1|34|side=-1|cfg=T_JIN|kind=undefined|move=f3f5|hit=cap|slot=2|gap=12|depth=15|nodes=572070|legal=31|probs=cap=80,mcap=280,p=0,cls=normal,legal=31,accN=2,bandN=0,gaps=1:0,2:12,3:295,4:305,5:349,6:352,7:374,8:375
GM|1|M2-MG_QT10-C0-R1|35|side=1|cfg=T_GAO|kind=undefined|move=h6h2|hit=rand|slot=6|gap=60|depth=12|nodes=635366|legal=41|probs=cap=25,mcap=225,p=0.1,cls=normal,legal=41,accN=2,bandN=6,gaps=1:0,2:10,3:28,4:41,5:51,6:60,7:67,8:76,wouldBe=2,agap=60
GM|1|M2-MG_QT10-C0-R1|36|side=-1|cfg=T_JIN|kind=undefined|move=c0a2|hit=cap|slot=6|gap=74|depth=14|nodes=591836|legal=33|probs=cap=80,mcap=280,p=0,cls=normal,legal=33,accN=6,bandN=2,gaps=1:0,2:46,3:58,4:62,5:70,6:74,7:82,8:85
GM|1|M2-MG_QT10-C0-R1|37|side=1|cfg=T_GAO|kind=undefined|move=d5d3|hit=cap|slot=2|gap=1|depth=11|nodes=623707|legal=40|probs=cap=25,mcap=225,p=0.1,cls=normal,legal=40,accN=2,bandN=6,gaps=1:0,2:1,3:127,4:149,5:152,6:157,7:164,8:193
GM|1|M2-MG_QT10-C0-R1|38|side=-1|cfg=T_JIN|kind=undefined|move=d1b2|hit=cap|slot=2|gap=12|depth=14|nodes=628878|legal=36|probs=cap=80,mcap=280,p=0,cls=normal,legal=36,accN=2,bandN=3,gaps=1:0,2:12,3:175,4:195,5:269,6:312,7:315,8:315
GM|1|M2-MG_QT10-C0-R1|39|side=1|cfg=T_GAO|kind=undefined|move=d3b3|hit=cap|slot=2|gap=11|depth=13|nodes=678029|legal=40|probs=cap=25,mcap=225,p=0.1,cls=normal,legal=40,accN=2,bandN=3,gaps=1:0,2:11,3:62,4:68,5:94,6:245,7:343,8:380
GM|1|M2-MG_QT10-C0-R1|40|side=-1|cfg=T_JIN|kind=undefined|move=i4i5|hit=cap|slot=5|gap=50|depth=13|nodes=625397|legal=36|probs=cap=80,mcap=280,p=0,cls=normal,legal=36,accN=5,bandN=3,gaps=1:0,2:42,3:41,4:49,5:50,6:81,7:83,8:85
GM|1|M2-MG_QT10-C0-R1|41|side=1|cfg=T_GAO|kind=undefined|move=h2h1|hit=cap|slot=2|gap=7|depth=11|nodes=588487|legal=40|probs=cap=25,mcap=225,p=0.1,cls=normal,legal=40,accN=2,bandN=6,gaps=1:0,2:7,3:40,4:43,5:86,6:89,7:90,8:96
GM|1|M2-MG_QT10-C0-R1|42|side=-1|cfg=T_JIN|kind=undefined|move=f2f1|hit=cap|slot=2|gap=10|depth=14|nodes=598599|legal=3|probs=cap=80,mcap=280,p=0,cls=normal,legal=3,accN=2,bandN=0,gaps=1:0,2:10,3:100046
GM|1|M2-MG_QT10-C0-R1|43|side=1|cfg=T_GAO|kind=undefined|move=c4d4|hit=cap|slot=2|gap=14|depth=13|nodes=640575|legal=40|probs=cap=25,mcap=225,p=0.1,cls=normal,legal=40,accN=2,bandN=6,gaps=1:0,2:14,3:50,4:70,5:80,6:82,7:86,8:87
GM|1|M2-MG_QT10-C0-R1|44|side=-1|cfg=T_JIN|kind=undefined|move=f5f6|hit=cap|slot=8|gap=52|depth=13|nodes=588247|legal=30|probs=cap=80,mcap=280,p=0,cls=normal,legal=30,accN=8,bandN=0,gaps=1:0,2:10,3:8,4:14,5:25,6:37,7:39,8:52
GM|1|M2-MG_QT10-C0-R1|45|side=1|cfg=T_GAO|kind=undefined|move=h1g1|hit=above|slot=1|gap=0|depth=12|nodes=639174|legal=37|probs=cap=25,mcap=225,p=0.1,cls=normal,legal=37,accN=2,bandN=6,gaps=1:0,2:0,3:26,4:34,5:73,6:64,7:68,8:69
GM|1|M2-MG_QT10-C0-R1|46|side=-1|cfg=T_JIN|kind=undefined|move=g0i2|hit=cap|slot=5|gap=51|depth=12|nodes=602341|legal=25|probs=cap=80,mcap=280,p=0,cls=normal,legal=25,accN=8,bandN=0,gaps=1:0,2:4,3:15,4:45,5:51,6:23,7:26,8:46
GM|1|M2-MG_QT10-C0-R1|47|side=1|cfg=T_GAO|kind=undefined|move=g1g2|hit=cap|slot=2|gap=12|depth=12|nodes=629347|legal=31|probs=cap=25,mcap=225,p=0.1,cls=normal,legal=31,accN=2,bandN=6,gaps=1:0,2:12,3:71,4:87,5:111,6:118,7:118,8:122
GM|1|M2-MG_QT10-C0-R1|48|side=-1|cfg=T_JIN|kind=undefined|move=f1f2|hit=above|slot=1|gap=0|depth=14|nodes=573656|legal=32|probs=cap=80,mcap=280,p=0,cls=normal,legal=32,accN=1,bandN=7,gaps=1:0,2:87,3:93,4:190,5:192,6:200,7:223,8:240
GM|1|M2-MG_QT10-C0-R1|49|side=1|cfg=T_GAO|kind=undefined|move=g2g3|hit=cap|slot=2|gap=5|depth=13|nodes=648080|legal=31|probs=cap=25,mcap=225,p=0.1,cls=normal,legal=31,accN=2,bandN=6,gaps=1:0,2:5,3:66,4:87,5:92,6:81,7:97,8:103
GM|1|M2-MG_QT10-C0-R1|50|side=-1|cfg=T_JIN|kind=undefined|move=a3a4|hit=cap|slot=8|gap=57|depth=12|nodes=603402|legal=33|probs=cap=80,mcap=280,p=0,cls=normal,legal=33,accN=8,bandN=0,gaps=1:0,2:9,3:10,4:17,5:19,6:34,7:55,8:57
GM|1|M2-MG_QT10-C0-R1|51|side=1|cfg=T_GAO|kind=undefined|move=g3g1|hit=above|slot=1|gap=0|depth=13|nodes=620799|legal=42|probs=cap=25,mcap=225,p=0.1,cls=normal,legal=42,accN=1,bandN=7,gaps=1:0,2:65,3:72,4:72,5:79,6:101,7:101,8:114
GM|1|M2-MG_QT10-C0-R1|52|side=-1|cfg=T_JIN|kind=undefined|move=f2f1|hit=cap|slot=2|gap=20|depth=12|nodes=577205|legal=3|probs=cap=80,mcap=280,p=0,cls=normal,legal=3,accN=2,bandN=0,gaps=1:0,2:20,3:99818
GM|1|M2-MG_QT10-C0-R1|53|side=1|cfg=T_GAO|kind=undefined|move=g1i1|hit=rand|slot=5|gap=114|depth=13|nodes=614870|legal=42|probs=cap=25,mcap=225,p=0.1,cls=normal,legal=42,accN=1,bandN=7,gaps=1:0,2:35,3:83,4:98,5:114,6:121,7:132,8:142,wouldBe=1,agap=114
GM|1|M2-MG_QT10-C0-R1|54|side=-1|cfg=T_JIN|kind=undefined|move=f6f3|hit=cap|slot=7|gap=50|depth=13|nodes=616141|legal=27|probs=cap=80,mcap=280,p=0,cls=normal,legal=27,accN=7,bandN=1,gaps=1:0,2:12,3:22,4:38,5:42,6:48,7:50,8:93
GM|1|M2-MG_QT10-C0-R1|55|side=1|cfg=T_GAO|kind=undefined|move=b3e3|hit=above|slot=1|gap=0|depth=13|nodes=616420|legal=32|probs=cap=25,mcap=225,p=0.1,cls=normal,legal=32,accN=1,bandN=6,gaps=1:0,2:77,3:99,4:103,5:105,6:108,7:114,8:235
GM|1|M2-MG_QT10-C0-R1|56|side=-1|cfg=T_JIN|kind=undefined|move=e1d1|hit=above|slot=1|gap=0|depth=19|nodes=568648|legal=1|probs=cap=80,mcap=280,p=0,cls=normal,legal=1,accN=1,bandN=0,gaps=1:0
GM|1|M2-MG_QT10-C0-R1|57|side=1|cfg=T_GAO|kind=undefined|move=e3e6|hit=above|slot=1|gap=0|depth=15|nodes=674566|legal=28|probs=cap=25,mcap=225,p=0.1,cls=normal,legal=28,accN=1,bandN=2,gaps=1:0,2:84,3:172,4:260,5:260,6:261,7:263,8:265
GM|1|M2-MG_QT10-C0-R1|58|side=-1|cfg=T_JIN|kind=undefined|move=f3f6|hit=above|slot=1|gap=0|depth=11|nodes=573777|legal=32|probs=cap=80,mcap=280,p=0,cls=normal,legal=32,accN=1,bandN=7,gaps=1:0,2:84,3:88,4:93,5:98,6:117,7:120,8:127
GM|1|M2-MG_QT10-C0-R1|59|side=1|cfg=T_GAO|kind=undefined|move=e6e5|hit=above|slot=1|gap=0|depth=13|nodes=792133|legal=28|probs=cap=25,mcap=225,p=0.1,cls=normal,legal=28,accN=1,bandN=1,gaps=1:0,2:65,3:240,4:241,5:256,6:255,7:261,8:262
GM|1|M2-MG_QT10-C0-R1|60|side=-1|cfg=T_JIN|kind=undefined|move=i2g4|hit=cap|slot=5|gap=60|depth=13|nodes=537635|legal=32|probs=cap=80,mcap=280,p=0,cls=normal,legal=32,accN=5,bandN=3,gaps=1:0,2:51,3:53,4:54,5:60,6:84,7:88,8:96
GM|1|M2-MG_QT10-C0-R1|61|side=1|cfg=T_GAO|kind=undefined|move=e5d5|hit=above|slot=1|gap=0|depth=12|nodes=554360|legal=30|probs=cap=25,mcap=225,p=0.1,cls=normal,legal=30,accN=1,bandN=7,gaps=1:0,2:53,3:64,4:80,5:86,6:95,7:110,8:127
GM|1|M2-MG_QT10-C0-R1|62|side=-1|cfg=T_JIN|kind=undefined|move=d1e1|hit=above|slot=1|gap=0|depth=17|nodes=541896|legal=2|probs=cap=80,mcap=280,p=0,cls=normal,legal=2,accN=1,bandN=1,gaps=1:0,2:280
GM|1|M2-MG_QT10-C0-R1|63|side=1|cfg=T_GAO|kind=undefined|move=e7c5|hit=cap|slot=3|gap=17|depth=11|nodes=551792|legal=33|probs=cap=25,mcap=225,p=0.1,cls=normal,legal=33,accN=3,bandN=5,gaps=1:0,2:2,3:17,4:30,5:42,6:54,7:58,8:68
GM|1|M2-MG_QT10-C0-R1|64|side=-1|cfg=T_JIN|kind=undefined|move=a2c0|hit=cap|slot=8|gap=49|depth=12|nodes=592706|legal=30|probs=cap=80,mcap=280,p=0,cls=normal,legal=30,accN=8,bandN=0,gaps=1:0,2:21,3:25,4:25,5:31,6:43,7:48,8:49
GM|1|M2-MG_QT10-C0-R1|65|side=1|cfg=T_GAO|kind=undefined|move=e4e7|hit=cap|slot=2|gap=1|depth=12|nodes=576790|legal=32|probs=cap=25,mcap=225,p=0.1,cls=normal,legal=32,accN=2,bandN=6,gaps=1:0,2:1,3:64,4:58,5:59,6:62,7:64,8:69
GM|1|M2-MG_QT10-C0-R1|66|side=-1|cfg=T_JIN|kind=undefined|move=i5i6|hit=cap|slot=4|gap=69|depth=12|nodes=551169|legal=27|probs=cap=80,mcap=280,p=0,cls=normal,legal=27,accN=4,bandN=4,gaps=1:0,2:10,3:37,4:69,5:85,6:89,7:90,8:90
GM|1|M2-MG_QT10-C0-R1|67|side=1|cfg=T_GAO|kind=undefined|move=i1g1|hit=cap|slot=4|gap=23|depth=11|nodes=540545|legal=39|probs=cap=25,mcap=225,p=0.1,cls=normal,legal=39,accN=4,bandN=4,gaps=1:0,2:11,3:13,4:23,5:37,6:75,7:80,8:83
GM|1|M2-MG_QT10-C0-R1|68|side=-1|cfg=T_JIN|kind=undefined|move=c0a2|hit=cap|slot=7|gap=68|depth=13|nodes=582338|legal=24|probs=cap=80,mcap=280,p=0,cls=normal,legal=24,accN=7,bandN=1,gaps=1:0,2:26,3:30,4:38,5:44,6:53,7:68,8:109
GM|1|M2-MG_QT10-C0-R1|69|side=1|cfg=T_GAO|kind=undefined|move=g1g4|hit=cap|slot=2|gap=11|depth=12|nodes=551622|legal=37|probs=cap=25,mcap=225,p=0.1,cls=normal,legal=37,accN=2,bandN=6,gaps=1:0,2:11,3:85,4:111,5:114,6:116,7:121,8:128
GM|1|M2-MG_QT10-C0-R1|70|side=-1|cfg=T_JIN|kind=undefined|move=f1f3|hit=above|slot=1|gap=0|depth=13|nodes=565299|legal=32|probs=cap=80,mcap=280,p=0,cls=normal,legal=32,accN=1,bandN=7,gaps=1:0,2:95,3:101,4:148,5:175,6:162,7:190,8:252
GM|1|M2-MG_QT10-C0-R1|71|side=1|cfg=T_GAO|kind=undefined|move=d4e4|hit=above|slot=1|gap=0|depth=12|nodes=549203|legal=43|probs=cap=25,mcap=225,p=0.1,cls=normal,legal=43,accN=2,bandN=6,gaps=1:0,2:0,3:112,4:125,5:126,6:126,7:126,8:127
GM|1|M2-MG_QT10-C0-R1|72|side=-1|cfg=T_JIN|kind=undefined|move=f6e6|hit=cap|slot=2|gap=2|depth=14|nodes=564685|legal=4|probs=cap=80,mcap=280,p=0,cls=normal,legal=4,accN=2,bandN=1,gaps=1:0,2:2,3:128,4:337
GM|1|M2-MG_QT10-C0-R1|73|side=1|cfg=T_GAO|kind=undefined|move=g4g2|hit=rand|slot=7|gap=141|depth=13|nodes=534735|legal=41|probs=cap=25,mcap=225,p=0.1,cls=normal,legal=41,accN=1,bandN=7,gaps=1:0,2:46,3:78,4:114,5:125,6:131,7:141,8:178,wouldBe=1,agap=141
GM|1|M2-MG_QT10-C0-R1|74|side=-1|cfg=T_JIN|kind=undefined|move=e1e0|hit=cap|slot=4|gap=65|depth=13|nodes=567324|legal=31|probs=cap=80,mcap=280,p=0,cls=normal,legal=31,accN=4,bandN=4,gaps=1:0,2:18,3:59,4:65,5:85,6:86,7:88,8:97
GM|1|M2-MG_QT10-C0-R1|75|side=1|cfg=T_GAO|kind=undefined|move=g2g3|hit=cap|slot=3|gap=5|depth=13|nodes=547749|legal=45|probs=cap=25,mcap=225,p=0.1,cls=normal,legal=45,accN=3,bandN=5,gaps=1:0,2:1,3:5,4:47,5:94,6:94,7:102,8:116
GM|1|M2-MG_QT10-C0-R1|76|side=-1|cfg=T_JIN|kind=undefined|move=f3f5|hit=cap|slot=8|gap=53|depth=11|nodes=578456|legal=28|probs=cap=80,mcap=280,p=0,cls=normal,legal=28,accN=8,bandN=0,gaps=1:0,2:14,3:27,4:28,5:35,6:49,7:49,8:53
GM|1|M2-MG_QT10-C0-R1|77|side=1|cfg=T_GAO|kind=undefined|move=g3g6|hit=above|slot=1|gap=0|depth=13|nodes=611187|legal=42|probs=cap=25,mcap=225,p=0.1,cls=normal,legal=42,accN=1,bandN=3,gaps=1:0,2:94,3:173,4:179,5:274,6:306,7:313,8:320
GM|1|M2-MG_QT10-C0-R1|78|side=-1|cfg=T_JIN|kind=undefined|move=e6e5|hit=cap|slot=2|gap=18|depth=12|nodes=644375|legal=28|probs=cap=80,mcap=280,p=0,cls=normal,legal=28,accN=2,bandN=6,gaps=1:0,2:18,3:170,4:196,5:222,6:217,7:233,8:235
GM|1|M2-MG_QT10-C0-R1|79|side=1|cfg=T_GAO|kind=undefined|move=d5f5|hit=cap|slot=2|gap=4|depth=13|nodes=581820|legal=43|probs=cap=25,mcap=225,p=0.1,cls=normal,legal=43,accN=2,bandN=1,gaps=1:0,2:4,3:44,4:240,5:242,6:280,7:358,8:402
GM|1|M2-MG_QT10-C0-R1|80|side=-1|cfg=T_JIN|kind=undefined|move=b2c0|hit=cap|slot=6|gap=66|depth=10|nodes=541026|legal=15|probs=cap=80,mcap=280,p=0,cls=normal,legal=15,accN=6,bandN=2,gaps=1:0,2:11,3:21,4:45,5:51,6:66,7:85,8:105
GM|1|M2-MG_QT10-C0-R1|81|side=1|cfg=T_GAO|kind=undefined|move=f5h5|hit=cap|slot=2|gap=18|depth=12|nodes=536214|legal=46|probs=cap=25,mcap=225,p=0.1,cls=normal,legal=46,accN=2,bandN=6,gaps=1:0,2:18,3:88,4:134,5:150,6:161,7:165,8:167
GM|1|M2-MG_QT10-C0-R1|82|side=-1|cfg=T_JIN|kind=undefined|move=f0e1|hit=cap|slot=4|gap=51|depth=9|nodes=530661|legal=12|probs=cap=80,mcap=280,p=0,cls=normal,legal=12,accN=4,bandN=4,gaps=1:0,2:41,3:50,4:51,5:241,6:170,7:173,8:188
GM|1|M2-MG_QT10-C0-R1|83|side=1|cfg=T_GAO|kind=undefined|move=g6g0|hit=above|slot=1|gap=0|depth=12|nodes=608215|legal=47|probs=cap=25,mcap=225,p=0.1,cls=normal,legal=47,accN=1,bandN=7,gaps=1:0,2:52,3:135,4:137,5:155,6:158,7:160,8:166
GM|1|M2-MG_QT10-C0-R1|84|side=-1|cfg=T_JIN|kind=undefined|move=e1f0|hit=above|slot=1|gap=0|depth=21|nodes=670915|legal=1|probs=cap=80,mcap=280,p=0,cls=normal,legal=1,accN=1,bandN=0,gaps=1:0
GM|1|M2-MG_QT10-C0-R1|85|side=1|cfg=T_GAO|kind=undefined|move=g0g5|hit=bmiss|slot=6|gap=17|depth=12|nodes=636301|legal=42|probs=cap=25,mcap=225,p=0.1,cls=normal,legal=42,accN=8,bandN=0,gaps=1:0,2:8,3:13,4:14,5:16,6:17,7:17,8:17,band=0
GM|1|M2-MG_QT10-C0-R1|86|side=-1|cfg=T_JIN|kind=undefined|move=e5e7|hit=above|slot=1|gap=0|depth=13|nodes=618254|legal=12|probs=cap=80,mcap=280,p=0,cls=normal,legal=12,accN=1,bandN=0,gaps=1:0,2:416,3:416,4:483,5:546,6:572,7:748,8:751
GM|1|M2-MG_QT10-C0-R1|87|side=1|cfg=T_GAO|kind=undefined|move=c5e7|hit=above|slot=1|gap=0|depth=11|nodes=667323|legal=30|probs=cap=25,mcap=225,p=0.1,cls=normal,legal=30,accN=1,bandN=2,gaps=1:0,2:28,3:29,4:702,5:728,6:810,7:818,8:819
GM|1|M2-MG_QT10-C0-R1|88|side=-1|cfg=T_JIN|kind=undefined|move=c0a1|hit=cap|slot=6|gap=79|depth=11|nodes=666389|legal=10|probs=cap=80,mcap=280,p=0,cls=normal,legal=10,accN=6,bandN=2,gaps=1:0,2:6,3:10,4:28,5:32,6:79,7:88,8:113
GM|1|M2-MG_QT10-C0-R1|89|side=1|cfg=T_GAO|kind=undefined|move=h5h0|hit=above|slot=1|gap=0|depth=12|nodes=661968|legal=35|probs=cap=25,mcap=225,p=0.1,cls=normal,legal=35,accN=1,bandN=7,gaps=1:0,2:66,3:96,4:100,5:103,6:103,7:105,8:109
GM|1|M2-MG_QT10-C0-R1|90|side=-1|cfg=T_JIN|kind=undefined|move=f0e1|hit=above|slot=1|gap=0|depth=27|nodes=768769|legal=2|probs=cap=80,mcap=280,p=0,cls=normal,legal=2,accN=2,bandN=0,gaps=1:0,2:0
GM|1|M2-MG_QT10-C0-R1|91|side=1|cfg=T_GAO|kind=undefined|move=g5g0|hit=above|slot=1|gap=0|depth=12|nodes=665045|legal=40|probs=cap=25,mcap=225,p=0.1,cls=normal,legal=40,accN=1,bandN=7,gaps=1:0,2:67,3:73,4:74,5:81,6:82,7:86,8:86
GM|1|M2-MG_QT10-C0-R1|92|side=-1|cfg=T_JIN|kind=undefined|move=e1f0|hit=above|slot=1|gap=0|depth=25|nodes=751176|legal=1|probs=cap=80,mcap=280,p=0,cls=normal,legal=1,accN=1,bandN=0,gaps=1:0
GM|1|M2-MG_QT10-C0-R1|93|side=1|cfg=T_GAO|kind=undefined|move=h0f0|hit=above|slot=1|gap=0|depth=23|nodes=862367|legal=32|probs=cap=25,mcap=225,p=0.1,cls=normal,legal=32,accN=1,bandN=7,gaps=1:0,2:200,3:200,4:200,5:200,6:200,7:200,8:200
GM|1|M2-MG_QT10-C0-R1|94|side=-1|cfg=T_JIN|kind=undefined|move=e0e1|hit=above|slot=1|gap=0|depth=23|nodes=745210|legal=9|probs=cap=80,mcap=280,p=0,cls=normal,legal=9,accN=8,bandN=0,gaps=1:0,2:0,3:0,4:0,5:0,6:0,7:0,8:0
GM|1|M2-MG_QT10-C0-R1|95|side=1|cfg=T_GAO|kind=undefined|move=g0g1|hit=cap|slot=2|gap=1|depth=13|nodes=644698|legal=32|probs=cap=25,mcap=225,p=0.1,cls=normal,legal=32,accN=2,bandN=6,gaps=1:0,2:1,3:59,4:65,5:67,6:71,7:71,8:73
GM|1|M2-MG_QT10-C0-R1|96|side=-1|cfg=T_JIN|kind=undefined|move=e1e0|hit=above|slot=1|gap=0|depth=28|nodes=777434|legal=2|probs=cap=80,mcap=280,p=0,cls=normal,legal=2,accN=2,bandN=0,gaps=1:0,2:0
GM|1|M2-MG_QT10-C0-R1|97|side=1|cfg=T_GAO|kind=undefined|move=f0f6|hit=cap|slot=3|gap=25|depth=12|nodes=724080|legal=41|probs=cap=25,mcap=225,p=0.1,cls=normal,legal=41,accN=3,bandN=5,gaps=1:0,2:7,3:25,4:74,5:79,6:88,7:101,8:110
GM|1|M2-MG_QT10-C0-R1|98|side=-1|cfg=T_JIN|kind=undefined|move=a2c0|hit=above|slot=1|gap=0|depth=26|nodes=781255|legal=9|probs=cap=80,mcap=280,p=0,cls=normal,legal=9,accN=8,bandN=0,gaps=1:0,2:0,3:0,4:0,5:0,6:0,7:0,8:0
GM|1|M2-MG_QT10-C0-R1|99|side=1|cfg=T_GAO|kind=undefined|move=f6e6|hit=above|slot=1|gap=0|depth=16|nodes=798554|legal=43|probs=cap=25,mcap=225,p=0.1,cls=normal,legal=43,accN=3,bandN=1,gaps=1:0,2:0,3:0,4:200,5:600,6:600,7:600,8:600
GM|1|M2-MG_QT10-C0-R1|100|side=-1|cfg=T_JIN|kind=undefined|move=e0f0|hit=above|slot=1|gap=0|depth=36|nodes=825837|legal=3|probs=cap=80,mcap=280,p=0,cls=normal,legal=3,accN=3,bandN=0,gaps=1:0,2:0,3:0
GM|1|M2-MG_QT10-C0-R1|101|side=1|cfg=T_GAO|kind=undefined|move=g1g0|hit=rand|slot=2|gap=200|depth=20|nodes=828766|legal=35|probs=cap=25,mcap=225,p=0.1,cls=normal,legal=35,accN=1,bandN=2,gaps=1:0,2:200,3:200,4:300,5:300,6:300,7:400,8:800,wouldBe=1,agap=200
GM|1|M2-MG_QT10-C0-R1|102|side=-1|cfg=T_JIN|kind=undefined|move=f0f1|hit=above|slot=1|gap=0|depth=40|nodes=826098|legal=1|probs=cap=80,mcap=280,p=0,cls=normal,legal=1,accN=1,bandN=0,gaps=1:0
GM|1|M2-MG_QT10-C0-R1|103|side=1|cfg=T_GAO|kind=undefined|move=g0d0|hit=above|slot=1|gap=0|depth=27|nodes=845877|legal=32|probs=cap=25,mcap=225,p=0.1,cls=normal,legal=32,accN=2,bandN=6,gaps=1:0,2:0,3:100,4:100,5:100,6:100,7:100,8:100
GM|1|M2-MG_QT10-C0-R1|104|side=-1|cfg=T_JIN|kind=undefined|move=a1b3|hit=above|slot=1|gap=0|depth=41|nodes=1077319|legal=8|probs=cap=80,mcap=280,p=0,cls=normal,legal=8,accN=8,bandN=0,gaps=1:0,2:0,3:0,4:0,5:0,6:0,7:0,8:0
GM|1|M2-MG_QT10-C0-R1|105|side=1|cfg=T_GAO|kind=undefined|move=e4e3|hit=above|slot=1|gap=0|depth=19|nodes=859056|legal=32|probs=cap=25,mcap=225,p=0.1,cls=normal,legal=32,accN=1,bandN=7,gaps=1:0,2:100,3:100,4:200,5:200,6:200,7:200,8:200
GM|1|M2-MG_QT10-C0-R1|106|side=-1|cfg=T_JIN|kind=undefined|move=b3c1|hit=above|slot=1|gap=0|depth=49|nodes=1344475|legal=12|probs=cap=80,mcap=280,p=0,cls=normal,legal=12,accN=8,bandN=0,gaps=1:0,2:0,3:0,4:0,5:0,6:0,7:0,8:0
GM|1|M2-MG_QT10-C0-R1|107|side=1|cfg=T_GAO|kind=undefined|move=d0d1|hit=above|slot=1|gap=0|depth=32|nodes=994502|legal=33|probs=cap=25,mcap=225,p=0.1,cls=normal,legal=33,accN=2,bandN=6,gaps=1:0,2:0,3:100,4:100,5:100,6:100,7:100,8:100
GM|1|M2-MG_QT10-C0-R1|108|side=-1|cfg=T_JIN|kind=undefined|move=f1f0|hit=above|slot=1|gap=0|depth=87|nodes=2151650|legal=2|probs=cap=80,mcap=280,p=0,cls=normal,legal=2,accN=2,bandN=0,gaps=1:0,2:0
GM|1|M2-MG_QT10-C0-R1|109|side=1|cfg=T_GAO|kind=undefined|move=e3e2|hit=above|slot=1|gap=0|depth=39|nodes=1090173|legal=33|probs=cap=25,mcap=225,p=0.1,cls=normal,legal=33,accN=2,bandN=6,gaps=1:0,2:0,3:100,4:100,5:100,6:100,7:200,8:200
GM|1|M2-MG_QT10-C0-R1|110|side=-1|cfg=T_JIN|kind=undefined|move=c0a2|hit=above|slot=1|gap=0|depth=242|nodes=2417063|legal=8|probs=cap=80,mcap=280,p=0,cls=normal,legal=8,accN=8,bandN=0,gaps=1:0,2:0,3:0,4:0,5:0,6:0,7:0,8:0
GM|1|M2-MG_QT10-C0-R1|111|side=1|cfg=T_GAO|kind=undefined|move=e2e1|hit=above|slot=1|gap=0|depth=93|nodes=2160973|legal=34|probs=cap=25,mcap=225,p=0.1,cls=normal,legal=34,accN=2,bandN=6,gaps=1:0,2:0,3:100,4:100,5:100,6:100,7:100,8:100
GM|1|M2-MG_QT10-C0-R1|112|side=-1|cfg=T_JIN|kind=undefined|move=a4a5|hit=above|slot=1|gap=0|depth=245|nodes=250643|legal=8|probs=cap=80,mcap=280,p=0,cls=normal,legal=8,accN=8,bandN=0,gaps=1:0,2:0,3:0,4:0,5:0,6:0,7:0,8:0
GM|1|M2-MG_QT10-C0-R1|113|side=1|cfg=T_GAO|kind=undefined|move=d1d0|hit=above|slot=1|gap=0|depth=245|nodes=996924|legal=29|probs=cap=25,mcap=225,p=0.1,cls=normal,legal=29,accN=2,bandN=6,gaps=1:0,2:0,3:100,4:100,5:100,6:100,7:100,8:100
GM|1|M2-MG_QT10-C0-R1|114|side=-1|cfg=T_JIN|kind=undefined|move=c1e0|hit=above|slot=1|gap=0|depth=245|nodes=1972|legal=1|probs=cap=80,mcap=280,p=0,cls=normal,legal=1,accN=1,bandN=0,gaps=1:0
GM|1|M2-MG_QT10-C0-R1|115|side=1|cfg=T_GAO|kind=undefined|move=d0e0|hit=above|slot=1|gap=0|depth=245|nodes=308128|legal=34|probs=cap=25,mcap=225,p=0.1,cls=normal,legal=34,accN=1,bandN=7,gaps=1:0,2:100,3:100,4:100,5:100,6:100,7:100,8:100
GE|1|M2-MG_QT10-C0-R1|END|winner=hi|reason=%E5%B0%86%E6%AD%BB|plies=115|tierMoves=115|invalid=0|crit=0|hiSide=-1|stats=T_GAO:n=58,rand=5,cap=23,above=29,bmiss=1,gapMean=17,gapMax=200;T_JIN:n=57,rand=0,cap=30,above=27,bmiss=0,gapMean=23,gapMax=79
PROG|1|M2-MG_QT10-C0-R1
G|1|M2-MG_QT14-C1-R1|START|pos=MG_QT14|pair=%E9%AB%98%E6%89%8B_vs_%E8%BF%9B%E9%98%B6|hi=T_GAO|lo=T_JIN|hiFirst=1|fen=2bak3C/4a4/c3b1n2/p8/2p1P1p2/5c2P/P1n3P2/2N1B1C1N/9/2BAKA3 b - - 0 1
GM|1|M2-MG_QT14-C1-R1|1|side=1|cfg=T_JIN|kind=undefined|move=e9f9|hit=cap|slot=8|gap=47|depth=14|nodes=618261|legal=37|probs=cap=80,mcap=280,p=0,cls=normal,legal=37,accN=8,bandN=0,gaps=1:0,2:12,3:17,4:19,5:20,6:38,7:46,8:47
GM|1|M2-MG_QT14-C1-R1|2|side=-1|cfg=T_GAO|kind=undefined|move=g2f2|hit=cap|slot=2|gap=25|depth=12|nodes=641732|legal=32|probs=cap=25,mcap=225,p=0.1,cls=normal,legal=32,accN=2,bandN=6,gaps=1:0,2:25,3:38,4:61,5:64,6:71,7:81,8:89
GM|1|M2-MG_QT14-C1-R1|3|side=1|cfg=T_JIN|kind=undefined|move=f4e4|hit=cap|slot=4|gap=61|depth=12|nodes=577759|legal=11|probs=cap=80,mcap=280,p=0,cls=normal,legal=11,accN=5,bandN=0,gaps=1:0,2:14,3:26,4:61,5:35,6:415,7:447,8:479
GM|1|M2-MG_QT14-C1-R1|4|side=-1|cfg=T_GAO|kind=undefined|move=d0e1|hit=rand|slot=2|gap=66|depth=15|nodes=543814|legal=7|probs=cap=25,mcap=225,p=0.1,cls=normal,legal=7,accN=1,bandN=1,gaps=1:0,2:66,3:244,4:324,5:330,6:374,7:567,wouldBe=1,agap=66
GM|1|M2-MG_QT14-C1-R1|5|side=1|cfg=T_JIN|kind=undefined|move=a7c7|hit=cap|slot=8|gap=50|depth=12|nodes=607292|legal=29|probs=cap=80,mcap=280,p=0,cls=normal,legal=29,accN=8,bandN=0,gaps=1:0,2:23,3:32,4:35,5:36,6:38,7:47,8:50
GM|1|M2-MG_QT14-C1-R1|6|side=-1|cfg=T_GAO|kind=undefined|move=i4i5|hit=above|slot=1|gap=0|depth=13|nodes=623307|legal=31|probs=cap=25,mcap=225,p=0.1,cls=normal,legal=31,accN=1,bandN=7,gaps=1:0,2:49,3:79,4:84,5:89,6:103,7:106,8:115
GM|1|M2-MG_QT14-C1-R1|7|side=1|cfg=T_JIN|kind=undefined|move=c7c8|hit=cap|slot=8|gap=51|depth=12|nodes=583861|legal=30|probs=cap=80,mcap=280,p=0,cls=normal,legal=30,accN=8,bandN=0,gaps=1:0,2:24,3:10,4:20,5:25,6:26,7:42,8:51
GM|1|M2-MG_QT14-C1-R1|8|side=-1|cfg=T_GAO|kind=undefined|move=i2h4|hit=above|slot=1|gap=0|depth=13|nodes=577578|legal=31|probs=cap=25,mcap=225,p=0.1,cls=normal,legal=31,accN=1,bandN=7,gaps=1:0,2:44,3:63,4:87,5:102,6:108,7:117,8:119
GM|1|M2-MG_QT14-C1-R1|9|side=1|cfg=T_JIN|kind=undefined|move=f9e9|hit=cap|slot=2|gap=5|depth=11|nodes=580670|legal=28|probs=cap=80,mcap=280,p=0,cls=normal,legal=28,accN=2,bandN=2,gaps=1:0,2:5,3:111,4:127,5:292,6:302,7:325,8:364
GM|1|M2-MG_QT14-C1-R1|10|side=-1|cfg=T_GAO|kind=undefined|move=h4g6|hit=cap|slot=2|gap=1|depth=13|nodes=586884|legal=37|probs=cap=25,mcap=225,p=0.1,cls=normal,legal=37,accN=2,bandN=6,gaps=1:0,2:1,3:39,4:59,5:73,6:108,7:110,8:119
GM|1|M2-MG_QT14-C1-R1|11|side=1|cfg=T_JIN|kind=undefined|move=e4b4|hit=cap|slot=8|gap=60|depth=12|nodes=578123|legal=30|probs=cap=80,mcap=280,p=0,cls=normal,legal=30,accN=8,bandN=0,gaps=1:0,2:19,3:24,4:24,5:43,6:45,7:54,8:60
GM|1|M2-MG_QT14-C1-R1|12|side=-1|cfg=T_GAO|kind=undefined|move=c2e3|hit=cap|slot=3|gap=22|depth=12|nodes=533242|legal=38|probs=cap=25,mcap=225,p=0.1,cls=normal,legal=38,accN=3,bandN=5,gaps=1:0,2:18,3:22,4:31,5:32,6:36,7:40,8:49
GM|1|M2-MG_QT14-C1-R1|13|side=1|cfg=T_JIN|kind=undefined|move=c3e4|hit=cap|slot=8|gap=56|depth=12|nodes=571224|legal=40|probs=cap=80,mcap=280,p=0,cls=normal,legal=40,accN=8,bandN=0,gaps=1:0,2:11,3:8,4:36,5:37,6:40,7:50,8:56
GM|1|M2-MG_QT14-C1-R1|14|side=-1|cfg=T_GAO|kind=undefined|move=g6i7|hit=above|slot=1|gap=0|depth=13|nodes=569182|legal=38|probs=cap=25,mcap=225,p=0.1,cls=normal,legal=38,accN=1,bandN=7,gaps=1:0,2:47,3:60,4:97,5:100,6:103,7:107,8:131
GM|1|M2-MG_QT14-C1-R1|15|side=1|cfg=T_JIN|kind=undefined|move=a6a5|hit=cap|slot=6|gap=65|depth=12|nodes=532200|legal=32|probs=cap=80,mcap=280,p=0,cls=normal,legal=32,accN=8,bandN=0,gaps=1:0,2:46,3:47,4:55,5:59,6:65,7:44,8:46
GM|1|M2-MG_QT14-C1-R1|16|side=-1|cfg=T_GAO|kind=undefined|move=i5i6|hit=cap|slot=4|gap=20|depth=12|nodes=515653|legal=38|probs=cap=25,mcap=225,p=0.1,cls=normal,legal=38,accN=4,bandN=4,gaps=1:0,2:6,3:18,4:20,5:30,6:27,7:72,8:73
GM|1|M2-MG_QT14-C1-R1|17|side=1|cfg=T_JIN|kind=undefined|move=c8d8|hit=cap|slot=6|gap=39|depth=11|nodes=487512|legal=32|probs=cap=80,mcap=280,p=0,cls=normal,legal=32,accN=8,bandN=0,gaps=1:0,2:5,3:8,4:10,5:27,6:39,7:26,8:33
GM|1|M2-MG_QT14-C1-R1|18|side=-1|cfg=T_GAO|kind=undefined|move=e1d0|hit=rand|slot=6|gap=53|depth=12|nodes=518172|legal=36|probs=cap=25,mcap=225,p=0.1,cls=normal,legal=36,accN=3,bandN=5,gaps=1:0,2:36,3:22,4:24,5:28,6:53,7:56,8:60,wouldBe=4,agap=53
GM|1|M2-MG_QT14-C1-R1|19|side=1|cfg=T_JIN|kind=undefined|move=g7i8|hit=cap|slot=8|gap=54|depth=12|nodes=576957|legal=36|probs=cap=80,mcap=280,p=0,cls=normal,legal=36,accN=8,bandN=0,gaps=1:0,2:17,3:44,4:45,5:45,6:50,7:51,8:54
GM|1|M2-MG_QT14-C1-R1|20|side=-1|cfg=T_GAO|kind=undefined|move=f2h2|hit=above|slot=1|gap=0|depth=12|nodes=545466|legal=34|probs=cap=25,mcap=225,p=0.1,cls=normal,legal=34,accN=1,bandN=7,gaps=1:0,2:36,3:40,4:50,5:52,6:67,7:71,8:85
GM|1|M2-MG_QT14-C1-R1|21|side=1|cfg=T_JIN|kind=undefined|move=e8f7|hit=cap|slot=2|gap=32|depth=12|nodes=559507|legal=32|probs=cap=80,mcap=280,p=0,cls=normal,legal=32,accN=2,bandN=1,gaps=1:0,2:32,3:144,4:99628,5:99628,6:99628,7:99628,8:99628
GM|1|M2-MG_QT14-C1-R1|22|side=-1|cfg=T_GAO|kind=undefined|move=i7g8|hit=above|slot=1|gap=0|depth=12|nodes=550116|legal=35|probs=cap=25,mcap=225,p=0.1,cls=normal,legal=35,accN=1,bandN=7,gaps=1:0,2:62,3:102,4:105,5:135,6:136,7:144,8:155
GM|1|M2-MG_QT14-C1-R1|23|side=1|cfg=T_JIN|kind=undefined|move=d8f8|hit=above|slot=1|gap=0|depth=13|nodes=517527|legal=3|probs=cap=80,mcap=280,p=0,cls=normal,legal=3,accN=1,bandN=1,gaps=1:0,2:198,3:99592
GM|1|M2-MG_QT14-C1-R1|24|side=-1|cfg=T_GAO|kind=undefined|move=h2h8|hit=above|slot=1|gap=0|depth=12|nodes=576193|legal=37|probs=cap=25,mcap=225,p=0.1,cls=normal,legal=37,accN=1,bandN=7,gaps=1:0,2:104,3:114,4:117,5:124,6:160,7:163,8:165
GM|1|M2-MG_QT14-C1-R1|25|side=1|cfg=T_JIN|kind=undefined|move=b4b5|hit=cap|slot=2|gap=29|depth=12|nodes=520657|legal=23|probs=cap=80,mcap=280,p=0,cls=normal,legal=23,accN=2,bandN=6,gaps=1:0,2:29,3:97,4:109,5:195,6:198,7:210,8:210
GM|1|M2-MG_QT14-C1-R1|26|side=-1|cfg=T_GAO|kind=undefined|move=h8f8|hit=above|slot=1|gap=0|depth=14|nodes=607897|legal=34|probs=cap=25,mcap=225,p=0.1,cls=normal,legal=34,accN=1,bandN=4,gaps=1:0,2:70,3:180,4:199,5:216,6:268,7:314,8:331
GM|1|M2-MG_QT14-C1-R1|27|side=1|cfg=T_JIN|kind=undefined|move=i8g7|hit=cap|slot=3|gap=14|depth=11|nodes=544400|legal=22|probs=cap=80,mcap=280,p=0,cls=normal,legal=22,accN=3,bandN=4,gaps=1:0,2:12,3:14,4:115,5:192,6:216,7:233,8:300
GM|1|M2-MG_QT14-C1-R1|28|side=-1|cfg=T_GAO|kind=undefined|move=f8a8|hit=cap|slot=3|gap=4|depth=11|nodes=531850|legal=31|probs=cap=25,mcap=225,p=0.1,cls=normal,legal=31,accN=3,bandN=4,gaps=1:0,2:2,3:4,4:34,5:45,6:205,7:208,8:268
GM|1|M2-MG_QT14-C1-R1|29|side=1|cfg=T_JIN|kind=undefined|move=e9e8|hit=cap|slot=2|gap=9|depth=13|nodes=497295|legal=2|probs=cap=80,mcap=280,p=0,cls=normal,legal=2,accN=2,bandN=0,gaps=1:0,2:9
GM|1|M2-MG_QT14-C1-R1|30|side=-1|cfg=T_GAO|kind=undefined|move=f0e1|hit=rand|slot=8|gap=189|depth=12|nodes=533283|legal=34|probs=cap=25,mcap=225,p=0.1,cls=normal,legal=34,accN=1,bandN=7,gaps=1:0,2:65,3:133,4:148,5:155,6:159,7:189,8:189,wouldBe=1,agap=189
GM|1|M2-MG_QT14-C1-R1|31|side=1|cfg=T_JIN|kind=undefined|move=b5e5|hit=above|slot=1|gap=0|depth=13|nodes=555002|legal=22|probs=cap=80,mcap=280,p=0,cls=normal,legal=22,accN=1,bandN=7,gaps=1:0,2:156,3:164,4:176,5:241,6:226,7:277,8:279
GM|1|M2-MG_QT14-C1-R1|32|side=-1|cfg=T_GAO|kind=undefined|move=i6h6|hit=above|slot=1|gap=0|depth=12|nodes=578917|legal=32|probs=cap=25,mcap=225,p=0.1,cls=normal,legal=32,accN=1,bandN=3,gaps=1:0,2:33,3:46,4:179,5:268,6:232,7:316,8:351
GM|1|M2-MG_QT14-C1-R1|33|side=1|cfg=T_JIN|kind=undefined|move=g5g4|hit=cap|slot=5|gap=64|depth=12|nodes=578030|legal=17|probs=cap=80,mcap=280,p=0,cls=normal,legal=17,accN=5,bandN=3,gaps=1:0,2:11,3:39,4:55,5:64,6:93,7:95,8:111
GM|1|M2-MG_QT14-C1-R1|34|side=-1|cfg=T_GAO|kind=undefined|move=h6g6|hit=cap|slot=2|gap=4|depth=12|nodes=543596|legal=40|probs=cap=25,mcap=225,p=0.1,cls=normal,legal=40,accN=2,bandN=6,gaps=1:0,2:4,3:40,4:56,5:82,6:82,7:133,8:136
GM|1|M2-MG_QT14-C1-R1|35|side=1|cfg=T_JIN|kind=undefined|move=g4g3|hit=cap|slot=5|gap=70|depth=12|nodes=567660|legal=22|probs=cap=80,mcap=280,p=0,cls=normal,legal=22,accN=5,bandN=3,gaps=1:0,2:28,3:32,4:69,5:70,6:97,7:110,8:111
GM|1|M2-MG_QT14-C1-R1|36|side=-1|cfg=T_GAO|kind=undefined|move=g6g7|hit=above|slot=1|gap=0|depth=13|nodes=571956|legal=39|probs=cap=25,mcap=225,p=0.1,cls=normal,legal=39,accN=1,bandN=7,gaps=1:0,2:81,3:120,4:122,5:124,6:126,7:171,8:173
GM|1|M2-MG_QT14-C1-R1|37|side=1|cfg=T_JIN|kind=undefined|move=e8d8|hit=above|slot=1|gap=0|depth=14|nodes=589926|legal=19|probs=cap=80,mcap=280,p=0,cls=normal,legal=19,accN=1,bandN=1,gaps=1:0,2:199,3:411,4:99469,5:99469,6:99469,7:99469,8:99469
GM|1|M2-MG_QT14-C1-R1|38|side=-1|cfg=T_GAO|kind=undefined|move=i9i8|hit=cap|slot=3|gap=9|depth=12|nodes=562522|legal=37|probs=cap=25,mcap=225,p=0.1,cls=normal,legal=37,accN=3,bandN=5,gaps=1:0,2:3,3:9,4:27,5:58,6:89,7:137,8:141
GM|1|M2-MG_QT14-C1-R1|39|side=1|cfg=T_JIN|kind=undefined|move=f7e8|hit=cap|slot=3|gap=50|depth=14|nodes=535530|legal=3|probs=cap=80,mcap=280,p=0,cls=normal,legal=3,accN=3,bandN=0,gaps=1:0,2:12,3:50
GM|1|M2-MG_QT14-C1-R1|40|side=-1|cfg=T_GAO|kind=undefined|move=g7h7|hit=above|slot=1|gap=0|depth=13|nodes=559580|legal=36|probs=cap=25,mcap=225,p=0.1,cls=normal,legal=36,accN=1,bandN=7,gaps=1:0,2:32,3:52,4:117,5:178,6:180,7:215,8:218
GM|1|M2-MG_QT14-C1-R1|41|side=1|cfg=T_JIN|kind=undefined|move=e5e6|hit=cap|slot=6|gap=66|depth=11|nodes=566075|legal=18|probs=cap=80,mcap=280,p=0,cls=normal,legal=18,accN=8,bandN=0,gaps=1:0,2:18,3:24,4:38,5:39,6:66,7:5,8:65
GM|1|M2-MG_QT14-C1-R1|42|side=-1|cfg=T_GAO|kind=undefined|move=g8f6|hit=above|slot=1|gap=0|depth=12|nodes=555742|legal=39|probs=cap=25,mcap=225,p=0.1,cls=normal,legal=39,accN=1,bandN=7,gaps=1:0,2:29,3:32,4:29,5:43,6:80,7:90,8:95
GM|1|M2-MG_QT14-C1-R1|43|side=1|cfg=T_JIN|kind=undefined|move=d8d7|hit=cap|slot=3|gap=62|depth=12|nodes=585017|legal=4|probs=cap=80,mcap=280,p=0,cls=normal,legal=4,accN=3,bandN=1,gaps=1:0,2:20,3:62,4:94
GM|1|M2-MG_QT14-C1-R1|44|side=-1|cfg=T_GAO|kind=undefined|move=f6e4|hit=above|slot=1|gap=0|depth=13|nodes=559826|legal=39|probs=cap=25,mcap=225,p=0.1,cls=normal,legal=39,accN=1,bandN=3,gaps=1:0,2:79,3:86,4:133,5:238,6:340,7:353,8:355
GM|1|M2-MG_QT14-C1-R1|45|side=1|cfg=T_JIN|kind=undefined|move=e6e3|hit=above|slot=1|gap=0|depth=12|nodes=627837|legal=20|probs=cap=80,mcap=280,p=0,cls=normal,legal=20,accN=1,bandN=2,gaps=1:0,2:296,3:181,4:236,5:284,6:310,7:315,8:321
GM|1|M2-MG_QT14-C1-R1|46|side=-1|cfg=T_GAO|kind=undefined|move=h7g7|hit=rand|slot=2|gap=64|depth=11|nodes=620976|legal=30|probs=cap=25,mcap=225,p=0.1,cls=normal,legal=30,accN=1,bandN=7,gaps=1:0,2:64,3:76,4:77,5:77,6:90,7:103,8:105,wouldBe=1,agap=64
GM|1|M2-MG_QT14-C1-R1|47|side=1|cfg=T_JIN|kind=undefined|move=e8f9|hit=cap|slot=5|gap=66|depth=11|nodes=611193|legal=15|probs=cap=80,mcap=280,p=0,cls=normal,legal=15,accN=7,bandN=1,gaps=1:0,2:49,3:52,4:58,5:66,6:55,7:65,8:96
GM|1|M2-MG_QT14-C1-R1|48|side=-1|cfg=T_GAO|kind=undefined|move=a8g8|hit=cap|slot=5|gap=21|depth=12|nodes=587145|legal=38|probs=cap=25,mcap=225,p=0.1,cls=normal,legal=38,accN=4,bandN=4,gaps=1:0,2:5,3:18,4:26,5:21,6:38,7:53,8:63
GM|1|M2-MG_QT14-C1-R1|49|side=1|cfg=T_JIN|kind=undefined|move=e7g5|hit=cap|slot=5|gap=36|depth=13|nodes=656827|legal=15|probs=cap=80,mcap=280,p=0,cls=normal,legal=15,accN=5,bandN=3,gaps=1:0,2:0,3:29,4:29,5:36,6:91,7:120,8:183
GM|1|M2-MG_QT14-C1-R1|50|side=-1|cfg=T_GAO|kind=undefined|move=g8g5|hit=above|slot=1|gap=0|depth=13|nodes=651234|legal=30|probs=cap=0,mcap=700,p=0.1,cls=hard,legal=30,accN=1,bandN=0,gaps=1:0,2:98216,3:98241,4:98242,5:98280,6:98288,7:98302,8:98308
GM|1|M2-MG_QT14-C1-R1|51|side=1|cfg=T_JIN|kind=undefined|move=d9e8|hit=above|slot=1|gap=0|depth=34|nodes=817212|legal=16|probs=cap=80,mcap=280,p=0,cls=normal,legal=16,accN=8,bandN=0,gaps=1:0,2:0,3:0,4:0,5:0,6:0,7:0,8:0
GM|1|M2-MG_QT14-C1-R1|52|side=-1|cfg=T_GAO|kind=undefined|move=g5d5|hit=above|slot=1|gap=0|depth=12|nodes=626386|legal=31|probs=cap=25,mcap=225,p=0.1,cls=normal,legal=31,accN=1,bandN=2,gaps=1:0,2:100,3:200,4:800,5:98037,6:98183,7:98216,8:98261
GM|1|M2-MG_QT14-C1-R1|53|side=1|cfg=T_JIN|kind=undefined|move=d7e7|hit=above|slot=1|gap=0|depth=47|nodes=1070393|legal=15|probs=cap=80,mcap=280,p=0,cls=normal,legal=15,accN=8,bandN=0,gaps=1:0,2:0,3:0,4:0,5:0,6:0,7:0,8:0
GM|1|M2-MG_QT14-C1-R1|54|side=-1|cfg=T_GAO|kind=undefined|move=i8i7|hit=above|slot=1|gap=0|depth=17|nodes=627451|legal=38|probs=cap=25,mcap=225,p=0.1,cls=normal,legal=38,accN=1,bandN=3,gaps=1:0,2:100,3:200,4:200,5:300,6:300,7:300,8:300
GM|1|M2-MG_QT14-C1-R1|55|side=1|cfg=T_JIN|kind=undefined|move=e8f7|hit=above|slot=1|gap=0|depth=85|nodes=1924570|legal=1|probs=cap=80,mcap=280,p=0,cls=normal,legal=1,accN=1,bandN=0,gaps=1:0
GM|1|M2-MG_QT14-C1-R1|56|side=-1|cfg=T_GAO|kind=undefined|move=e4d6|hit=above|slot=1|gap=0|depth=11|nodes=592964|legal=37|probs=cap=25,mcap=225,p=0.1,cls=normal,legal=37,accN=1,bandN=1,gaps=1:0,2:200,3:600,4:98481,5:98461,6:98491,7:98540,8:98571
GM|1|M2-MG_QT14-C1-R1|57|side=1|cfg=T_JIN|kind=undefined|move=e3e6|hit=above|slot=1|gap=0|depth=245|nodes=643146|legal=15|probs=cap=80,mcap=280,p=0,cls=normal,legal=15,accN=8,bandN=0,gaps=1:0,2:0,3:0,4:0,5:0,6:0,7:0,8:0
GM|1|M2-MG_QT14-C1-R1|58|side=-1|cfg=T_GAO|kind=undefined|move=d5g5|hit=above|slot=1|gap=0|depth=77|nodes=1901098|legal=31|probs=cap=25,mcap=225,p=0.1,cls=normal,legal=31,accN=2,bandN=6,gaps=1:0,2:0,3:100,4:100,5:100,6:100,7:100,8:100
GM|1|M2-MG_QT14-C1-R1|59|side=1|cfg=T_JIN|kind=undefined|move=g3h3|hit=above|slot=1|gap=0|depth=245|nodes=411588|legal=16|probs=cap=80,mcap=280,p=0,cls=normal,legal=16,accN=8,bandN=0,gaps=1:0,2:0,3:0,4:0,5:0,6:0,7:0,8:0
GM|1|M2-MG_QT14-C1-R1|60|side=-1|cfg=T_GAO|kind=undefined|move=g7g8|hit=above|slot=1|gap=0|depth=90|nodes=2060812|legal=35|probs=cap=25,mcap=225,p=0.1,cls=normal,legal=35,accN=1,bandN=7,gaps=1:0,2:100,3:100,4:100,5:100,6:100,7:100,8:200
GM|1|M2-MG_QT14-C1-R1|61|side=1|cfg=T_JIN|kind=undefined|move=f7e8|hit=above|slot=1|gap=0|depth=245|nodes=1971|legal=1|probs=cap=80,mcap=280,p=0,cls=normal,legal=1,accN=1,bandN=0,gaps=1:0
GM|1|M2-MG_QT14-C1-R1|62|side=-1|cfg=T_GAO|kind=undefined|move=g5g7|hit=above|slot=1|gap=0|depth=12|nodes=596979|legal=37|probs=cap=0,mcap=700,p=0.1,cls=hard,legal=37,accN=1,bandN=0,gaps=1:0,2:800,3:98680,4:98817,5:98826,6:98848,7:98917,8:98983
GE|1|M2-MG_QT14-C1-R1|END|winner=hi|reason=%E5%B0%86%E6%AD%BB|plies=62|tierMoves=62|invalid=0|crit=0|hiSide=1|stats=T_JIN:n=31,rand=0,cap=21,above=10,bmiss=0,gapMean=32,gapMax=70;T_GAO:n=31,rand=4,cap=8,above=19,bmiss=0,gapMean=15,gapMax=189
PROG|1|M2-MG_QT14-C1-R1
G|1|M3-MG_QT14-C0-R1|START|pos=MG_QT14|pair=%E5%A4%A7%E5%B8%88_vs_%E9%AB%98%E6%89%8B|hi=T_DA|lo=T_GAO|hiFirst=0|fen=2bak3C/4a4/c3b1n2/p8/2p1P1p2/5c2P/P1n3P2/2N1B1C1N/9/2BAKA3 b - - 0 1
GM|1|M3-MG_QT14-C0-R1|1|side=1|cfg=T_DA|kind=master|move=f4b4|hit=best|slot=1|gap=0|depth=25|nodes=3622938|legal=37|probs=mpv=1
GM|1|M3-MG_QT14-C0-R1|2|side=-1|cfg=T_GAO|kind=undefined|move=i9i7|hit=rand|slot=8|gap=40|depth=12|nodes=603835|legal=33|probs=cap=25,mcap=225,p=0.1,cls=normal,legal=33,accN=5,bandN=3,gaps=1:0,2:1,3:15,4:20,5:21,6:31,7:33,8:40,wouldBe=5,agap=40
GM|1|M3-MG_QT14-C0-R1|3|side=1|cfg=T_DA|kind=master|move=b4b5|hit=best|slot=1|gap=0|depth=23|nodes=3551655|legal=43|probs=mpv=1
GM|1|M3-MG_QT14-C0-R1|4|side=-1|cfg=T_GAO|kind=undefined|move=e5f5|hit=rand|slot=3|gap=79|depth=13|nodes=604170|legal=31|probs=cap=25,mcap=225,p=0.1,cls=normal,legal=31,accN=1,bandN=7,gaps=1:0,2:29,3:79,4:85,5:89,6:90,7:100,8:117,wouldBe=1,agap=79
GM|1|M3-MG_QT14-C0-R1|5|side=1|cfg=T_DA|kind=master|move=b5f5|hit=best|slot=1|gap=0|depth=23|nodes=3631480|legal=37|probs=mpv=1
GM|1|M3-MG_QT14-C0-R1|6|side=-1|cfg=T_GAO|kind=undefined|move=i2h4|hit=cap|slot=3|gap=16|depth=11|nodes=602176|legal=28|probs=cap=25,mcap=225,p=0.1,cls=normal,legal=28,accN=3,bandN=5,gaps=1:0,2:11,3:16,4:40,5:45,6:56,7:65,8:77
GM|1|M3-MG_QT14-C0-R1|7|side=1|cfg=T_DA|kind=master|move=f5f4|hit=best|slot=1|gap=0|depth=20|nodes=3816850|legal=36|probs=mpv=1
GM|1|M3-MG_QT14-C0-R1|8|side=-1|cfg=T_GAO|kind=undefined|move=f0e1|hit=cap|slot=2|gap=24|depth=11|nodes=621254|legal=31|probs=cap=25,mcap=225,p=0.1,cls=normal,legal=31,accN=2,bandN=6,gaps=1:0,2:24,3:74,4:85,5:86,6:95,7:99,8:102
GM|1|M3-MG_QT14-C0-R1|9|side=1|cfg=T_DA|kind=master|move=f4i4|hit=best|slot=1|gap=0|depth=24|nodes=3785836|legal=43|probs=mpv=1
GM|1|M3-MG_QT14-C0-R1|10|side=-1|cfg=T_GAO|kind=undefined|move=h4g6|hit=above|slot=1|gap=0|depth=14|nodes=626811|legal=30|probs=cap=25,mcap=225,p=0.1,cls=normal,legal=30,accN=1,bandN=7,gaps=1:0,2:36,3:38,4:61,5:75,6:81,7:88,8:99
GM|1|M3-MG_QT14-C0-R1|11|side=1|cfg=T_DA|kind=master|move=c3d5|hit=best|slot=1|gap=0|depth=22|nodes=3660549|legal=39|probs=mpv=1
GM|1|M3-MG_QT14-C0-R1|12|side=-1|cfg=T_GAO|kind=undefined|move=i7i9|hit=above|slot=1|gap=0|depth=13|nodes=632521|legal=30|probs=cap=25,mcap=225,p=0.1,cls=normal,legal=30,accN=2,bandN=5,gaps=1:0,2:0,3:40,4:108,5:129,6:132,7:140,8:230
GM|1|M3-MG_QT14-C0-R1|13|side=1|cfg=T_DA|kind=master|move=d5f4|hit=best|slot=1|gap=0|depth=23|nodes=3650680|legal=36|probs=mpv=1
GM|1|M3-MG_QT14-C0-R1|14|side=-1|cfg=T_GAO|kind=undefined|move=g6i7|hit=rand|slot=2|gap=181|depth=16|nodes=647911|legal=33|probs=cap=25,mcap=225,p=0.1,cls=normal,legal=33,accN=1,bandN=1,gaps=1:0,2:181,3:298,4:312,5:343,6:359,7:369,8:384,wouldBe=1,agap=181
GM|1|M3-MG_QT14-C0-R1|15|side=1|cfg=T_DA|kind=master|move=i4i9|hit=best|slot=1|gap=0|depth=24|nodes=3983400|legal=34|probs=mpv=1
GM|1|M3-MG_QT14-C0-R1|16|side=-1|cfg=T_GAO|kind=undefined|move=i7g8|hit=above|slot=1|gap=0|depth=13|nodes=615641|legal=25|probs=cap=25,mcap=225,p=0.1,cls=normal,legal=25,accN=1,bandN=0,gaps=1:0,2:241,3:263,4:272,5:276,6:264,7:290,8:292
GM|1|M3-MG_QT14-C0-R1|17|side=1|cfg=T_DA|kind=master|move=e9f9|hit=best|slot=1|gap=0|depth=27|nodes=3835380|legal=1|probs=mpv=1
GM|1|M3-MG_QT14-C0-R1|18|side=-1|cfg=T_GAO|kind=undefined|move=g2f2|hit=above|slot=1|gap=0|depth=13|nodes=625573|legal=25|probs=cap=25,mcap=225,p=0.1,cls=normal,legal=25,accN=1,bandN=1,gaps=1:0,2:193,3:242,4:255,5:264,6:264,7:279,8:295
GM|1|M3-MG_QT14-C0-R1|19|side=1|cfg=T_DA|kind=master|move=f4d3|hit=best|slot=1|gap=0|depth=24|nodes=3916587|legal=10|probs=mpv=1
GM|1|M3-MG_QT14-C0-R1|20|side=-1|cfg=T_GAO|kind=undefined|move=g8i9|hit=above|slot=1|gap=0|depth=14|nodes=605146|legal=28|probs=cap=25,mcap=225,p=0.1,cls=normal,legal=28,accN=1,bandN=2,gaps=1:0,2:202,3:215,4:231,5:249,6:267,7:283,8:301
GM|1|M3-MG_QT14-C0-R1|21|side=1|cfg=T_DA|kind=master|move=d3f2|hit=best|slot=1|gap=0|depth=25|nodes=3924996|legal=24|probs=mpv=1
GM|1|M3-MG_QT14-C0-R1|22|side=-1|cfg=T_GAO|kind=undefined|move=e0f0|hit=cap|slot=2|gap=19|depth=19|nodes=642021|legal=2|probs=cap=25,mcap=225,p=0.1,cls=normal,legal=2,accN=2,bandN=0,gaps=1:0,2:19
GM|1|M3-MG_QT14-C0-R1|23|side=1|cfg=T_DA|kind=master|move=g7f5|hit=best|slot=1|gap=0|depth=24|nodes=4129640|legal=20|probs=mpv=1
GM|1|M3-MG_QT14-C0-R1|24|side=-1|cfg=T_GAO|kind=undefined|move=e1f2|hit=above|slot=1|gap=0|depth=15|nodes=646519|legal=16|probs=cap=25,mcap=225,p=0.1,cls=normal,legal=16,accN=1,bandN=0,gaps=1:0,2:285,3:299,4:309,5:311,6:328,7:333,8:347
GM|1|M3-MG_QT14-C0-R1|25|side=1|cfg=T_DA|kind=master|move=f5g3|hit=best|slot=1|gap=0|depth=20|nodes=4052545|legal=19|probs=mpv=1
GM|1|M3-MG_QT14-C0-R1|26|side=-1|cfg=T_GAO|kind=undefined|move=f0e0|hit=cap|slot=2|gap=11|depth=14|nodes=621758|legal=15|probs=cap=25,mcap=225,p=0.1,cls=normal,legal=15,accN=2,bandN=6,gaps=1:0,2:11,3:28,4:61,5:70,6:71,7:84,8:82
GM|1|M3-MG_QT14-C0-R1|27|side=1|cfg=T_DA|kind=master|move=a7a8|hit=best|slot=1|gap=0|depth=24|nodes=3934124|legal=22|probs=mpv=1
GM|1|M3-MG_QT14-C0-R1|28|side=-1|cfg=T_GAO|kind=undefined|move=c2b4|hit=cap|slot=4|gap=19|depth=13|nodes=614800|legal=17|probs=cap=25,mcap=225,p=0.1,cls=normal,legal=17,accN=4,bandN=4,gaps=1:0,2:11,3:14,4:19,5:26,6:30,7:52,8:52
GM|1|M3-MG_QT14-C0-R1|29|side=1|cfg=T_DA|kind=master|move=a8a3|hit=best|slot=1|gap=0|depth=27|nodes=4056354|legal=23|probs=mpv=1
GM|1|M3-MG_QT14-C0-R1|30|side=-1|cfg=T_GAO|kind=undefined|move=b4d3|hit=cap|slot=2|gap=25|depth=15|nodes=625299|legal=16|probs=cap=25,mcap=225,p=0.1,cls=normal,legal=16,accN=2,bandN=6,gaps=1:0,2:25,3:26,4:27,5:27,6:27,7:30,8:35
GM|1|M3-MG_QT14-C0-R1|31|side=1|cfg=T_DA|kind=master|move=g3i2|hit=best|slot=1|gap=0|depth=24|nodes=3912742|legal=24|probs=mpv=1
GM|1|M3-MG_QT14-C0-R1|32|side=-1|cfg=T_GAO|kind=undefined|move=e0f0|hit=cap|slot=8|gap=19|depth=13|nodes=602510|legal=16|probs=cap=25,mcap=225,p=0.1,cls=normal,legal=16,accN=8,bandN=0,gaps=1:0,2:0,3:4,4:5,5:8,6:17,7:17,8:19
GM|1|M3-MG_QT14-C0-R1|33|side=1|cfg=T_DA|kind=master|move=e8d7|hit=best|slot=1|gap=0|depth=23|nodes=3770541|legal=20|probs=mpv=1
GM|1|M3-MG_QT14-C0-R1|34|side=-1|cfg=T_GAO|kind=undefined|move=f0e0|hit=cap|slot=8|gap=12|depth=14|nodes=676377|legal=15|probs=cap=25,mcap=225,p=0.1,cls=normal,legal=15,accN=8,bandN=0,gaps=1:0,2:0,3:1,4:1,5:4,6:4,7:6,8:12
GM|1|M3-MG_QT14-C0-R1|35|side=1|cfg=T_DA|kind=master|move=a3a0|hit=best|slot=1|gap=0|depth=24|nodes=3802753|legal=20|probs=mpv=1
GM|1|M3-MG_QT14-C0-R1|36|side=-1|cfg=T_GAO|kind=undefined|move=i9g8|hit=cap|slot=7|gap=9|depth=14|nodes=638582|legal=14|probs=cap=25,mcap=225,p=0.1,cls=normal,legal=14,accN=8,bandN=0,gaps=1:0,2:1,3:2,4:1,5:3,6:6,7:9,8:9
GM|1|M3-MG_QT14-C0-R1|37|side=1|cfg=T_DA|kind=master|move=i2g1|hit=best|slot=1|gap=0|depth=23|nodes=3724315|legal=19|probs=mpv=1
GM|1|M3-MG_QT14-C0-R1|38|side=-1|cfg=T_GAO|kind=undefined|move=e0e1|hit=above|slot=1|gap=0|depth=17|nodes=559747|legal=2|probs=cap=25,mcap=225,p=0.1,cls=normal,legal=2,accN=1,bandN=1,gaps=1:0,2:30
GM|1|M3-MG_QT14-C0-R1|39|side=1|cfg=T_DA|kind=master|move=a0d0|hit=best|slot=1|gap=0|depth=22|nodes=3855164|legal=21|probs=mpv=1
GM|1|M3-MG_QT14-C0-R1|40|side=-1|cfg=T_GAO|kind=undefined|move=e1f1|hit=cap|slot=6|gap=25|depth=13|nodes=632753|legal=17|probs=cap=25,mcap=225,p=0.1,cls=normal,legal=17,accN=6,bandN=2,gaps=1:0,2:1,3:11,4:12,5:23,6:25,7:27,8:28
GM|1|M3-MG_QT14-C0-R1|41|side=1|cfg=T_DA|kind=master|move=c5c4|hit=best|slot=1|gap=0|depth=23|nodes=3616511|legal=19|probs=mpv=1
GM|1|M3-MG_QT14-C0-R1|42|side=-1|cfg=T_GAO|kind=undefined|move=g8i9|hit=cap|slot=8|gap=21|depth=13|nodes=568092|legal=17|probs=cap=25,mcap=225,p=0.1,cls=normal,legal=17,accN=8,bandN=0,gaps=1:0,2:0,3:2,4:2,5:3,6:18,7:19,8:21
GM|1|M3-MG_QT14-C0-R1|43|side=1|cfg=T_DA|kind=master|move=c4c3|hit=best|slot=1|gap=0|depth=24|nodes=4041724|legal=23|probs=mpv=1
GM|1|M3-MG_QT14-C0-R1|44|side=-1|cfg=T_GAO|kind=undefined|move=d3e5|hit=cap|slot=2|gap=5|depth=14|nodes=654366|legal=11|probs=cap=25,mcap=225,p=0.1,cls=normal,legal=11,accN=2,bandN=5,gaps=1:0,2:5,3:65,4:206,5:218,6:219,7:224,8:228
GM|1|M3-MG_QT14-C0-R1|45|side=1|cfg=T_DA|kind=master|move=d9e8|hit=best|slot=1|gap=0|depth=22|nodes=4005057|legal=27|probs=mpv=1
GM|1|M3-MG_QT14-C0-R1|46|side=-1|cfg=T_GAO|kind=undefined|move=e5c4|hit=cap|slot=8|gap=22|depth=13|nodes=642131|legal=15|probs=cap=25,mcap=225,p=0.1,cls=normal,legal=15,accN=7,bandN=1,gaps=1:0,2:15,3:17,4:17,5:40,6:16,7:21,8:22
GM|1|M3-MG_QT14-C0-R1|47|side=1|cfg=T_DA|kind=master|move=d0d2|hit=best|slot=1|gap=0|depth=26|nodes=4050876|legal=27|probs=mpv=1
GM|1|M3-MG_QT14-C0-R1|48|side=-1|cfg=T_GAO|kind=undefined|move=c4e5|hit=cap|slot=7|gap=24|depth=13|nodes=605804|legal=12|probs=cap=25,mcap=225,p=0.1,cls=normal,legal=12,accN=6,bandN=2,gaps=1:0,2:9,3:20,4:21,5:27,6:17,7:24,8:27
GM|1|M3-MG_QT14-C0-R1|49|side=1|cfg=T_DA|kind=master|move=d2f2|hit=best|slot=1|gap=0|depth=30|nodes=4122944|legal=26|probs=mpv=1
GM|1|M3-MG_QT14-C0-R1|50|side=-1|cfg=T_GAO|kind=undefined|move=i9g8|hit=bmiss|slot=5|gap=21|depth=12|nodes=557172|legal=15|probs=cap=25,mcap=225,p=0.1,cls=normal,legal=15,accN=8,bandN=0,gaps=1:0,2:7,3:11,4:17,5:21,6:10,7:11,8:16,band=0
GM|1|M3-MG_QT14-C0-R1|51|side=1|cfg=T_DA|kind=master|move=f2f4|hit=best|slot=1|gap=0|depth=35|nodes=4334633|legal=21|probs=mpv=1
GM|1|M3-MG_QT14-C0-R1|52|side=-1|cfg=T_GAO|kind=undefined|move=f1e1|hit=above|slot=1|gap=0|depth=14|nodes=639780|legal=19|probs=cap=25,mcap=225,p=0.1,cls=normal,legal=19,accN=1,bandN=1,gaps=1:0,2:32,3:326,4:99893,5:99493,6:99493,7:99493,8:99493
GM|1|M3-MG_QT14-C0-R1|53|side=1|cfg=T_DA|kind=master|move=f4h4|hit=best|slot=1|gap=0|depth=36|nodes=4685780|legal=33|probs=mpv=1
GM|1|M3-MG_QT14-C0-R1|54|side=-1|cfg=T_GAO|kind=undefined|move=e1d1|hit=above|slot=1|gap=0|depth=28|nodes=685849|legal=19|probs=cap=0,mcap=700,p=0.1,cls=hard,legal=19,accN=1,bandN=0,gaps=1:0,2:99460,3:99460,4:99460,5:99460,6:99460,7:99460,8:99460
GM|1|M3-MG_QT14-C0-R1|55|side=1|cfg=T_DA|kind=master|move=c3c2|hit=best|slot=1|gap=0|depth=33|nodes=4389528|legal=34|probs=mpv=1
GM|1|M3-MG_QT14-C0-R1|56|side=-1|cfg=T_GAO|kind=undefined|move=e5d3|hit=above|slot=1|gap=0|depth=15|nodes=692879|legal=20|probs=cap=25,mcap=225,p=0.1,cls=normal,legal=20,accN=1,bandN=1,gaps=1:0,2:58,3:100189,4:100189,5:99889,6:99889,7:99689,8:99689
GM|1|M3-MG_QT14-C0-R1|57|side=1|cfg=T_DA|kind=master|move=h4h1|hit=best|slot=1|gap=0|depth=32|nodes=4324312|legal=34|probs=mpv=1
GM|1|M3-MG_QT14-C0-R1|58|side=-1|cfg=T_GAO|kind=undefined|move=d1d0|hit=above|slot=1|gap=0|depth=14|nodes=694126|legal=2|probs=cap=25,mcap=225,p=0.1,cls=normal,legal=2,accN=1,bandN=0,gaps=1:0,2:311
GM|1|M3-MG_QT14-C0-R1|59|side=1|cfg=T_DA|kind=master|move=c2d2|hit=best|slot=1|gap=0|depth=32|nodes=4558914|legal=25|probs=mpv=1
GM|1|M3-MG_QT14-C0-R1|60|side=-1|cfg=T_GAO|kind=undefined|move=d3b2|hit=above|slot=1|gap=0|depth=15|nodes=634613|legal=15|probs=cap=0,mcap=700,p=0.1,cls=hard,legal=15,accN=1,bandN=0,gaps=1:0,2:99322,3:99322,4:99322,5:99322,6:99322,7:99322,8:99322
GM|1|M3-MG_QT14-C0-R1|61|side=1|cfg=T_DA|kind=master|move=h1h4|hit=best|slot=1|gap=0|depth=31|nodes=4343634|legal=25|probs=mpv=1
GM|1|M3-MG_QT14-C0-R1|62|side=-1|cfg=T_GAO|kind=undefined|move=e2g4|hit=above|slot=1|gap=0|depth=12|nodes=666437|legal=15|probs=cap=25,mcap=225,p=0.1,cls=normal,legal=15,accN=1,bandN=2,gaps=1:0,2:123,3:98,4:99723,5:99523,6:99523,7:99523,8:99523
GM|1|M3-MG_QT14-C0-R1|63|side=1|cfg=T_DA|kind=master|move=d2c2|hit=best|slot=1|gap=0|depth=30|nodes=4506917|legal=27|probs=mpv=1
GM|1|M3-MG_QT14-C0-R1|64|side=-1|cfg=T_GAO|kind=undefined|move=b2a0|hit=above|slot=1|gap=0|depth=11|nodes=791027|legal=14|probs=cap=25,mcap=225,p=0.1,cls=normal,legal=14,accN=1,bandN=3,gaps=1:0,2:175,3:262,4:189,5:193,6:240,7:242,8:246
GM|1|M3-MG_QT14-C0-R1|65|side=1|cfg=T_DA|kind=master|move=h4h3|hit=best|slot=1|gap=0|depth=29|nodes=4584206|legal=27|probs=mpv=1
GM|1|M3-MG_QT14-C0-R1|66|side=-1|cfg=T_GAO|kind=undefined|move=g8f6|hit=rand|slot=3|gap=102|depth=10|nodes=733563|legal=12|probs=cap=25,mcap=225,p=0.1,cls=normal,legal=12,accN=3,bandN=5,gaps=1:0,2:2,3:102,4:15,5:94,6:122,7:150,8:157,wouldBe=4,agap=102
GM|1|M3-MG_QT14-C0-R1|67|side=1|cfg=T_DA|kind=master|move=h3d3|hit=best|slot=1|gap=0|depth=33|nodes=4588412|legal=34|probs=mpv=1
GM|1|M3-MG_QT14-C0-R1|68|side=-1|cfg=T_GAO|kind=undefined|move=a0b2|hit=above|slot=1|gap=0|depth=19|nodes=794054|legal=14|probs=cap=25,mcap=225,p=0.1,cls=normal,legal=14,accN=1,bandN=1,gaps=1:0,2:34,3:99178,4:99078,5:99078,6:99078,7:99078,8:99078
GM|1|M3-MG_QT14-C0-R1|69|side=1|cfg=T_DA|kind=master|move=c2b2|hit=best|slot=1|gap=0|depth=41|nodes=4513095|legal=31|probs=mpv=1
GM|1|M3-MG_QT14-C0-R1|70|side=-1|cfg=T_GAO|kind=undefined|move=f6d5|hit=bmiss|slot=1|gap=0|depth=23|nodes=879640|legal=12|probs=cap=25,mcap=225,p=0.1,cls=normal,legal=12,accN=8,bandN=0,gaps=1:0,2:0,3:0,4:0,5:0,6:0,7:0,8:0,band=0
GM|1|M3-MG_QT14-C0-R1|71|side=1|cfg=T_DA|kind=master|move=b2c2|hit=best|slot=1|gap=0|depth=46|nodes=4738235|legal=29|probs=mpv=1
GM|1|M3-MG_QT14-C0-R1|72|side=-1|cfg=T_GAO|kind=undefined|move=d0d1|hit=above|slot=1|gap=0|depth=28|nodes=930688|legal=13|probs=cap=25,mcap=225,p=0.1,cls=normal,legal=13,accN=8,bandN=0,gaps=1:0,2:0,3:0,4:0,5:0,6:0,7:0,8:0
GM|1|M3-MG_QT14-C0-R1|73|side=1|cfg=T_DA|kind=master|move=d3h3|hit=best|slot=1|gap=0|depth=51|nodes=4648762|legal=28|probs=mpv=1
GM|1|M3-MG_QT14-C0-R1|74|side=-1|cfg=T_GAO|kind=undefined|move=d1d0|hit=above|slot=1|gap=0|depth=37|nodes=914727|legal=12|probs=cap=25,mcap=225,p=0.1,cls=normal,legal=12,accN=8,bandN=0,gaps=1:0,2:0,3:0,4:0,5:0,6:0,7:0,8:0
GM|1|M3-MG_QT14-C0-R1|75|side=1|cfg=T_DA|kind=master|move=h3h1|hit=best|slot=1|gap=0|depth=54|nodes=5465863|legal=34|probs=mpv=1
GM|1|M3-MG_QT14-C0-R1|76|side=-1|cfg=T_GAO|kind=undefined|move=g4e2|hit=above|slot=1|gap=0|depth=45|nodes=965103|legal=12|probs=cap=25,mcap=225,p=0.1,cls=normal,legal=12,accN=8,bandN=0,gaps=1:0,2:0,3:0,4:0,5:0,6:0,7:0,8:0
GM|1|M3-MG_QT14-C0-R1|77|side=1|cfg=T_DA|kind=master|move=c2d2|hit=best|slot=1|gap=0|depth=68|nodes=6679940|legal=26|probs=mpv=1
GM|1|M3-MG_QT14-C0-R1|78|side=-1|cfg=T_GAO|kind=undefined|move=d5c3|hit=above|slot=1|gap=0|depth=61|nodes=1035324|legal=12|probs=cap=25,mcap=225,p=0.1,cls=normal,legal=12,accN=8,bandN=0,gaps=1:0,2:0,3:0,4:0,5:0,6:0,7:0,8:0
GM|1|M3-MG_QT14-C0-R1|79|side=1|cfg=T_DA|kind=master|move=h1h3|hit=best|slot=1|gap=0|depth=79|nodes=8992358|legal=26|probs=mpv=1
GM|1|M3-MG_QT14-C0-R1|80|side=-1|cfg=T_GAO|kind=undefined|move=e2g0|hit=above|slot=1|gap=0|depth=67|nodes=1397460|legal=11|probs=cap=25,mcap=225,p=0.1,cls=normal,legal=11,accN=8,bandN=0,gaps=1:0,2:0,3:0,4:0,5:0,6:0,7:0,8:0
GM|1|M3-MG_QT14-C0-R1|81|side=1|cfg=T_DA|kind=master|move=h3d3|hit=best|slot=1|gap=0|depth=111|nodes=14221697|legal=31|probs=mpv=1
GM|1|M3-MG_QT14-C0-R1|82|side=-1|cfg=T_GAO|kind=undefined|move=c3d1|hit=above|slot=1|gap=0|depth=141|nodes=2310851|legal=1|probs=cap=25,mcap=225,p=0.1,cls=normal,legal=1,accN=1,bandN=0,gaps=1:0
GM|1|M3-MG_QT14-C0-R1|83|side=1|cfg=T_DA|kind=master|move=d3d1|hit=best|slot=1|gap=0|depth=245|nodes=4762767|legal=30|probs=mpv=1
GM|1|M3-MG_QT14-C0-R1|84|side=-1|cfg=T_GAO|kind=undefined|move=c0a2|hit=above|slot=1|gap=0|depth=245|nodes=802228|legal=3|probs=cap=25,mcap=225,p=0.1,cls=normal,legal=3,accN=3,bandN=0,gaps=1:0,2:0,3:0
GM|1|M3-MG_QT14-C0-R1|85|side=1|cfg=T_DA|kind=master|move=d1b1|hit=best|slot=1|gap=0|depth=245|nodes=271633|legal=22|probs=mpv=1
GM|1|M3-MG_QT14-C0-R1|86|side=-1|cfg=T_GAO|kind=undefined|move=g0e2|hit=above|slot=1|gap=0|depth=245|nodes=156834|legal=3|probs=cap=25,mcap=225,p=0.1,cls=normal,legal=3,accN=3,bandN=0,gaps=1:0,2:0,3:0
GM|1|M3-MG_QT14-C0-R1|87|side=1|cfg=T_DA|kind=master|move=b1b3|hit=best|slot=1|gap=0|depth=245|nodes=51037|legal=32|probs=mpv=1
GM|1|M3-MG_QT14-C0-R1|88|side=-1|cfg=T_GAO|kind=undefined|move=e2c0|hit=above|slot=1|gap=0|depth=245|nodes=23242|legal=5|probs=cap=25,mcap=225,p=0.1,cls=normal,legal=5,accN=5,bandN=0,gaps=1:0,2:0,3:0,4:0,5:0
GM|1|M3-MG_QT14-C0-R1|89|side=1|cfg=T_DA|kind=master|move=b3d3|hit=best|slot=1|gap=0|depth=245|nodes=34339|legal=35|probs=mpv=1
GE|1|M3-MG_QT14-C0-R1|END|winner=hi|reason=%E5%B0%86%E6%AD%BB|plies=89|tierMoves=89|invalid=0|crit=0|hiSide=-1|stats=T_DA:n=45,rand=0,cap=0,above=0,bmiss=0,gapMean=0,gapMax=0;T_GAO:n=44,rand=4,cap=14,above=24,bmiss=2,gapMean=15,gapMax=181
PROG|1|M3-MG_QT14-C0-R1
G|1|M3-MG_QB3-C1-R1|START|pos=MG_QB3|pair=%E5%A4%A7%E5%B8%88_vs_%E9%AB%98%E6%89%8B|hi=T_DA|lo=T_GAO|hiFirst=0|fen=1n1a1abnr/r3k4/4b4/pcp3pcp/4p4/2C6/P1P1P1P1P/B5N1B/3N4R/R2AKA1C1 w - - 0 1
GM|1|M3-MG_QB3-C1-R1|1|side=-1|cfg=T_GAO|kind=undefined|move=c4a4|hit=cap|slot=3|gap=18|depth=11|nodes=604680|legal=39|probs=cap=25,mcap=225,p=0.1,cls=normal,legal=39,accN=3,bandN=5,gaps=1:0,2:14,3:18,4:85,5:102,6:111,7:112,8:117
GM|1|M3-MG_QB3-C1-R1|2|side=1|cfg=T_DA|kind=master|move=a8d8|hit=best|slot=1|gap=0|depth=19|nodes=3281988|legal=39|probs=mpv=1
GM|1|M3-MG_QB3-C1-R1|3|side=-1|cfg=T_GAO|kind=undefined|move=i2g0|hit=rand|slot=4|gap=93|depth=12|nodes=634811|legal=40|probs=cap=25,mcap=225,p=0.1,cls=normal,legal=40,accN=2,bandN=6,gaps=1:0,2:25,3:60,4:93,5:121,6:129,7:130,8:139,wouldBe=2,agap=93
GM|1|M3-MG_QB3-C1-R1|4|side=1|cfg=T_DA|kind=master|move=e8e9|hit=best|slot=1|gap=0|depth=21|nodes=3318992|legal=41|probs=mpv=1
GM|1|M3-MG_QB3-C1-R1|5|side=-1|cfg=T_GAO|kind=undefined|move=a4f4|hit=rand|slot=7|gap=73|depth=9|nodes=591381|legal=40|probs=cap=25,mcap=225,p=0.1,cls=normal,legal=40,accN=3,bandN=5,gaps=1:0,2:2,3:12,4:47,5:56,6:58,7:73,8:75,wouldBe=3,agap=73
GM|1|M3-MG_QB3-C1-R1|6|side=1|cfg=T_DA|kind=master|move=h9i7|hit=best|slot=1|gap=0|depth=29|nodes=3422296|legal=47|probs=mpv=1
GM|1|M3-MG_QB3-C1-R1|7|side=-1|cfg=T_GAO|kind=undefined|move=i1h1|hit=above|slot=1|gap=0|depth=11|nodes=682967|legal=46|probs=cap=25,mcap=225,p=0.1,cls=normal,legal=46,accN=1,bandN=7,gaps=1:0,2:63,3:85,4:92,5:102,6:106,7:144,8:149
GM|1|M3-MG_QB3-C1-R1|8|side=1|cfg=T_DA|kind=master|move=h6h0|hit=best|slot=1|gap=0|depth=31|nodes=3545045|legal=47|probs=mpv=1
GM|1|M3-MG_QB3-C1-R1|9|side=-1|cfg=T_GAO|kind=undefined|move=h1h0|hit=cap|slot=3|gap=25|depth=13|nodes=609776|legal=46|probs=cap=25,mcap=225,p=0.1,cls=normal,legal=46,accN=3,bandN=5,gaps=1:0,2:16,3:25,4:104,5:109,6:154,7:204,8:208
GM|1|M3-MG_QB3-C1-R1|10|side=1|cfg=T_DA|kind=master|move=d8d1|hit=best|slot=1|gap=0|depth=25|nodes=3467758|legal=39|probs=mpv=1
GM|1|M3-MG_QB3-C1-R1|11|side=-1|cfg=T_GAO|kind=undefined|move=a0b0|hit=above|slot=1|gap=0|depth=15|nodes=618963|legal=41|probs=cap=25,mcap=225,p=0.1,cls=normal,legal=41,accN=1,bandN=0,gaps=1:0,2:287,3:340,4:355,5:380,6:380,7:386,8:393
GM|1|M3-MG_QB3-C1-R1|12|side=1|cfg=T_DA|kind=master|move=b6b1|hit=best|slot=1|gap=0|depth=28|nodes=3531230|legal=41|probs=mpv=1
GM|1|M3-MG_QB3-C1-R1|13|side=-1|cfg=T_GAO|kind=undefined|move=d0e1|hit=cap|slot=2|gap=21|depth=13|nodes=630943|legal=40|probs=cap=25,mcap=225,p=0.1,cls=normal,legal=40,accN=2,bandN=2,gaps=1:0,2:21,3:151,4:232,5:239,6:225,7:249,8:272
GM|1|M3-MG_QB3-C1-R1|14|side=1|cfg=T_DA|kind=master|move=d1d4|hit=best|slot=1|gap=0|depth=28|nodes=3631618|legal=38|probs=mpv=1
GM|1|M3-MG_QB3-C1-R1|15|side=-1|cfg=T_GAO|kind=undefined|move=b0b1|hit=above|slot=1|gap=0|depth=13|nodes=632634|legal=37|probs=cap=25,mcap=225,p=0.1,cls=normal,legal=37,accN=1,bandN=6,gaps=1:0,2:33,3:114,4:117,5:150,6:185,7:223,8:264
GM|1|M3-MG_QB3-C1-R1|16|side=1|cfg=T_DA|kind=master|move=d4f4|hit=best|slot=1|gap=0|depth=26|nodes=3504248|legal=31|probs=mpv=1
GM|1|M3-MG_QB3-C1-R1|17|side=-1|cfg=T_GAO|kind=undefined|move=b1b9|hit=above|slot=1|gap=0|depth=14|nodes=651746|legal=35|probs=cap=25,mcap=225,p=0.1,cls=normal,legal=35,accN=1,bandN=1,gaps=1:0,2:103,3:294,4:333,5:360,6:364,7:386,8:407
GM|1|M3-MG_QB3-C1-R1|18|side=1|cfg=T_DA|kind=master|move=g6g5|hit=best|slot=1|gap=0|depth=27|nodes=3468748|legal=30|probs=mpv=1
GM|1|M3-MG_QB3-C1-R1|19|side=-1|cfg=T_GAO|kind=undefined|move=b9b8|hit=cap|slot=8|gap=19|depth=14|nodes=628232|legal=36|probs=cap=25,mcap=225,p=0.1,cls=normal,legal=36,accN=8,bandN=0,gaps=1:0,2:4,3:6,4:6,5:6,6:11,7:15,8:19
GM|1|M3-MG_QB3-C1-R1|20|side=1|cfg=T_DA|kind=master|move=f4f3|hit=best|slot=1|gap=0|depth=26|nodes=4062791|legal=30|probs=mpv=1
GM|1|M3-MG_QB3-C1-R1|21|side=-1|cfg=T_GAO|kind=undefined|move=g0e2|hit=cap|slot=6|gap=22|depth=15|nodes=680659|legal=41|probs=cap=25,mcap=225,p=0.1,cls=normal,legal=41,accN=6,bandN=2,gaps=1:0,2:0,3:0,4:1,5:6,6:22,7:26,8:29
GM|1|M3-MG_QB3-C1-R1|22|side=1|cfg=T_DA|kind=master|move=f3g3|hit=best|slot=1|gap=0|depth=24|nodes=4183037|legal=24|probs=mpv=1
GM|1|M3-MG_QB3-C1-R1|23|side=-1|cfg=T_GAO|kind=undefined|move=h0h2|hit=cap|slot=2|gap=18|depth=14|nodes=729458|legal=43|probs=cap=25,mcap=225,p=0.1,cls=normal,legal=43,accN=2,bandN=3,gaps=1:0,2:18,3:177,4:201,5:208,6:256,7:256,8:282
GM|1|M3-MG_QB3-C1-R1|24|side=1|cfg=T_DA|kind=master|move=f9e8|hit=best|slot=1|gap=0|depth=23|nodes=4229956|legal=20|probs=mpv=1
GM|1|M3-MG_QB3-C1-R1|25|side=-1|cfg=T_GAO|kind=undefined|move=h2i2|hit=cap|slot=5|gap=19|depth=11|nodes=665263|legal=38|probs=cap=25,mcap=225,p=0.1,cls=normal,legal=38,accN=7,bandN=1,gaps=1:0,2:0,3:5,4:15,5:19,6:17,7:17,8:32
GM|1|M3-MG_QB3-C1-R1|26|side=1|cfg=T_DA|kind=master|move=i9h9|hit=best|slot=1|gap=0|depth=23|nodes=3702359|legal=22|probs=mpv=1
GM|1|M3-MG_QB3-C1-R1|27|side=-1|cfg=T_GAO|kind=undefined|move=b8b4|hit=above|slot=1|gap=0|depth=10|nodes=634252|legal=32|probs=cap=25,mcap=225,p=0.1,cls=normal,legal=32,accN=1,bandN=7,gaps=1:0,2:65,3:96,4:102,5:41,6:58,7:70,8:73
GM|1|M3-MG_QB3-C1-R1|28|side=1|cfg=T_DA|kind=master|move=h9h1|hit=best|slot=1|gap=0|depth=24|nodes=3896072|legal=29|probs=mpv=1
GM|1|M3-MG_QB3-C1-R1|29|side=-1|cfg=T_GAO|kind=undefined|move=b4f4|hit=above|slot=1|gap=0|depth=12|nodes=565110|legal=36|probs=cap=25,mcap=225,p=0.1,cls=normal,legal=36,accN=1,bandN=7,gaps=1:0,2:91,3:98,4:91,5:109,6:122,7:135,8:139
GM|1|M3-MG_QB3-C1-R1|30|side=1|cfg=T_DA|kind=master|move=c6c5|hit=best|slot=1|gap=0|depth=21|nodes=3553317|legal=32|probs=mpv=1
GM|1|M3-MG_QB3-C1-R1|31|side=-1|cfg=T_GAO|kind=undefined|move=i3i4|hit=cap|slot=2|gap=15|depth=12|nodes=619338|legal=35|probs=cap=25,mcap=225,p=0.1,cls=normal,legal=35,accN=2,bandN=6,gaps=1:0,2:15,3:44,4:37,5:53,6:76,7:96,8:100
GM|1|M3-MG_QB3-C1-R1|32|side=1|cfg=T_DA|kind=master|move=h1g1|hit=best|slot=1|gap=0|depth=24|nodes=3789933|legal=31|probs=mpv=1
GM|1|M3-MG_QB3-C1-R1|33|side=-1|cfg=T_GAO|kind=undefined|move=f4f2|hit=above|slot=1|gap=0|depth=14|nodes=603010|legal=35|probs=cap=25,mcap=225,p=0.1,cls=normal,legal=35,accN=1,bandN=7,gaps=1:0,2:101,3:155,4:179,5:196,6:196,7:201,8:208
GM|1|M3-MG_QB3-C1-R1|34|side=1|cfg=T_DA|kind=master|move=g3e3|hit=best|slot=1|gap=0|depth=22|nodes=3763172|legal=24|probs=mpv=1
GM|1|M3-MG_QB3-C1-R1|35|side=-1|cfg=T_GAO|kind=undefined|move=g2f4|hit=cap|slot=2|gap=19|depth=12|nodes=653971|legal=28|probs=cap=25,mcap=225,p=0.1,cls=normal,legal=28,accN=2,bandN=6,gaps=1:0,2:19,3:37,4:43,5:54,6:62,7:76,8:83
GM|1|M3-MG_QB3-C1-R1|36|side=1|cfg=T_DA|kind=master|move=g1h1|hit=best|slot=1|gap=0|depth=26|nodes=4594309|legal=29|probs=mpv=1
GM|1|M3-MG_QB3-C1-R1|37|side=-1|cfg=T_GAO|kind=undefined|move=i2h2|hit=cap|slot=2|gap=3|depth=12|nodes=657122|legal=28|probs=cap=25,mcap=225,p=0.1,cls=normal,legal=28,accN=2,bandN=6,gaps=1:0,2:3,3:57,4:108,5:108,6:116,7:118,8:127
GM|1|M3-MG_QB3-C1-R1|38|side=1|cfg=T_DA|kind=master|move=h1h2|hit=best|slot=1|gap=0|depth=27|nodes=5526721|legal=27|probs=mpv=1
GM|1|M3-MG_QB3-C1-R1|39|side=-1|cfg=T_GAO|kind=undefined|move=f2h2|hit=bmiss|slot=1|gap=0|depth=15|nodes=633731|legal=23|probs=cap=25,mcap=225,p=0.1,cls=normal,legal=23,accN=1,bandN=0,gaps=1:0,2:420,3:440,4:540,5:550,6:569,7:573,8:584,band=0
GM|1|M3-MG_QB3-C1-R1|40|side=1|cfg=T_DA|kind=master|move=e3c3|hit=best|slot=1|gap=0|depth=26|nodes=4604659|legal=21|probs=mpv=1
GM|1|M3-MG_QB3-C1-R1|41|side=-1|cfg=T_GAO|kind=undefined|move=h2h6|hit=cap|slot=2|gap=17|depth=14|nodes=656767|legal=31|probs=cap=25,mcap=225,p=0.1,cls=normal,legal=31,accN=2,bandN=6,gaps=1:0,2:17,3:53,4:71,5:80,6:83,7:83,8:83
GM|1|M3-MG_QB3-C1-R1|42|side=1|cfg=T_DA|kind=master|move=c3a3|hit=best|slot=1|gap=0|depth=22|nodes=3429290|legal=25|probs=mpv=1
GM|1|M3-MG_QB3-C1-R1|43|side=-1|cfg=T_GAO|kind=undefined|move=h6i6|hit=above|slot=1|gap=0|depth=14|nodes=614733|legal=35|probs=cap=25,mcap=225,p=0.1,cls=normal,legal=35,accN=1,bandN=7,gaps=1:0,2:31,3:36,4:41,5:42,6:43,7:51,8:60
GM|1|M3-MG_QB3-C1-R1|44|side=1|cfg=T_DA|kind=master|move=a3a2|hit=best|slot=1|gap=0|depth=24|nodes=3888439|legal=23|probs=mpv=1
GM|1|M3-MG_QB3-C1-R1|45|side=-1|cfg=T_GAO|kind=undefined|move=i4i5|hit=above|slot=1|gap=0|depth=13|nodes=544479|legal=26|probs=cap=25,mcap=225,p=0.1,cls=normal,legal=26,accN=1,bandN=7,gaps=1:0,2:26,3:60,4:61,5:64,6:82,7:62,8:65
GM|1|M3-MG_QB3-C1-R1|46|side=1|cfg=T_DA|kind=master|move=e5e4|hit=best|slot=1|gap=0|depth=25|nodes=4047443|legal=21|probs=mpv=1
GM|1|M3-MG_QB3-C1-R1|47|side=-1|cfg=T_GAO|kind=undefined|move=f4h5|hit=cap|slot=2|gap=9|depth=13|nodes=631691|legal=23|probs=cap=25,mcap=225,p=0.1,cls=normal,legal=23,accN=2,bandN=5,gaps=1:0,2:9,3:64,4:66,5:90,6:135,7:217,8:255
GM|1|M3-MG_QB3-C1-R1|48|side=1|cfg=T_DA|kind=master|move=a2e2|hit=best|slot=1|gap=0|depth=24|nodes=3866455|legal=23|probs=mpv=1
GM|1|M3-MG_QB3-C1-R1|49|side=-1|cfg=T_GAO|kind=undefined|move=h5g7|hit=cap|slot=2|gap=2|depth=13|nodes=561296|legal=14|probs=cap=25,mcap=225,p=0.1,cls=normal,legal=14,accN=2,bandN=6,gaps=1:0,2:2,3:63,4:69,5:82,6:86,7:89,8:98
GM|1|M3-MG_QB3-C1-R1|50|side=1|cfg=T_DA|kind=master|move=e2e3|hit=best|slot=1|gap=0|depth=22|nodes=3982495|legal=23|probs=mpv=1
GM|1|M3-MG_QB3-C1-R1|51|side=-1|cfg=T_GAO|kind=undefined|move=i6h6|hit=bmiss|slot=8|gap=25|depth=12|nodes=615227|legal=18|probs=cap=25,mcap=225,p=0.1,cls=normal,legal=18,accN=8,bandN=0,gaps=1:0,2:13,3:19,4:23,5:24,6:24,7:24,8:25,band=0
GM|1|M3-MG_QB3-C1-R1|52|side=1|cfg=T_DA|kind=master|move=e3f3|hit=best|slot=1|gap=0|depth=23|nodes=4071208|legal=23|probs=mpv=1
GM|1|M3-MG_QB3-C1-R1|53|side=-1|cfg=T_GAO|kind=undefined|move=e0d0|hit=cap|slot=4|gap=22|depth=13|nodes=623307|legal=31|probs=cap=25,mcap=225,p=0.1,cls=normal,legal=31,accN=7,bandN=1,gaps=1:0,2:0,3:11,4:22,5:26,6:16,7:20,8:22
GM|1|M3-MG_QB3-C1-R1|54|side=1|cfg=T_DA|kind=master|move=f3f7|hit=best|slot=1|gap=0|depth=22|nodes=3891480|legal=31|probs=mpv=1
GM|1|M3-MG_QB3-C1-R1|55|side=-1|cfg=T_GAO|kind=undefined|move=g7i8|hit=above|slot=1|gap=0|depth=13|nodes=548715|legal=29|probs=cap=25,mcap=225,p=0.1,cls=normal,legal=29,accN=1,bandN=7,gaps=1:0,2:31,3:43,4:43,5:47,6:56,7:216,8:220
GM|1|M3-MG_QB3-C1-R1|56|side=1|cfg=T_DA|kind=master|move=f7f8|hit=best|slot=1|gap=0|depth=22|nodes=3732575|legal=24|probs=mpv=1
GM|1|M3-MG_QB3-C1-R1|57|side=-1|cfg=T_GAO|kind=undefined|move=i8g7|hit=above|slot=1|gap=0|depth=14|nodes=646677|legal=25|probs=cap=25,mcap=225,p=0.1,cls=normal,legal=25,accN=1,bandN=7,gaps=1:0,2:35,3:52,4:73,5:92,6:96,7:100,8:111
GM|1|M3-MG_QB3-C1-R1|58|side=1|cfg=T_DA|kind=master|move=f8f7|hit=best|slot=1|gap=0|depth=22|nodes=3824661|legal=26|probs=mpv=1
GM|1|M3-MG_QB3-C1-R1|59|side=-1|cfg=T_GAO|kind=undefined|move=g7i8|hit=above|slot=1|gap=0|depth=12|nodes=566158|legal=29|probs=cap=25,mcap=225,p=0.1,cls=normal,legal=29,accN=1,bandN=6,gaps=1:0,2:29,3:32,4:44,5:47,6:50,7:210,8:233
GM|1|M3-MG_QB3-C1-R1|60|side=1|cfg=T_DA|kind=master|move=i7g8|hit=best|slot=1|gap=0|depth=22|nodes=3771886|legal=24|probs=mpv=1
GM|1|M3-MG_QB3-C1-R1|61|side=-1|cfg=T_GAO|kind=undefined|move=h6a6|hit=cap|slot=2|gap=22|depth=13|nodes=606800|legal=25|probs=cap=25,mcap=225,p=0.1,cls=normal,legal=25,accN=2,bandN=6,gaps=1:0,2:22,3:51,4:59,5:71,6:77,7:79,8:85
GM|1|M3-MG_QB3-C1-R1|62|side=1|cfg=T_DA|kind=master|move=f7i7|hit=best|slot=1|gap=0|depth=23|nodes=3771466|legal=26|probs=mpv=1
GM|1|M3-MG_QB3-C1-R1|63|side=-1|cfg=T_GAO|kind=undefined|move=a6i6|hit=above|slot=1|gap=0|depth=13|nodes=640684|legal=25|probs=cap=25,mcap=225,p=0.1,cls=normal,legal=25,accN=1,bandN=7,gaps=1:0,2:57,3:141,4:143,5:143,6:146,7:148,8:149
GM|1|M3-MG_QB3-C1-R1|64|side=1|cfg=T_DA|kind=master|move=i7h7|hit=best|slot=1|gap=0|depth=23|nodes=3524852|legal=18|probs=mpv=1
GM|1|M3-MG_QB3-C1-R1|65|side=-1|cfg=T_GAO|kind=undefined|move=i6c6|hit=cap|slot=8|gap=16|depth=12|nodes=567851|legal=17|probs=cap=25,mcap=225,p=0.1,cls=normal,legal=17,accN=8,bandN=0,gaps=1:0,2:4,3:9,4:11,5:13,6:14,7:15,8:16
GM|1|M3-MG_QB3-C1-R1|66|side=1|cfg=T_DA|kind=master|move=h7h8|hit=best|slot=1|gap=0|depth=22|nodes=3782842|legal=27|probs=mpv=1
GM|1|M3-MG_QB3-C1-R1|67|side=-1|cfg=T_GAO|kind=undefined|move=c6i6|hit=above|slot=1|gap=0|depth=13|nodes=707260|legal=19|probs=cap=25,mcap=225,p=0.1,cls=normal,legal=19,accN=1,bandN=7,gaps=1:0,2:133,3:147,4:153,5:142,6:148,7:148,8:148
GM|1|M3-MG_QB3-C1-R1|68|side=1|cfg=T_DA|kind=master|move=g5g4|hit=best|slot=1|gap=0|depth=24|nodes=3760851|legal=22|probs=mpv=1
GM|1|M3-MG_QB3-C1-R1|69|side=-1|cfg=T_GAO|kind=undefined|move=i6e6|hit=rand|slot=6|gap=48|depth=11|nodes=619579|legal=15|probs=cap=25,mcap=225,p=0.1,cls=normal,legal=15,accN=2,bandN=6,gaps=1:0,2:17,3:26,4:26,5:32,6:48,7:139,8:141,wouldBe=2,agap=48
GM|1|M3-MG_QB3-C1-R1|70|side=1|cfg=T_DA|kind=master|move=h8i8|hit=best|slot=1|gap=0|depth=35|nodes=4679556|legal=25|probs=mpv=1
GM|1|M3-MG_QB3-C1-R1|71|side=-1|cfg=T_GAO|kind=undefined|move=e6e4|hit=above|slot=1|gap=0|depth=14|nodes=686127|legal=17|probs=cap=25,mcap=225,p=0.1,cls=normal,legal=17,accN=1,bandN=7,gaps=1:0,2:68,3:70,4:70,5:77,6:80,7:86,8:101
GM|1|M3-MG_QB3-C1-R1|72|side=1|cfg=T_DA|kind=master|move=g8f6|hit=best|slot=1|gap=0|depth=29|nodes=4472296|legal=20|probs=mpv=1
GM|1|M3-MG_QB3-C1-R1|73|side=-1|cfg=T_GAO|kind=undefined|move=e4e6|hit=cap|slot=2|gap=22|depth=12|nodes=722255|legal=17|probs=cap=25,mcap=225,p=0.1,cls=normal,legal=17,accN=2,bandN=5,gaps=1:0,2:22,3:116,4:97,5:99,6:100,7:102,8:264
GM|1|M3-MG_QB3-C1-R1|74|side=1|cfg=T_DA|kind=master|move=i8f8|hit=best|slot=1|gap=0|depth=27|nodes=4427313|legal=21|probs=mpv=1
GM|1|M3-MG_QB3-C1-R1|75|side=-1|cfg=T_GAO|kind=undefined|move=e6e5|hit=above|slot=1|gap=0|depth=11|nodes=679502|legal=16|probs=cap=25,mcap=225,p=0.1,cls=normal,legal=16,accN=1,bandN=7,gaps=1:0,2:32,3:38,4:48,5:65,6:46,7:49,8:58
GM|1|M3-MG_QB3-C1-R1|76|side=1|cfg=T_DA|kind=master|move=f6d7|hit=best|slot=1|gap=0|depth=30|nodes=4563767|legal=21|probs=mpv=1
GM|1|M3-MG_QB3-C1-R1|77|side=-1|cfg=T_GAO|kind=undefined|move=e5e7|hit=above|slot=1|gap=0|depth=12|nodes=645556|legal=16|probs=cap=25,mcap=225,p=0.1,cls=normal,legal=16,accN=1,bandN=6,gaps=1:0,2:56,3:64,4:84,5:73,6:75,7:77,8:260
GM|1|M3-MG_QB3-C1-R1|78|side=1|cfg=T_DA|kind=master|move=f8f0|hit=best|slot=1|gap=0|depth=32|nodes=7643569|legal=22|probs=mpv=1
GM|1|M3-MG_QB3-C1-R1|79|side=-1|cfg=T_GAO|kind=undefined|move=d0d1|hit=cap|slot=2|gap=23|depth=16|nodes=832403|legal=2|probs=cap=25,mcap=225,p=0.1,cls=normal,legal=2,accN=2,bandN=0,gaps=1:0,2:23
GM|1|M3-MG_QB3-C1-R1|80|side=1|cfg=T_DA|kind=master|move=f0f6|hit=best|slot=1|gap=0|depth=24|nodes=4087902|legal=28|probs=mpv=1
GM|1|M3-MG_QB3-C1-R1|81|side=-1|cfg=T_GAO|kind=undefined|move=e7e3|hit=cap|slot=3|gap=11|depth=12|nodes=646859|legal=19|probs=cap=25,mcap=225,p=0.1,cls=normal,legal=19,accN=3,bandN=2,gaps=1:0,2:5,3:11,4:113,5:31,6:272,7:288,8:309
GM|1|M3-MG_QB3-C1-R1|82|side=1|cfg=T_DA|kind=master|move=f6d6|hit=best|slot=1|gap=0|depth=24|nodes=4176825|legal=29|probs=mpv=1
GM|1|M3-MG_QB3-C1-R1|83|side=-1|cfg=T_GAO|kind=undefined|move=e1d2|hit=bmiss|slot=1|gap=0|depth=14|nodes=619204|legal=2|probs=cap=0,mcap=700,p=0.1,cls=hard,legal=2,accN=1,bandN=0,gaps=1:0,2:99967,band=0
GM|1|M3-MG_QB3-C1-R1|84|side=1|cfg=T_DA|kind=master|move=d7b6|hit=best|slot=1|gap=0|depth=24|nodes=5471531|legal=24|probs=mpv=1
GM|1|M3-MG_QB3-C1-R1|85|side=-1|cfg=T_GAO|kind=undefined|move=i5h5|hit=cap|slot=3|gap=23|depth=11|nodes=615882|legal=20|probs=cap=25,mcap=225,p=0.1,cls=normal,legal=20,accN=7,bandN=1,gaps=1:0,2:17,3:23,4:37,5:0,6:0,7:0,8:1
GM|1|M3-MG_QB3-C1-R1|86|side=1|cfg=T_DA|kind=master|move=g4f4|hit=best|slot=1|gap=0|depth=22|nodes=4911983|legal=25|probs=mpv=1
GM|1|M3-MG_QB3-C1-R1|87|side=-1|cfg=T_GAO|kind=undefined|move=d1e1|hit=above|slot=1|gap=0|depth=10|nodes=669156|legal=21|probs=cap=25,mcap=225,p=0.1,cls=normal,legal=21,accN=1,bandN=7,gaps=1:0,2:84,3:86,4:89,5:108,6:40,7:88,8:96
GM|1|M3-MG_QB3-C1-R1|88|side=1|cfg=T_DA|kind=master|move=b6c4|hit=best|slot=1|gap=0|depth=25|nodes=5548953|legal=25|probs=mpv=1
GM|1|M3-MG_QB3-C1-R1|89|side=-1|cfg=T_GAO|kind=undefined|move=e3c3|hit=cap|slot=2|gap=1|depth=13|nodes=691156|legal=21|probs=cap=25,mcap=225,p=0.1,cls=normal,legal=21,accN=2,bandN=1,gaps=1:0,2:1,3:85,4:393,5:462,6:462,7:473,8:100114
GM|1|M3-MG_QB3-C1-R1|90|side=1|cfg=T_DA|kind=master|move=f4e4|hit=best|slot=1|gap=0|depth=25|nodes=5599326|legal=24|probs=mpv=1
GM|1|M3-MG_QB3-C1-R1|91|side=-1|cfg=T_GAO|kind=undefined|move=c3c2|hit=cap|slot=5|gap=19|depth=11|nodes=749097|legal=19|probs=cap=25,mcap=225,p=0.1,cls=normal,legal=19,accN=2,bandN=6,gaps=1:0,2:50,3:95,4:146,5:19,6:32,7:73,8:77
GM|1|M3-MG_QB3-C1-R1|92|side=1|cfg=T_DA|kind=master|move=e4e3|hit=best|slot=1|gap=0|depth=51|nodes=6295694|legal=29|probs=mpv=1
GM|1|M3-MG_QB3-C1-R1|93|side=-1|cfg=T_GAO|kind=undefined|move=c2c3|hit=above|slot=1|gap=0|depth=27|nodes=914171|legal=12|probs=cap=25,mcap=225,p=0.1,cls=normal,legal=12,accN=8,bandN=0,gaps=1:0,2:0,3:0,4:0,5:0,6:0,7:0,8:0
GM|1|M3-MG_QB3-C1-R1|94|side=1|cfg=T_DA|kind=master|move=d6d2|hit=best|slot=1|gap=0|depth=71|nodes=7613655|legal=26|probs=mpv=1
GM|1|M3-MG_QB3-C1-R1|95|side=-1|cfg=T_GAO|kind=undefined|move=e1e0|hit=above|slot=1|gap=0|depth=41|nodes=1170619|legal=13|probs=cap=25,mcap=225,p=0.1,cls=normal,legal=13,accN=8,bandN=0,gaps=1:0,2:0,3:0,4:0,5:0,6:0,7:0,8:0
GM|1|M3-MG_QB3-C1-R1|96|side=1|cfg=T_DA|kind=master|move=d2g2|hit=best|slot=1|gap=0|depth=83|nodes=9927582|legal=28|probs=mpv=1
GM|1|M3-MG_QB3-C1-R1|97|side=-1|cfg=T_GAO|kind=undefined|move=c3c1|hit=above|slot=1|gap=0|depth=48|nodes=1270495|legal=14|probs=cap=25,mcap=225,p=0.1,cls=normal,legal=14,accN=8,bandN=0,gaps=1:0,2:0,3:0,4:0,5:0,6:0,7:0,8:0
GM|1|M3-MG_QB3-C1-R1|98|side=1|cfg=T_DA|kind=master|move=e3e2|hit=best|slot=1|gap=0|depth=144|nodes=15929670|legal=30|probs=mpv=1
GM|1|M3-MG_QB3-C1-R1|99|side=-1|cfg=T_GAO|kind=undefined|move=e0d0|hit=above|slot=1|gap=0|depth=110|nodes=2280391|legal=17|probs=cap=25,mcap=225,p=0.1,cls=normal,legal=17,accN=8,bandN=0,gaps=1:0,2:0,3:0,4:0,5:0,6:0,7:0,8:0
GM|1|M3-MG_QB3-C1-R1|100|side=1|cfg=T_DA|kind=master|move=g2g0|hit=best|slot=1|gap=0|depth=245|nodes=4402350|legal=26|probs=mpv=1
GM|1|M3-MG_QB3-C1-R1|101|side=-1|cfg=T_GAO|kind=undefined|move=d0d1|hit=above|slot=1|gap=0|depth=245|nodes=600712|legal=1|probs=cap=25,mcap=225,p=0.1,cls=normal,legal=1,accN=1,bandN=0,gaps=1:0
GM|1|M3-MG_QB3-C1-R1|102|side=1|cfg=T_DA|kind=master|move=e8f9|hit=best|slot=1|gap=0|depth=245|nodes=492913|legal=31|probs=mpv=1
GM|1|M3-MG_QB3-C1-R1|103|side=-1|cfg=T_GAO|kind=undefined|move=c1c4|hit=above|slot=1|gap=0|depth=245|nodes=134438|legal=9|probs=cap=25,mcap=225,p=0.1,cls=normal,legal=9,accN=8,bandN=0,gaps=1:0,2:0,3:0,4:0,5:0,6:0,7:0,8:0
GM|1|M3-MG_QB3-C1-R1|104|side=1|cfg=T_DA|kind=master|move=e2e1|hit=best|slot=1|gap=0|depth=245|nodes=36109|legal=25|probs=mpv=1
GM|1|M3-MG_QB3-C1-R1|105|side=-1|cfg=T_GAO|kind=undefined|move=d1d2|hit=above|slot=1|gap=0|depth=245|nodes=2001|legal=1|probs=cap=25,mcap=225,p=0.1,cls=normal,legal=1,accN=1,bandN=0,gaps=1:0
GM|1|M3-MG_QB3-C1-R1|106|side=1|cfg=T_DA|kind=master|move=g0d0|hit=best|slot=1|gap=0|depth=245|nodes=24523|legal=25|probs=mpv=1
GE|1|M3-MG_QB3-C1-R1|END|winner=hi|reason=%E5%B0%86%E6%AD%BB|plies=106|tierMoves=106|invalid=0|crit=0|hiSide=-1|stats=T_GAO:n=53,rand=3,cap=22,above=25,bmiss=3,gapMean=11,gapMax=93;T_DA:n=53,rand=0,cap=0,above=0,bmiss=0,gapMean=0,gapMax=0
PROG|1|M3-MG_QB3-C1-R1
G|1|M4-MG_QB3-C0-R1|START|pos=MG_QB3|pair=%E9%AB%98%E6%89%8B_vs_%E4%B8%9A%E4%BD%99|hi=T_GAO|lo=T_YOU|hiFirst=1|fen=1n1a1abnr/r3k4/4b4/pcp3pcp/4p4/2C6/P1P1P1P1P/B5N1B/3N4R/R2AKA1C1 w - - 0 1
GM|1|M4-MG_QB3-C0-R1|1|side=-1|cfg=T_GAO|kind=undefined|move=c4i4|hit=rand|slot=4|gap=94|depth=12|nodes=580626|legal=39|probs=cap=25,mcap=225,p=0.1,cls=normal,legal=39,accN=2,bandN=6,gaps=1:0,2:19,3:88,4:94,5:115,6:116,7:126,8:136,wouldBe=2,agap=94
GM|1|M4-MG_QB3-C0-R1|2|side=1|cfg=T_YOU|kind=undefined|move=g9i7|hit=rand|slot=2|gap=162|depth=14|nodes=543061|legal=39|probs=cap=80,mcap=280,p=0.5,cls=normal,legal=39,accN=1,bandN=1,gaps=1:0,2:162,3:332,4:367,5:392,6:431,7:431,8:435,wouldBe=1,agap=162
GM|1|M4-MG_QB3-C0-R1|3|side=-1|cfg=T_GAO|kind=undefined|move=d1f2|hit=cap|slot=2|gap=20|depth=11|nodes=550492|legal=41|probs=cap=25,mcap=225,p=0.1,cls=normal,legal=41,accN=2,bandN=6,gaps=1:0,2:20,3:28,4:47,5:72,6:52,7:54,8:70
GM|1|M4-MG_QB3-C0-R1|4|side=1|cfg=T_YOU|kind=undefined|move=h9f8|hit=cap|slot=8|gap=56|depth=12|nodes=528517|legal=39|probs=cap=80,mcap=280,p=0.5,cls=normal,legal=39,accN=8,bandN=0,gaps=1:0,2:11,3:18,4:30,5:34,6:36,7:41,8:56
GM|1|M4-MG_QB3-C0-R1|5|side=-1|cfg=T_GAO|kind=undefined|move=f2g4|hit=above|slot=1|gap=0|depth=12|nodes=559162|legal=45|probs=cap=25,mcap=225,p=0.1,cls=normal,legal=45,accN=1,bandN=7,gaps=1:0,2:43,3:52,4:82,5:91,6:100,7:116,8:145
GM|1|M4-MG_QB3-C0-R1|6|side=1|cfg=T_YOU|kind=undefined|move=h6h5|hit=rand|slot=5|gap=120|depth=14|nodes=533941|legal=41|probs=cap=80,mcap=280,p=0.5,cls=normal,legal=41,accN=4,bandN=4,gaps=1:0,2:54,3:68,4:69,5:120,6:128,7:132,8:146,wouldBe=4,agap=120
GM|1|M4-MG_QB3-C0-R1|7|side=-1|cfg=T_GAO|kind=undefined|move=g4e5|hit=above|slot=1|gap=0|depth=12|nodes=546405|legal=35|probs=cap=25,mcap=225,p=0.1,cls=normal,legal=35,accN=1,bandN=7,gaps=1:0,2:39,3:39,4:132,5:139,6:140,7:175,8:178
GM|1|M4-MG_QB3-C0-R1|8|side=1|cfg=T_YOU|kind=undefined|move=f8e6|hit=cap|slot=4|gap=65|depth=12|nodes=502016|legal=44|probs=cap=80,mcap=280,p=0.5,cls=normal,legal=44,accN=7,bandN=1,gaps=1:0,2:14,3:45,4:65,5:82,6:40,7:40,8:58
GM|1|M4-MG_QB3-C0-R1|9|side=-1|cfg=T_GAO|kind=undefined|move=a0b0|hit=above|slot=1|gap=0|depth=12|nodes=499718|legal=46|probs=cap=25,mcap=225,p=0.1,cls=normal,legal=46,accN=1,bandN=7,gaps=1:0,2:51,3:73,4:82,5:96,6:119,7:123,8:130
GM|1|M4-MG_QB3-C0-R1|10|side=1|cfg=T_YOU|kind=undefined|move=b9c7|hit=bmiss|slot=8|gap=43|depth=11|nodes=487016|legal=46|probs=cap=80,mcap=280,p=0.5,cls=normal,legal=46,accN=8,bandN=0,gaps=1:0,2:17,3:19,4:33,5:36,6:38,7:42,8:43,band=0
GM|1|M4-MG_QB3-C0-R1|11|side=-1|cfg=T_GAO|kind=undefined|move=b0b6|hit=cap|slot=2|gap=9|depth=12|nodes=531592|legal=51|probs=cap=25,mcap=225,p=0.1,cls=normal,legal=51,accN=2,bandN=6,gaps=1:0,2:9,3:93,4:93,5:101,6:112,7:116,8:147
GM|1|M4-MG_QB3-C0-R1|12|side=1|cfg=T_YOU|kind=undefined|move=h5h3|hit=cap|slot=8|gap=52|depth=11|nodes=464672|legal=36|probs=cap=80,mcap=280,p=0.5,cls=normal,legal=36,accN=8,bandN=0,gaps=1:0,2:19,3:21,4:30,5:30,6:31,7:46,8:52
GM|1|M4-MG_QB3-C0-R1|13|side=-1|cfg=T_GAO|kind=undefined|move=i1f1|hit=cap|slot=8|gap=20|depth=12|nodes=487033|legal=51|probs=cap=25,mcap=225,p=0.1,cls=normal,legal=51,accN=8,bandN=0,gaps=1:0,2:10,3:16,4:14,5:17,6:18,7:19,8:20
GM|1|M4-MG_QB3-C0-R1|14|side=1|cfg=T_YOU|kind=undefined|move=a8c8|hit=bmiss|slot=4|gap=40|depth=11|nodes=448672|legal=33|probs=cap=80,mcap=280,p=0.5,cls=normal,legal=33,accN=8,bandN=0,gaps=1:0,2:10,3:20,4:40,5:6,6:7,7:15,8:15,band=0
GM|1|M4-MG_QB3-C0-R1|15|side=-1|cfg=T_GAO|kind=undefined|move=f1f7|hit=cap|slot=5|gap=19|depth=11|nodes=487298|legal=59|probs=cap=25,mcap=225,p=0.1,cls=normal,legal=59,accN=5,bandN=3,gaps=1:0,2:4,3:5,4:6,5:19,6:35,7:45,8:47
GM|1|M4-MG_QB3-C0-R1|16|side=1|cfg=T_YOU|kind=undefined|move=h3h5|hit=cap|slot=8|gap=30|depth=11|nodes=477283|legal=32|probs=cap=80,mcap=280,p=0.5,cls=normal,legal=32,accN=8,bandN=0,gaps=1:0,2:0,3:19,4:4,5:7,6:7,7:13,8:30
GM|1|M4-MG_QB3-C0-R1|17|side=-1|cfg=T_GAO|kind=undefined|move=b6c6|hit=cap|slot=4|gap=23|depth=11|nodes=472033|legal=58|probs=cap=25,mcap=225,p=0.1,cls=normal,legal=58,accN=4,bandN=4,gaps=1:0,2:4,3:17,4:23,5:46,6:50,7:64,8:74
GM|1|M4-MG_QB3-C0-R1|18|side=1|cfg=T_YOU|kind=undefined|move=e6g5|hit=cap|slot=4|gap=78|depth=11|nodes=470999|legal=33|probs=cap=80,mcap=280,p=0.5,cls=normal,legal=33,accN=7,bandN=1,gaps=1:0,2:31,3:42,4:78,5:95,6:9,7:35,8:52
GM|1|M4-MG_QB3-C0-R1|19|side=-1|cfg=T_GAO|kind=undefined|move=e5c4|hit=cap|slot=2|gap=22|depth=11|nodes=453954|legal=56|probs=cap=25,mcap=225,p=0.1,cls=normal,legal=56,accN=2,bandN=6,gaps=1:0,2:22,3:35,4:56,5:113,6:122,7:131,8:133
GM|1|M4-MG_QB3-C0-R1|20|side=1|cfg=T_YOU|kind=undefined|move=g5e4|hit=rand|slot=5|gap=203|depth=11|nodes=459723|legal=30|probs=cap=80,mcap=280,p=0.5,cls=normal,legal=30,accN=4,bandN=2,gaps=1:0,2:6,3:19,4:60,5:203,6:313,7:339,8:162,wouldBe=4,agap=203
GM|1|M4-MG_QB3-C0-R1|21|side=-1|cfg=T_GAO|kind=undefined|move=e3e4|hit=above|slot=1|gap=0|depth=11|nodes=434630|legal=46|probs=cap=25,mcap=225,p=0.1,cls=normal,legal=46,accN=1,bandN=7,gaps=1:0,2:63,3:95,4:104,5:133,6:131,7:140,8:160
GM|1|M4-MG_QB3-C0-R1|22|side=1|cfg=T_YOU|kind=undefined|move=h5h6|hit=cap|slot=3|gap=23|depth=11|nodes=469723|legal=36|probs=cap=80,mcap=280,p=0.5,cls=normal,legal=36,accN=3,bandN=4,gaps=1:0,2:16,3:23,4:111,5:201,6:180,7:240,8:342
GM|1|M4-MG_QB3-C0-R1|23|side=-1|cfg=T_GAO|kind=undefined|move=f7e7|hit=cap|slot=2|gap=21|depth=11|nodes=467477|legal=49|probs=cap=25,mcap=225,p=0.1,cls=normal,legal=49,accN=2,bandN=6,gaps=1:0,2:21,3:47,4:58,5:97,6:98,7:109,8:124
GM|1|M4-MG_QB3-C0-R1|24|side=1|cfg=T_YOU|kind=undefined|move=e8e7|hit=bmiss|slot=1|gap=0|depth=14|nodes=457130|legal=3|probs=cap=80,mcap=280,p=0.5,cls=normal,legal=3,accN=1,bandN=0,gaps=1:0,2:433,3:99318,band=0
GM|1|M4-MG_QB3-C0-R1|25|side=-1|cfg=T_GAO|kind=undefined|move=c4d6|hit=rand|slot=2|gap=113|depth=11|nodes=611687|legal=37|probs=cap=25,mcap=225,p=0.1,cls=normal,legal=37,accN=1,bandN=1,gaps=1:0,2:113,3:248,4:534,5:690,6:705,7:800,8:866,wouldBe=1,agap=113
GM|1|M4-MG_QB3-C0-R1|26|side=1|cfg=T_YOU|kind=undefined|move=i9i8|hit=rand|slot=2|gap=82|depth=10|nodes=492421|legal=31|probs=cap=80,mcap=280,p=0.5,cls=normal,legal=31,accN=1,bandN=1,gaps=1:0,2:82,3:291,4:325,5:335,6:360,7:374,8:400,wouldBe=1,agap=82
GM|1|M4-MG_QB3-C0-R1|27|side=-1|cfg=T_GAO|kind=undefined|move=e4e5|hit=above|slot=1|gap=0|depth=10|nodes=472980|legal=36|probs=cap=25,mcap=225,p=0.1,cls=normal,legal=36,accN=1,bandN=3,gaps=1:0,2:69,3:83,4:170,5:234,6:315,7:391,8:415
GM|1|M4-MG_QB3-C0-R1|28|side=1|cfg=T_YOU|kind=undefined|move=i8f8|hit=above|slot=1|gap=0|depth=11|nodes=498926|legal=33|probs=cap=80,mcap=280,p=0.5,cls=normal,legal=33,accN=1,bandN=5,gaps=1:0,2:159,3:163,4:163,5:182,6:280,7:301,8:353
GM|1|M4-MG_QB3-C0-R1|29|side=-1|cfg=T_GAO|kind=undefined|move=i4e4|hit=above|slot=1|gap=0|depth=14|nodes=495616|legal=42|probs=cap=25,mcap=225,p=0.1,cls=normal,legal=42,accN=1,bandN=1,gaps=1:0,2:168,3:270,4:321,5:389,6:450,7:455,8:518
GM|1|M4-MG_QB3-C0-R1|30|side=1|cfg=T_YOU|kind=undefined|move=e7d7|hit=bmiss|slot=1|gap=0|depth=17|nodes=528958|legal=2|probs=cap=80,mcap=280,p=0.5,cls=normal,legal=2,accN=1,bandN=0,gaps=1:0,2:315,band=0
GM|1|M4-MG_QB3-C0-R1|31|side=-1|cfg=T_GAO|kind=undefined|move=e4d4|hit=bmiss|slot=1|gap=0|depth=12|nodes=487212|legal=43|probs=cap=25,mcap=225,p=0.1,cls=normal,legal=43,accN=1,bandN=0,gaps=1:0,2:227,3:299,4:474,5:611,6:622,7:692,8:695,band=0
GM|1|M4-MG_QB3-C0-R1|32|side=1|cfg=T_YOU|kind=undefined|move=d7e7|hit=bmiss|slot=1|gap=0|depth=15|nodes=538149|legal=1|probs=cap=80,mcap=280,p=0.5,cls=normal,legal=1,accN=1,bandN=0,gaps=1:0,band=0
GM|1|M4-MG_QB3-C0-R1|33|side=-1|cfg=T_GAO|kind=undefined|move=d4e4|hit=above|slot=1|gap=0|depth=15|nodes=512891|legal=46|probs=cap=25,mcap=225,p=0.1,cls=normal,legal=46,accN=1,bandN=1,gaps=1:0,2:88,3:290,4:406,5:516,6:541,7:547,8:565
GM|1|M4-MG_QB3-C0-R1|34|side=1|cfg=T_YOU|kind=undefined|move=e7d7|hit=bmiss|slot=1|gap=0|depth=26|nodes=536472|legal=2|probs=cap=80,mcap=280,p=0.5,cls=normal,legal=2,accN=2,bandN=0,gaps=1:0,2:0,band=0
GM|1|M4-MG_QB3-C0-R1|35|side=-1|cfg=T_GAO|kind=undefined|move=e4d4|hit=above|slot=1|gap=0|depth=13|nodes=474104|legal=43|probs=cap=25,mcap=225,p=0.1,cls=normal,legal=43,accN=1,bandN=0,gaps=1:0,2:236,3:341,4:460,5:486,6:607,7:733,8:764
GM|1|M4-MG_QB3-C0-R1|36|side=1|cfg=T_YOU|kind=undefined|move=d7e7|hit=above|slot=1|gap=0|depth=28|nodes=573846|legal=1|probs=cap=80,mcap=280,p=0.5,cls=normal,legal=1,accN=1,bandN=0,gaps=1:0
GM|1|M4-MG_QB3-C0-R1|37|side=-1|cfg=T_GAO|kind=undefined|move=d4e4|hit=above|slot=1|gap=0|depth=13|nodes=517267|legal=46|probs=cap=25,mcap=225,p=0.1,cls=normal,legal=46,accN=1,bandN=1,gaps=1:0,2:63,3:401,4:402,5:394,6:645,7:648,8:694
GE|1|M4-MG_QB3-C0-R1|END|winner=lo|reason=%E7%BA%A2%E6%96%B9%E9%95%BF%E5%B0%86%E7%BA%A2%E6%96%B9%E8%B4%9F|plies=37|tierMoves=37|invalid=0|crit=0|hiSide=1|stats=T_GAO:n=19,rand=2,cap=7,above=9,bmiss=1,gapMean=18,gapMax=113;T_YOU:n=18,rand=4,cap=6,above=2,bmiss=6,gapMean=53,gapMax=203
PROG|1|M4-MG_QB3-C0-R1
G|1|M4-INIT-C1-R1|START|pos=INIT|pair=%E9%AB%98%E6%89%8B_vs_%E4%B8%9A%E4%BD%99|hi=T_GAO|lo=T_YOU|hiFirst=0|fen=rnbakabnr/9/1c5c1/p1p1p1p1p/9/9/P1P1P1P1P/1C5C1/9/RNBAKABNR w - - 0 1
GM|1|M4-INIT-C1-R1|1|side=-1|cfg=T_YOU|kind=undefined|move=b0c2|hit=cap|slot=7|gap=17|depth=13|nodes=568406|legal=44|probs=cap=80,mcap=280,p=0.5,cls=opening,legal=44,accN=8,bandN=0,gaps=1:0,2:8,3:9,4:12,5:8,6:10,7:17,8:17
GM|1|M4-INIT-C1-R1|2|side=1|cfg=T_GAO|kind=undefined|move=h7e7|hit=cap|slot=5|gap=24|depth=13|nodes=516886|legal=43|probs=cap=25,mcap=225,p=0.1,cls=opening,legal=43,accN=7,bandN=1,gaps=1:0,2:11,3:11,4:20,5:24,6:17,7:22,8:27
GM|1|M4-INIT-C1-R1|3|side=-1|cfg=T_YOU|kind=undefined|move=b2a2|hit=bmiss|slot=8|gap=31|depth=13|nodes=531799|legal=41|probs=cap=80,mcap=280,p=0.5,cls=opening,legal=41,accN=8,bandN=0,gaps=1:0,2:2,3:9,4:21,5:23,6:26,7:27,8:31,band=0
GM|1|M4-INIT-C1-R1|4|side=1|cfg=T_GAO|kind=undefined|move=b9a7|hit=cap|slot=3|gap=9|depth=12|nodes=559580|legal=37|probs=cap=25,mcap=225,p=0.1,cls=opening,legal=37,accN=3,bandN=5,gaps=1:0,2:0,3:9,4:35,5:44,6:45,7:55,8:45
GM|1|M4-INIT-C1-R1|5|side=-1|cfg=T_YOU|kind=undefined|move=h2e2|hit=cap|slot=8|gap=30|depth=13|nodes=568473|legal=35|probs=cap=80,mcap=280,p=0.5,cls=opening,legal=35,accN=8,bandN=0,gaps=1:0,2:2,3:4,4:9,5:15,6:17,7:22,8:30
GM|1|M4-INIT-C1-R1|6|side=1|cfg=T_GAO|kind=undefined|move=h9g7|hit=above|slot=1|gap=0|depth=12|nodes=555396|legal=35|probs=cap=25,mcap=225,p=0.1,cls=opening,legal=35,accN=1,bandN=7,gaps=1:0,2:48,3:48,4:67,5:69,6:75,7:75,8:111
GM|1|M4-INIT-C1-R1|7|side=-1|cfg=T_YOU|kind=undefined|move=i0i2|hit=cap|slot=8|gap=44|depth=13|nodes=546129|legal=28|probs=cap=80,mcap=280,p=0.5,cls=opening,legal=28,accN=8,bandN=0,gaps=1:0,2:3,3:3,4:10,5:26,6:27,7:28,8:44
GM|1|M4-INIT-C1-R1|8|side=1|cfg=T_GAO|kind=undefined|move=b7c7|hit=cap|slot=3|gap=13|depth=13|nodes=533266|legal=34|probs=cap=25,mcap=225,p=0.1,cls=opening,legal=34,accN=3,bandN=5,gaps=1:0,2:9,3:13,4:30,5:27,6:36,7:47,8:54
GM|1|M4-INIT-C1-R1|9|side=-1|cfg=T_YOU|kind=undefined|move=i2i1|hit=cap|slot=8|gap=71|depth=12|nodes=429312|legal=28|probs=cap=80,mcap=280,p=0.5,cls=opening,legal=28,accN=8,bandN=0,gaps=1:0,2:22,3:20,4:24,5:43,6:43,7:51,8:71
GM|1|M4-INIT-C1-R1|10|side=1|cfg=T_GAO|kind=undefined|move=i9h9|hit=cap|slot=3|gap=15|depth=12|nodes=498503|legal=27|probs=cap=25,mcap=225,p=0.1,cls=opening,legal=27,accN=3,bandN=5,gaps=1:0,2:2,3:15,4:36,5:52,6:58,7:61,8:67
GM|1|M4-INIT-C1-R1|11|side=-1|cfg=T_YOU|kind=undefined|move=a0a1|hit=rand|slot=4|gap=234|depth=13|nodes=528331|legal=36|probs=cap=80,mcap=280,p=0.5,cls=opening,legal=36,accN=1,bandN=7,gaps=1:0,2:96,3:136,4:234,5:236,6:253,7:260,8:267,wouldBe=1,agap=234
GM|1|M4-INIT-C1-R1|12|side=1|cfg=T_GAO|kind=undefined|move=h9h0|hit=above|slot=1|gap=0|depth=14|nodes=552144|legal=33|probs=cap=25,mcap=225,p=0.1,cls=opening,legal=33,accN=1,bandN=3,gaps=1:0,2:132,3:216,4:218,5:240,6:241,7:260,8:269
GM|1|M4-INIT-C1-R1|13|side=-1|cfg=T_YOU|kind=undefined|move=e2g2|hit=cap|slot=8|gap=41|depth=13|nodes=517610|legal=37|probs=cap=80,mcap=280,p=0.5,cls=opening,legal=37,accN=8,bandN=0,gaps=1:0,2:32,3:31,4:32,5:32,6:38,7:40,8:41
GM|1|M4-INIT-C1-R1|14|side=1|cfg=T_GAO|kind=undefined|move=h0h3|hit=cap|slot=5|gap=22|depth=12|nodes=461858|legal=35|probs=cap=25,mcap=225,p=0.1,cls=opening,legal=35,accN=7,bandN=1,gaps=1:0,2:6,3:7,4:19,5:22,6:22,7:22,8:28
GM|1|M4-INIT-C1-R1|15|side=-1|cfg=T_YOU|kind=undefined|move=i1g1|hit=cap|slot=8|gap=33|depth=12|nodes=478854|legal=39|probs=cap=80,mcap=280,p=0.5,cls=opening,legal=39,accN=8,bandN=0,gaps=1:0,2:1,3:11,4:18,5:19,6:19,7:32,8:33
GM|1|M4-INIT-C1-R1|16|side=1|cfg=T_GAO|kind=undefined|move=d9e8|hit=cap|slot=6|gap=24|depth=12|nodes=459847|legal=35|probs=cap=25,mcap=225,p=0.1,cls=opening,legal=35,accN=7,bandN=1,gaps=1:0,2:0,3:11,4:13,5:13,6:24,7:18,8:29
GM|1|M4-INIT-C1-R1|17|side=-1|cfg=T_YOU|kind=undefined|move=g2g6|hit=cap|slot=6|gap=37|depth=11|nodes=428079|legal=34|probs=cap=80,mcap=280,p=0.5,cls=opening,legal=34,accN=8,bandN=0,gaps=1:0,2:15,3:15,4:18,5:31,6:37,7:23,8:25
GM|1|M4-INIT-C1-R1|18|side=1|cfg=T_GAO|kind=undefined|move=g9i7|hit=above|slot=1|gap=0|depth=13|nodes=479264|legal=33|probs=cap=25,mcap=225,p=0.1,cls=opening,legal=33,accN=1,bandN=6,gaps=1:0,2:74,3:82,4:136,5:170,6:183,7:211,8:746
GM|1|M4-INIT-C1-R1|19|side=-1|cfg=T_YOU|kind=undefined|move=g0e2|hit=cap|slot=8|gap=70|depth=11|nodes=425311|legal=34|probs=cap=80,mcap=280,p=0.5,cls=opening,legal=34,accN=8,bandN=0,gaps=1:0,2:37,3:47,4:47,5:48,6:55,7:57,8:70
GM|1|M4-INIT-C1-R1|20|side=1|cfg=T_GAO|kind=undefined|move=a9b9|hit=above|slot=1|gap=0|depth=12|nodes=463513|legal=34|probs=cap=25,mcap=225,p=0.1,cls=opening,legal=34,accN=1,bandN=7,gaps=1:0,2:48,3:56,4:67,5:70,6:79,7:83,8:85
GM|1|M4-INIT-C1-R1|21|side=-1|cfg=T_YOU|kind=undefined|move=d0e1|hit=bmiss|slot=7|gap=31|depth=12|nodes=489226|legal=35|probs=cap=80,mcap=280,p=0.5,cls=opening,legal=35,accN=8,bandN=0,gaps=1:0,2:0,3:8,4:9,5:12,6:15,7:31,8:1,band=0
GM|1|M4-INIT-C1-R1|22|side=1|cfg=T_GAO|kind=undefined|move=b9b3|hit=cap|slot=3|gap=24|depth=12|nodes=454575|legal=41|probs=cap=25,mcap=225,p=0.1,cls=opening,legal=41,accN=3,bandN=5,gaps=1:0,2:9,3:24,4:34,5:41,6:46,7:49,8:52
GM|1|M4-INIT-C1-R1|23|side=-1|cfg=T_YOU|kind=undefined|move=a1a0|hit=bmiss|slot=8|gap=49|depth=12|nodes=456047|legal=30|probs=cap=80,mcap=280,p=0.5,cls=opening,legal=30,accN=8,bandN=0,gaps=1:0,2:3,3:14,4:28,5:31,6:48,7:48,8:49,band=0
GM|1|M4-INIT-C1-R1|24|side=1|cfg=T_GAO|kind=undefined|move=h3h6|hit=cap|slot=2|gap=15|depth=12|nodes=465998|legal=43|probs=cap=25,mcap=225,p=0.1,cls=opening,legal=43,accN=2,bandN=6,gaps=1:0,2:15,3:45,4:47,5:53,6:61,7:66,8:77
GM|1|M4-INIT-C1-R1|25|side=-1|cfg=T_YOU|kind=undefined|move=e3e4|hit=bmiss|slot=7|gap=35|depth=11|nodes=452297|legal=30|probs=cap=80,mcap=280,p=0.5,cls=opening,legal=30,accN=8,bandN=0,gaps=1:0,2:14,3:17,4:20,5:22,6:22,7:35,8:35,band=0
GM|1|M4-INIT-C1-R1|26|side=1|cfg=T_GAO|kind=undefined|move=b3c3|hit=cap|slot=2|gap=22|depth=12|nodes=450542|legal=41|probs=cap=25,mcap=225,p=0.1,cls=opening,legal=41,accN=2,bandN=6,gaps=1:0,2:22,3:39,4:40,5:41,6:56,7:67,8:71
GM|1|M4-INIT-C1-R1|27|side=-1|cfg=T_YOU|kind=undefined|move=c2e3|hit=bmiss|slot=8|gap=41|depth=12|nodes=470032|legal=30|probs=cap=80,mcap=280,p=0.5,cls=opening,legal=30,accN=8,bandN=0,gaps=1:0,2:9,3:13,4:17,5:23,6:28,7:34,8:41,band=0
GM|1|M4-INIT-C1-R1|28|side=1|cfg=T_GAO|kind=undefined|move=c3e3|hit=cap|slot=2|gap=10|depth=12|nodes=431912|legal=38|probs=cap=25,mcap=225,p=0.1,cls=opening,legal=38,accN=2,bandN=6,gaps=1:0,2:10,3:32,4:34,5:49,6:49,7:54,8:55
GM|1|M4-INIT-C1-R1|29|side=-1|cfg=T_YOU|kind=undefined|move=g1g2|hit=bmiss|slot=6|gap=79|depth=11|nodes=469570|legal=28|probs=cap=80,mcap=280,p=0.5,cls=opening,legal=28,accN=8,bandN=0,gaps=1:0,2:20,3:31,4:54,5:72,6:79,7:52,8:63,band=0
GM|1|M4-INIT-C1-R1|30|side=1|cfg=T_GAO|kind=undefined|move=e7e4|hit=cap|slot=2|gap=16|depth=11|nodes=471056|legal=38|probs=cap=25,mcap=225,p=0.1,cls=opening,legal=38,accN=2,bandN=6,gaps=1:0,2:16,3:65,4:87,5:90,6:80,7:80,8:82
GM|1|M4-INIT-C1-R1|31|side=-1|cfg=T_YOU|kind=undefined|move=g2i2|hit=rand|slot=8|gap=83|depth=11|nodes=477036|legal=27|probs=cap=80,mcap=280,p=0.5,cls=opening,legal=27,accN=7,bandN=1,gaps=1:0,2:26,3:44,4:46,5:52,6:63,7:68,8:83,wouldBe=7,agap=83
GM|1|M4-INIT-C1-R1|32|side=1|cfg=T_GAO|kind=undefined|move=h6g6|hit=cap|slot=2|gap=4|depth=11|nodes=500729|legal=47|probs=cap=25,mcap=225,p=0.1,cls=opening,legal=47,accN=2,bandN=6,gaps=1:0,2:4,3:41,4:42,5:60,6:69,7:69,8:92
GM|1|M4-INIT-C1-R1|33|side=-1|cfg=T_YOU|kind=undefined|move=i2g2|hit=cap|slot=8|gap=42|depth=11|nodes=500871|legal=22|probs=cap=80,mcap=280,p=0.5,cls=opening,legal=22,accN=8,bandN=0,gaps=1:0,2:8,3:11,4:34,5:9,6:23,7:29,8:42
GM|1|M4-INIT-C1-R1|34|side=1|cfg=T_GAO|kind=undefined|move=e3d3|hit=above|slot=1|gap=0|depth=11|nodes=499514|legal=43|probs=cap=25,mcap=225,p=0.1,cls=opening,legal=43,accN=1,bandN=7,gaps=1:0,2:102,3:112,4:121,5:123,6:132,7:166,8:158
GM|1|M4-INIT-C1-R1|35|side=-1|cfg=T_YOU|kind=undefined|move=g3g4|hit=rand|slot=2|gap=84|depth=11|nodes=559365|legal=15|probs=cap=80,mcap=280,p=0.5,cls=opening,legal=15,accN=4,bandN=2,gaps=1:0,2:84,3:0,4:39,5:77,6:223,7:867,8:99663,wouldBe=5,agap=84
GM|1|M4-INIT-C1-R1|36|side=1|cfg=T_GAO|kind=undefined|move=e6e5|hit=above|slot=1|gap=0|depth=12|nodes=502082|legal=50|probs=cap=25,mcap=225,p=0.1,cls=opening,legal=50,accN=1,bandN=1,gaps=1:0,2:144,3:236,4:277,5:277,6:290,7:332,8:393
GM|1|M4-INIT-C1-R1|37|side=-1|cfg=T_YOU|kind=undefined|move=g2g3|hit=cap|slot=3|gap=41|depth=10|nodes=509349|legal=16|probs=cap=80,mcap=280,p=0.5,cls=opening,legal=16,accN=2,bandN=3,gaps=1:0,2:88,3:41,4:113,5:237,6:372,7:400,8:99469
GM|1|M4-INIT-C1-R1|38|side=1|cfg=T_GAO|kind=undefined|move=g6d6|hit=above|slot=1|gap=0|depth=12|nodes=532751|legal=49|probs=cap=25,mcap=225,p=0.1,cls=opening,legal=49,accN=1,bandN=1,gaps=1:0,2:144,3:311,4:406,5:438,6:447,7:449,8:503
GM|1|M4-INIT-C1-R1|39|side=-1|cfg=T_YOU|kind=undefined|move=a2d2|hit=above|slot=1|gap=0|depth=12|nodes=505376|legal=17|probs=cap=80,mcap=280,p=0.5,cls=opening,legal=17,accN=1,bandN=2,gaps=1:0,2:156,3:128,4:98752,5:98752,6:98752,7:98752,8:98752
GM|1|M4-INIT-C1-R1|40|side=1|cfg=T_GAO|kind=undefined|move=d3g3|hit=above|slot=1|gap=0|depth=12|nodes=530964|legal=48|probs=cap=25,mcap=225,p=0.1,cls=opening,legal=48,accN=1,bandN=1,gaps=1:0,2:204,3:254,4:306,5:374,6:378,7:393,8:493
GM|1|M4-INIT-C1-R1|41|side=-1|cfg=T_YOU|kind=undefined|move=a0a2|hit=bmiss|slot=1|gap=0|depth=12|nodes=591912|legal=16|probs=cap=80,mcap=280,p=0.5,cls=opening,legal=16,accN=1,bandN=0,gaps=1:0,2:314,3:398,4:402,5:402,6:418,7:532,8:537,band=0
GM|1|M4-INIT-C1-R1|42|side=1|cfg=T_GAO|kind=undefined|move=d6d2|hit=above|slot=1|gap=0|depth=12|nodes=532106|legal=52|probs=cap=25,mcap=225,p=0.1,cls=opening,legal=52,accN=1,bandN=7,gaps=1:0,2:82,3:96,4:99,5:90,6:179,7:183,8:215
GM|1|M4-INIT-C1-R1|43|side=-1|cfg=T_YOU|kind=undefined|move=a2d2|hit=above|slot=1|gap=0|depth=13|nodes=505660|legal=8|probs=cap=80,mcap=280,p=0.5,cls=opening,legal=8,accN=1,bandN=0,gaps=1:0,2:682,3:710,4:912,5:1140,6:1477,7:99013,8:98913
GM|1|M4-INIT-C1-R1|44|side=1|cfg=T_GAO|kind=undefined|move=g3c3|hit=cap|slot=2|gap=6|depth=12|nodes=575340|legal=41|probs=cap=25,mcap=225,p=0.1,cls=opening,legal=41,accN=2,bandN=6,gaps=1:0,2:6,3:37,4:66,5:68,6:68,7:81,8:82
GM|1|M4-INIT-C1-R1|45|side=-1|cfg=T_YOU|kind=undefined|move=d2d0|hit=cap|slot=6|gap=53|depth=10|nodes=531183|legal=17|probs=cap=80,mcap=280,p=0.5,cls=opening,legal=17,accN=7,bandN=1,gaps=1:0,2:10,3:10,4:33,5:43,6:53,7:0,8:133
GM|1|M4-INIT-C1-R1|46|side=1|cfg=T_GAO|kind=undefined|move=g7f5|hit=above|slot=1|gap=0|depth=12|nodes=513950|legal=41|probs=cap=25,mcap=225,p=0.1,cls=opening,legal=41,accN=1,bandN=7,gaps=1:0,2:34,3:43,4:54,5:61,6:82,7:85,8:89
GM|1|M4-INIT-C1-R1|47|side=-1|cfg=T_YOU|kind=undefined|move=d0d5|hit=rand|slot=7|gap=240|depth=11|nodes=542403|legal=13|probs=cap=80,mcap=280,p=0.5,cls=opening,legal=13,accN=2,bandN=5,gaps=1:0,2:15,3:257,4:209,5:224,6:240,7:240,8:99498,wouldBe=2,agap=240
GM|1|M4-INIT-C1-R1|48|side=1|cfg=T_GAO|kind=undefined|move=c3c0|hit=above|slot=1|gap=0|depth=11|nodes=523174|legal=44|probs=cap=25,mcap=225,p=0.1,cls=opening,legal=44,accN=1,bandN=1,gaps=1:0,2:141,3:235,4:274,5:278,6:281,7:317,8:318
GM|1|M4-INIT-C1-R1|49|side=-1|cfg=T_YOU|kind=undefined|move=d5d0|hit=above|slot=1|gap=0|depth=245|nodes=438159|legal=1|probs=cap=80,mcap=280,p=0.5,cls=opening,legal=1,accN=1,bandN=0,gaps=1:0
GM|1|M4-INIT-C1-R1|50|side=1|cfg=T_GAO|kind=undefined|move=c7h7|hit=above|slot=1|gap=0|depth=11|nodes=587465|legal=39|probs=cap=25,mcap=225,p=0.1,cls=opening,legal=39,accN=1,bandN=0,gaps=1:0,2:97926,3:97954,4:97957,5:98029,6:98086,7:98423,8:98471
GM|1|M4-INIT-C1-R1|51|side=-1|cfg=T_YOU|kind=undefined|move=d0c0|hit=bmiss|slot=1|gap=0|depth=245|nodes=16214|legal=4|probs=cap=80,mcap=280,p=0.5,cls=opening,legal=4,accN=4,bandN=0,gaps=1:0,2:0,3:0,4:0,band=0
GM|1|M4-INIT-C1-R1|52|side=1|cfg=T_GAO|kind=undefined|move=h7h0|hit=bmiss|slot=1|gap=0|depth=10|nodes=560736|legal=40|probs=cap=25,mcap=225,p=0.1,cls=opening,legal=40,accN=1,bandN=0,gaps=1:0,2:300,3:98782,4:98950,5:98982,6:99031,7:99039,8:99076,band=0
GE|1|M4-INIT-C1-R1|END|winner=hi|reason=%E5%B0%86%E6%AD%BB|plies=52|tierMoves=52|invalid=0|crit=0|hiSide=-1|stats=T_YOU:n=26,rand=4,cap=11,above=3,bmiss=8,gapMean=53,gapMax=240;T_GAO:n=26,rand=0,cap=13,above=12,bmiss=1,gapMean=8,gapMax=24
PROG|1|M4-INIT-C1-R1
G|1|M5-INIT-C0-R1|START|pos=INIT|pair=%E5%A4%A7%E5%B8%88_vs_%E8%BF%9B%E9%98%B6|hi=T_DA|lo=T_JIN|hiFirst=1|fen=rnbakabnr/9/1c5c1/p1p1p1p1p/9/9/P1P1P1P1P/1C5C1/9/RNBAKABNR w - - 0 1
GM|1|M5-INIT-C0-R1|1|side=-1|cfg=T_DA|kind=master|move=h2e2|hit=best|slot=1|gap=0|depth=23|nodes=3257024|legal=44|probs=mpv=1
GM|1|M5-INIT-C0-R1|2|side=1|cfg=T_JIN|kind=undefined|move=f9e8|hit=cap|slot=8|gap=43|depth=12|nodes=557033|legal=45|probs=cap=80,mcap=280,p=0,cls=opening,legal=45,accN=8,bandN=0,gaps=1:0,2:7,3:17,4:18,5:19,6:29,7:32,8:43
GM|1|M5-INIT-C0-R1|3|side=-1|cfg=T_DA|kind=master|move=h0g2|hit=best|slot=1|gap=0|depth=23|nodes=3346417|legal=35|probs=mpv=1
GM|1|M5-INIT-C0-R1|4|side=1|cfg=T_JIN|kind=undefined|move=b7d7|hit=cap|slot=7|gap=22|depth=13|nodes=554889|legal=47|probs=cap=80,mcap=280,p=0,cls=opening,legal=47,accN=8,bandN=0,gaps=1:0,2:4,3:8,4:9,5:10,6:10,7:22,8:22
GM|1|M5-INIT-C0-R1|5|side=-1|cfg=T_DA|kind=master|move=i0h0|hit=best|slot=1|gap=0|depth=23|nodes=3412818|legal=35|probs=mpv=1
GM|1|M5-INIT-C0-R1|6|side=1|cfg=T_JIN|kind=undefined|move=h7i7|hit=cap|slot=6|gap=64|depth=11|nodes=568608|legal=44|probs=cap=80,mcap=280,p=0,cls=opening,legal=44,accN=6,bandN=2,gaps=1:0,2:11,3:13,4:25,5:26,6:64,7:85,8:165
GM|1|M5-INIT-C0-R1|7|side=-1|cfg=T_DA|kind=master|move=e2e6|hit=best|slot=1|gap=0|depth=20|nodes=3515587|legal=41|probs=mpv=1
GM|1|M5-INIT-C0-R1|8|side=1|cfg=T_JIN|kind=undefined|move=c9e7|hit=cap|slot=4|gap=27|depth=12|nodes=549308|legal=7|probs=cap=80,mcap=280,p=0,cls=opening,legal=7,accN=4,bandN=1,gaps=1:0,2:9,3:25,4:27,5:143,6:360,7:368
GM|1|M5-INIT-C0-R1|9|side=-1|cfg=T_DA|kind=master|move=e6e5|hit=best|slot=1|gap=0|depth=20|nodes=3427427|legal=47|probs=mpv=1
GM|1|M5-INIT-C0-R1|10|side=1|cfg=T_JIN|kind=undefined|move=b9d8|hit=cap|slot=7|gap=75|depth=12|nodes=536470|legal=27|probs=cap=80,mcap=280,p=0,cls=opening,legal=27,accN=7,bandN=1,gaps=1:0,2:0,3:30,4:72,5:64,6:73,7:75,8:87
GM|1|M5-INIT-C0-R1|11|side=-1|cfg=T_DA|kind=master|move=h0h8|hit=best|slot=1|gap=0|depth=21|nodes=2977706|legal=52|probs=mpv=1
GM|1|M5-INIT-C0-R1|12|side=1|cfg=T_JIN|kind=undefined|move=d7c7|hit=cap|slot=5|gap=59|depth=12|nodes=511651|legal=26|probs=cap=80,mcap=280,p=0,cls=opening,legal=26,accN=8,bandN=0,gaps=1:0,2:8,3:32,4:49,5:59,6:34,7:40,8:50
GM|1|M5-INIT-C0-R1|13|side=-1|cfg=T_DA|kind=master|move=b2b4|hit=best|slot=1|gap=0|depth=20|nodes=3256625|legal=56|probs=mpv=1
GM|1|M5-INIT-C0-R1|14|side=1|cfg=T_JIN|kind=undefined|move=c6c5|hit=cap|slot=3|gap=70|depth=11|nodes=508302|legal=24|probs=cap=80,mcap=280,p=0,cls=opening,legal=24,accN=3,bandN=5,gaps=1:0,2:21,3:70,4:84,5:85,6:86,7:86,8:88
GM|1|M5-INIT-C0-R1|15|side=-1|cfg=T_DA|kind=master|move=b4h4|hit=best|slot=1|gap=0|depth=26|nodes=3358697|legal=56|probs=mpv=1
GM|1|M5-INIT-C0-R1|16|side=1|cfg=T_JIN|kind=undefined|move=c7c3|hit=cap|slot=8|gap=59|depth=11|nodes=507042|legal=26|probs=cap=80,mcap=280,p=0,cls=opening,legal=26,accN=8,bandN=0,gaps=1:0,2:10,3:17,4:36,5:44,6:55,7:56,8:59
GM|1|M5-INIT-C0-R1|17|side=-1|cfg=T_DA|kind=master|move=h4h9|hit=best|slot=1|gap=0|depth=28|nodes=3258325|legal=50|probs=mpv=1
GM|1|M5-INIT-C0-R1|18|side=1|cfg=T_JIN|kind=undefined|move=i9h9|hit=above|slot=1|gap=0|depth=21|nodes=511547|legal=1|probs=cap=80,mcap=280,p=0,cls=opening,legal=1,accN=1,bandN=0,gaps=1:0
GM|1|M5-INIT-C0-R1|19|side=-1|cfg=T_DA|kind=master|move=h8h9|hit=best|slot=1|gap=0|depth=27|nodes=3384526|legal=39|probs=mpv=1
GM|1|M5-INIT-C0-R1|20|side=1|cfg=T_JIN|kind=undefined|move=d8e6|hit=cap|slot=4|gap=65|depth=13|nodes=469602|legal=25|probs=cap=80,mcap=280,p=0,cls=opening,legal=25,accN=4,bandN=0,gaps=1:0,2:39,3:46,4:65,5:99516,6:99516,7:99516,8:99516
GM|1|M5-INIT-C0-R1|21|side=-1|cfg=T_DA|kind=master|move=g3g4|hit=best|slot=1|gap=0|depth=27|nodes=3385639|legal=36|probs=mpv=1
GM|1|M5-INIT-C0-R1|22|side=1|cfg=T_JIN|kind=undefined|move=i7i3|hit=cap|slot=8|gap=45|depth=12|nodes=518967|legal=29|probs=cap=80,mcap=280,p=0,cls=opening,legal=29,accN=8,bandN=0,gaps=1:0,2:17,3:39,4:21,5:39,6:39,7:39,8:45
GM|1|M5-INIT-C0-R1|23|side=-1|cfg=T_DA|kind=master|move=g2f4|hit=best|slot=1|gap=0|depth=26|nodes=3583479|legal=38|probs=mpv=1
GM|1|M5-INIT-C0-R1|24|side=1|cfg=T_JIN|kind=undefined|move=i3h3|hit=cap|slot=5|gap=64|depth=11|nodes=549430|legal=30|probs=cap=80,mcap=280,p=0,cls=opening,legal=30,accN=8,bandN=0,gaps=1:0,2:15,3:17,4:41,5:64,6:32,7:36,8:43
GM|1|M5-INIT-C0-R1|25|side=-1|cfg=T_DA|kind=master|move=f4e6|hit=best|slot=1|gap=0|depth=15|nodes=3326987|legal=35|probs=mpv=1
GM|1|M5-INIT-C0-R1|26|side=1|cfg=T_JIN|kind=undefined|move=e8f9|hit=above|slot=1|gap=0|depth=12|nodes=530678|legal=30|probs=cap=80,mcap=280,p=0,cls=opening,legal=30,accN=1,bandN=1,gaps=1:0,2:175,3:99926,4:99526,5:99426,6:99426,7:99426,8:99426
GM|1|M5-INIT-C0-R1|27|side=-1|cfg=T_DA|kind=master|move=e6g7|hit=best|slot=1|gap=0|depth=23|nodes=3401889|legal=33|probs=mpv=1
GM|1|M5-INIT-C0-R1|28|side=1|cfg=T_JIN|kind=undefined|move=d9e8|hit=above|slot=1|gap=0|depth=14|nodes=491245|legal=4|probs=cap=80,mcap=280,p=0,cls=opening,legal=4,accN=1,bandN=0,gaps=1:0,2:99325,3:99325,4:99225
GM|1|M5-INIT-C0-R1|29|side=-1|cfg=T_DA|kind=master|move=a0a2|hit=best|slot=1|gap=0|depth=23|nodes=3396993|legal=35|probs=mpv=1
GM|1|M5-INIT-C0-R1|30|side=1|cfg=T_JIN|kind=undefined|move=a9b9|hit=cap|slot=8|gap=78|depth=11|nodes=508907|legal=27|probs=cap=80,mcap=280,p=0,cls=opening,legal=27,accN=7,bandN=1,gaps=1:0,2:55,3:68,4:98,5:43,6:63,7:66,8:78
GM|1|M5-INIT-C0-R1|31|side=-1|cfg=T_DA|kind=master|move=h9g9|hit=best|slot=1|gap=0|depth=15|nodes=3396183|legal=41|probs=mpv=1
GM|1|M5-INIT-C0-R1|32|side=1|cfg=T_JIN|kind=undefined|move=e9d9|hit=above|slot=1|gap=0|depth=13|nodes=490460|legal=34|probs=cap=80,mcap=280,p=0,cls=opening,legal=34,accN=1,bandN=0,gaps=1:0,2:99109,3:99109,4:99109,5:99109,6:99109,7:99109,8:99109
GM|1|M5-INIT-C0-R1|33|side=-1|cfg=T_DA|kind=master|move=a2d2|hit=best|slot=1|gap=0|depth=16|nodes=3341943|legal=38|probs=mpv=1
GM|1|M5-INIT-C0-R1|34|side=1|cfg=T_JIN|kind=undefined|move=c3d3|hit=above|slot=1|gap=0|depth=14|nodes=491889|legal=3|probs=cap=80,mcap=280,p=0,cls=opening,legal=3,accN=1,bandN=0,gaps=1:0,2:99085,3:99085
GM|1|M5-INIT-C0-R1|35|side=-1|cfg=T_DA|kind=master|move=g7e8|hit=best|slot=1|gap=0|depth=22|nodes=3477035|legal=40|probs=mpv=1
GM|1|M5-INIT-C0-R1|36|side=1|cfg=T_JIN|kind=undefined|move=d9d8|hit=cap|slot=3|gap=44|depth=9|nodes=563473|legal=37|probs=cap=80,mcap=280,p=0,cls=opening,legal=37,accN=4,bandN=0,gaps=1:0,2:32,3:44,4:31,5:363,6:521,7:538,8:584
GM|1|M5-INIT-C0-R1|37|side=-1|cfg=T_DA|kind=master|move=g9h9|hit=best|slot=1|gap=0|depth=17|nodes=3747703|legal=36|probs=mpv=1
GM|1|M5-INIT-C0-R1|38|side=1|cfg=T_JIN|kind=undefined|move=h3f3|hit=cap|slot=3|gap=76|depth=9|nodes=587541|legal=37|probs=cap=80,mcap=280,p=0,cls=opening,legal=37,accN=3,bandN=5,gaps=1:0,2:47,3:76,4:85,5:131,6:184,7:136,8:148
GM|1|M5-INIT-C0-R1|39|side=-1|cfg=T_DA|kind=master|move=e3e4|hit=best|slot=1|gap=0|depth=25|nodes=3921817|legal=43|probs=mpv=1
GM|1|M5-INIT-C0-R1|40|side=1|cfg=T_JIN|kind=undefined|move=e7g5|hit=cap|slot=2|gap=77|depth=13|nodes=705482|legal=38|probs=cap=80,mcap=280,p=0,cls=opening,legal=38,accN=2,bandN=1,gaps=1:0,2:77,3:138,4:340,5:99314,6:98814,7:98614,8:98614
GM|1|M5-INIT-C0-R1|41|side=-1|cfg=T_DA|kind=master|move=h9h8|hit=best|slot=1|gap=0|depth=44|nodes=5514726|legal=41|probs=mpv=1
GM|1|M5-INIT-C0-R1|42|side=1|cfg=T_JIN|kind=undefined|move=f3f8|hit=above|slot=1|gap=0|depth=43|nodes=1213933|legal=37|probs=cap=80,mcap=280,p=0,cls=opening,legal=37,accN=8,bandN=0,gaps=1:0,2:0,3:0,4:0,5:0,6:0,7:0,8:0
GM|1|M5-INIT-C0-R1|43|side=-1|cfg=T_DA|kind=master|move=h8f8|hit=best|slot=1|gap=0|depth=77|nodes=12146509|legal=39|probs=mpv=1
GM|1|M5-INIT-C0-R1|44|side=1|cfg=T_JIN|kind=undefined|move=b9b7|hit=above|slot=1|gap=0|depth=84|nodes=2221605|legal=25|probs=cap=80,mcap=280,p=0,cls=opening,legal=25,accN=8,bandN=0,gaps=1:0,2:0,3:0,4:0,5:0,6:0,7:0,8:0
GM|1|M5-INIT-C0-R1|45|side=-1|cfg=T_DA|kind=master|move=e8f6|hit=best|slot=1|gap=0|depth=245|nodes=7401900|legal=38|probs=mpv=1
GM|1|M5-INIT-C0-R1|46|side=1|cfg=T_JIN|kind=undefined|move=d8d9|hit=above|slot=1|gap=0|depth=245|nodes=853395|legal=2|probs=cap=80,mcap=280,p=0,cls=opening,legal=2,accN=2,bandN=0,gaps=1:0,2:0
GM|1|M5-INIT-C0-R1|47|side=-1|cfg=T_DA|kind=master|move=f8f9|hit=best|slot=1|gap=0|depth=245|nodes=763042|legal=41|probs=mpv=1
GM|1|M5-INIT-C0-R1|48|side=1|cfg=T_JIN|kind=undefined|move=d9d8|hit=above|slot=1|gap=0|depth=245|nodes=61444|legal=1|probs=cap=80,mcap=280,p=0,cls=opening,legal=1,accN=1,bandN=0,gaps=1:0
GM|1|M5-INIT-C0-R1|49|side=-1|cfg=T_DA|kind=master|move=d2d3|hit=best|slot=1|gap=0|depth=245|nodes=62266|legal=41|probs=mpv=1
GM|1|M5-INIT-C0-R1|50|side=1|cfg=T_JIN|kind=undefined|move=b7d7|hit=above|slot=1|gap=0|depth=245|nodes=1963|legal=1|probs=cap=80,mcap=280,p=0,cls=opening,legal=1,accN=1,bandN=0,gaps=1:0
GM|1|M5-INIT-C0-R1|51|side=-1|cfg=T_DA|kind=master|move=d3d7|hit=best|slot=1|gap=0|depth=245|nodes=43166|legal=44|probs=mpv=1
GE|1|M5-INIT-C0-R1|END|winner=hi|reason=%E5%B0%86%E6%AD%BB|plies=51|tierMoves=51|invalid=0|crit=0|hiSide=1|stats=T_DA:n=26,rand=0,cap=0,above=0,bmiss=0,gapMean=0,gapMax=0;T_JIN:n=25,rand=0,cap=15,above=10,bmiss=0,gapMean=35,gapMax=78
PROG|1|M5-INIT-C0-R1
G|1|M5-MG_QT05-C1-R1|START|pos=MG_QT05|pair=%E5%A4%A7%E5%B8%88_vs_%E8%BF%9B%E9%98%B6|hi=T_DA|lo=T_JIN|hiFirst=1|fen=1nbak3r/4an3/c3b2c1/p4C2p/2p3p2/9/P1P1P1P1P/2N3C1N/9/2BAKABR1 b - - 0 1
GM|1|M5-MG_QT05-C1-R1|1|side=1|cfg=T_JIN|kind=undefined|move=i9g9|hit=cap|slot=8|gap=56|depth=11|nodes=563304|legal=33|probs=cap=80,mcap=280,p=0,cls=normal,legal=33,accN=8,bandN=0,gaps=1:0,2:4,3:6,4:9,5:28,6:45,7:49,8:56
GM|1|M5-MG_QT05-C1-R1|2|side=-1|cfg=T_DA|kind=master|move=e3e4|hit=best|slot=1|gap=0|depth=19|nodes=3181382|legal=41|probs=mpv=1
GM|1|M5-MG_QT05-C1-R1|3|side=1|cfg=T_JIN|kind=undefined|move=i6i5|hit=cap|slot=8|gap=57|depth=11|nodes=557699|legal=34|probs=cap=80,mcap=280,p=0,cls=normal,legal=34,accN=8,bandN=0,gaps=1:0,2:13,3:32,4:42,5:44,6:51,7:55,8:57
GM|1|M5-MG_QT05-C1-R1|4|side=-1|cfg=T_DA|kind=master|move=e4e5|hit=best|slot=1|gap=0|depth=20|nodes=3313974|legal=43|probs=mpv=1
GM|1|M5-MG_QT05-C1-R1|5|side=1|cfg=T_JIN|kind=undefined|move=a7c7|hit=cap|slot=8|gap=70|depth=11|nodes=540265|legal=34|probs=cap=80,mcap=280,p=0,cls=normal,legal=34,accN=8,bandN=0,gaps=1:0,2:9,3:17,4:21,5:28,6:54,7:58,8:70
GM|1|M5-MG_QT05-C1-R1|6|side=-1|cfg=T_DA|kind=master|move=g2f2|hit=best|slot=1|gap=0|depth=21|nodes=3295276|legal=45|probs=mpv=1
GM|1|M5-MG_QT05-C1-R1|7|side=1|cfg=T_JIN|kind=undefined|move=g9g8|hit=cap|slot=8|gap=52|depth=11|nodes=533720|legal=35|probs=cap=80,mcap=280,p=0,cls=normal,legal=35,accN=8,bandN=0,gaps=1:0,2:0,3:6,4:36,5:46,6:47,7:48,8:52
GM|1|M5-MG_QT05-C1-R1|8|side=-1|cfg=T_DA|kind=master|move=c2e3|hit=best|slot=1|gap=0|depth=19|nodes=3250129|legal=46|probs=mpv=1
GM|1|M5-MG_QT05-C1-R1|9|side=1|cfg=T_JIN|kind=undefined|move=c7a7|hit=cap|slot=5|gap=22|depth=11|nodes=502042|legal=33|probs=cap=80,mcap=280,p=0,cls=normal,legal=33,accN=8,bandN=0,gaps=1:0,2:10,3:16,4:20,5:22,6:5,7:7,8:21
GM|1|M5-MG_QT05-C1-R1|10|side=-1|cfg=T_DA|kind=master|move=h0h4|hit=best|slot=1|gap=0|depth=20|nodes=3140589|legal=53|probs=mpv=1
GM|1|M5-MG_QT05-C1-R1|11|side=1|cfg=T_JIN|kind=undefined|move=a7d7|hit=cap|slot=6|gap=32|depth=11|nodes=511277|legal=28|probs=cap=80,mcap=280,p=0,cls=normal,legal=28,accN=8,bandN=0,gaps=1:0,2:15,3:16,4:19,5:27,6:32,7:28,8:31
GM|1|M5-MG_QT05-C1-R1|12|side=-1|cfg=T_DA|kind=master|move=f0e1|hit=best|slot=1|gap=0|depth=19|nodes=2989855|legal=61|probs=mpv=1
GM|1|M5-MG_QT05-C1-R1|13|side=1|cfg=T_JIN|kind=undefined|move=b9c7|hit=cap|slot=4|gap=34|depth=11|nodes=494442|legal=33|probs=cap=80,mcap=280,p=0,cls=normal,legal=33,accN=8,bandN=0,gaps=1:0,2:20,3:33,4:34,5:34,6:24,7:26,8:27
GM|1|M5-MG_QT05-C1-R1|14|side=-1|cfg=T_DA|kind=master|move=c3c4|hit=best|slot=1|gap=0|depth=21|nodes=3069376|legal=62|probs=mpv=1
GM|1|M5-MG_QT05-C1-R1|15|side=1|cfg=T_JIN|kind=undefined|move=g8g6|hit=cap|slot=6|gap=71|depth=11|nodes=486329|legal=32|probs=cap=80,mcap=280,p=0,cls=normal,legal=32,accN=7,bandN=1,gaps=1:0,2:9,3:18,4:33,5:39,6:71,7:81,8:56
GM|1|M5-MG_QT05-C1-R1|16|side=-1|cfg=T_DA|kind=master|move=f6f5|hit=best|slot=1|gap=0|depth=27|nodes=3297787|legal=55|probs=mpv=1
GM|1|M5-MG_QT05-C1-R1|17|side=1|cfg=T_JIN|kind=undefined|move=g6d6|hit=cap|slot=5|gap=24|depth=12|nodes=520022|legal=37|probs=cap=80,mcap=280,p=0,cls=normal,legal=37,accN=8,bandN=0,gaps=1:0,2:7,3:9,4:22,5:24,6:0,7:9,8:17
GM|1|M5-MG_QT05-C1-R1|18|side=-1|cfg=T_DA|kind=master|move=f2f8|hit=best|slot=1|gap=0|depth=25|nodes=3254669|legal=50|probs=mpv=1
GM|1|M5-MG_QT05-C1-R1|19|side=1|cfg=T_JIN|kind=undefined|move=c9a7|hit=cap|slot=6|gap=70|depth=13|nodes=511862|legal=33|probs=cap=80,mcap=280,p=0,cls=normal,legal=33,accN=6,bandN=2,gaps=1:0,2:43,3:51,4:52,5:58,6:70,7:101,8:108
GM|1|M5-MG_QT05-C1-R1|20|side=-1|cfg=T_DA|kind=master|move=f5i5|hit=best|slot=1|gap=0|depth=23|nodes=3203344|legal=48|probs=mpv=1
GM|1|M5-MG_QT05-C1-R1|21|side=1|cfg=T_JIN|kind=undefined|move=d6d3|hit=cap|slot=8|gap=61|depth=11|nodes=485427|legal=34|probs=cap=80,mcap=280,p=0,cls=normal,legal=34,accN=8,bandN=0,gaps=1:0,2:17,3:21,4:26,5:34,6:37,7:54,8:61
GM|1|M5-MG_QT05-C1-R1|22|side=-1|cfg=T_DA|kind=master|move=e3f5|hit=best|slot=1|gap=0|depth=23|nodes=3157572|legal=52|probs=mpv=1
GM|1|M5-MG_QT05-C1-R1|23|side=1|cfg=T_JIN|kind=undefined|move=c5c4|hit=cap|slot=6|gap=73|depth=11|nodes=497108|legal=36|probs=cap=80,mcap=280,p=0,cls=normal,legal=36,accN=8,bandN=0,gaps=1:0,2:9,3:12,4:51,5:58,6:73,7:44,8:54
GM|1|M5-MG_QT05-C1-R1|24|side=-1|cfg=T_DA|kind=master|move=f5e7|hit=best|slot=1|gap=0|depth=21|nodes=3075435|legal=42|probs=mpv=1
GM|1|M5-MG_QT05-C1-R1|25|side=1|cfg=T_JIN|kind=undefined|move=d3c3|hit=cap|slot=5|gap=39|depth=10|nodes=487305|legal=38|probs=cap=80,mcap=280,p=0,cls=normal,legal=38,accN=6,bandN=2,gaps=1:0,2:3,3:20,4:38,5:39,6:115,7:152,8:8
GM|1|M5-MG_QT05-C1-R1|26|side=-1|cfg=T_DA|kind=master|move=e7g8|hit=best|slot=1|gap=0|depth=24|nodes=3292702|legal=50|probs=mpv=1
GM|1|M5-MG_QT05-C1-R1|27|side=1|cfg=T_JIN|kind=undefined|move=h7f7|hit=cap|slot=3|gap=71|depth=10|nodes=487576|legal=40|probs=cap=80,mcap=280,p=0,cls=normal,legal=40,accN=3,bandN=2,gaps=1:0,2:46,3:71,4:173,5:254,6:541,7:660,8:672
GM|1|M5-MG_QT05-C1-R1|28|side=-1|cfg=T_DA|kind=master|move=f8f9|hit=best|slot=1|gap=0|depth=245|nodes=993185|legal=41|probs=mpv=1
GM|1|M5-MG_QT05-C1-R1|29|side=1|cfg=T_JIN|kind=undefined|move=e9f9|hit=above|slot=1|gap=0|depth=245|nodes=131195|legal=2|probs=cap=80,mcap=280,p=0,cls=normal,legal=2,accN=2,bandN=0,gaps=1:0,2:0
GM|1|M5-MG_QT05-C1-R1|30|side=-1|cfg=T_DA|kind=master|move=h4h9|hit=best|slot=1|gap=0|depth=245|nodes=60459|legal=42|probs=mpv=1
GM|1|M5-MG_QT05-C1-R1|31|side=1|cfg=T_JIN|kind=undefined|move=f9f8|hit=above|slot=1|gap=0|depth=245|nodes=1964|legal=1|probs=cap=80,mcap=280,p=0,cls=normal,legal=1,accN=1,bandN=0,gaps=1:0
GM|1|M5-MG_QT05-C1-R1|32|side=-1|cfg=T_DA|kind=master|move=i5i8|hit=best|slot=1|gap=0|depth=245|nodes=38238|legal=39|probs=mpv=1
GE|1|M5-MG_QT05-C1-R1|END|winner=hi|reason=%E5%B0%86%E6%AD%BB|plies=32|tierMoves=32|invalid=0|crit=0|hiSide=1|stats=T_JIN:n=16,rand=0,cap=14,above=2,bmiss=0,gapMean=46,gapMax=73;T_DA:n=16,rand=0,cap=0,above=0,bmiss=0,gapMean=0,gapMax=0
G|1|M6-MG_QT05-C0-R1|START|pos=MG_QT05|pair=%E4%B8%9A%E4%BD%99_vs_%E5%85%A5%E9%97%A8|hi=T_YOU|lo=T_RUKN|hiFirst=0|fen=1nbak3r/4an3/c3b2c1/p4C2p/2p3p2/9/P1P1P1P1P/2N3C1N/9/2BAKABR1 b - - 0 1
PROG|1|M5-MG_QT05-C1-R1
GM|1|M6-MG_QT05-C0-R1|1|side=1|cfg=T_YOU|kind=undefined|move=b9c7|hit=bmiss|slot=8|gap=49|depth=13|nodes=605713|legal=33|probs=cap=80,mcap=280,p=0.5,cls=normal,legal=33,accN=8,bandN=0,gaps=1:0,2:4,3:15,4:17,5:35,6:37,7:47,8:49,band=0
GM|1|M6-MG_QT05-C0-R1|2|side=-1|cfg=T_RUKN|kind=builtin|move=h0h7|hit=builtin|slot=-|gap=-|depth=2|nodes=1530|legal=41|probs=rand=45
GM|1|M6-MG_QT05-C0-R1|3|side=1|cfg=T_YOU|kind=undefined|move=f8h7|hit=bmiss|slot=1|gap=0|depth=12|nodes=564365|legal=25|probs=cap=0,mcap=700,p=0.5,cls=hard,legal=25,accN=1,bandN=0,gaps=1:0,2:967,3:1054,4:1041,5:1062,6:1080,7:1081,8:1082,band=0
GM|1|M6-MG_QT05-C0-R1|4|side=-1|cfg=T_RUKN|kind=builtin|move=i2g1|hit=builtin|slot=-|gap=-|depth=2|nodes=1511|legal=36|probs=rand=45
GM|1|M6-MG_QT05-C0-R1|5|side=1|cfg=T_YOU|kind=undefined|move=g5g4|hit=cap|slot=3|gap=62|depth=13|nodes=529046|legal=27|probs=cap=80,mcap=280,p=0.5,cls=normal,legal=27,accN=3,bandN=5,gaps=1:0,2:34,3:62,4:89,5:108,6:108,7:109,8:113
GM|1|M6-MG_QT05-C0-R1|6|side=-1|cfg=T_RUKN|kind=builtin|move=g2h2|hit=builtin|slot=-|gap=-|depth=2|nodes=1511|legal=38|probs=rand=45
GM|1|M6-MG_QT05-C0-R1|7|side=1|cfg=T_YOU|kind=undefined|move=i6i5|hit=rand|slot=6|gap=103|depth=12|nodes=530469|legal=30|probs=cap=80,mcap=280,p=0.5,cls=normal,legal=30,accN=2,bandN=6,gaps=1:0,2:70,3:118,4:99,5:103,6:103,7:106,8:112,wouldBe=2,agap=103
GM|1|M6-MG_QT05-C0-R1|8|side=-1|cfg=T_RUKN|kind=builtin|move=h2h5|hit=builtin|slot=-|gap=-|depth=2|nodes=1516|legal=46|probs=rand=45
GM|1|M6-MG_QT05-C0-R1|9|side=1|cfg=T_YOU|kind=undefined|move=g4f4|hit=rand|slot=6|gap=94|depth=12|nodes=497453|legal=30|probs=cap=80,mcap=280,p=0.5,cls=normal,legal=30,accN=4,bandN=4,gaps=1:0,2:67,3:71,4:75,5:87,6:94,7:100,8:112,wouldBe=4,agap=94
GM|1|M6-MG_QT05-C0-R1|10|side=-1|cfg=T_RUKN|kind=builtin|move=c2b0|hit=builtin|slot=-|gap=-|depth=2|nodes=1509|legal=41|probs=rand=45
GM|1|M6-MG_QT05-C0-R1|11|side=1|cfg=T_YOU|kind=undefined|move=h7f6|hit=above|slot=1|gap=0|depth=12|nodes=525101|legal=30|probs=cap=80,mcap=280,p=0.5,cls=normal,legal=30,accN=1,bandN=7,gaps=1:0,2:91,3:114,4:120,5:126,6:129,7:144,8:159
GM|1|M6-MG_QT05-C0-R1|12|side=-1|cfg=T_RUKN|kind=builtin|move=h5h8|hit=builtin|slot=-|gap=-|depth=2|nodes=1510|legal=32|probs=rand=45
GM|1|M6-MG_QT05-C0-R1|13|side=1|cfg=T_YOU|kind=undefined|move=a6a5|hit=bmiss|slot=8|gap=46|depth=12|nodes=563495|legal=33|probs=cap=80,mcap=280,p=0.5,cls=normal,legal=33,accN=8,bandN=0,gaps=1:0,2:13,3:8,4:8,5:29,6:30,7:40,8:46,band=0
GM|1|M6-MG_QT05-C0-R1|14|side=-1|cfg=T_RUKN|kind=builtin|move=h8h0|hit=builtin|slot=-|gap=-|depth=2|nodes=1524|legal=31|probs=rand=45
GM|1|M6-MG_QT05-C0-R1|15|side=1|cfg=T_YOU|kind=undefined|move=c7b5|hit=cap|slot=8|gap=37|depth=12|nodes=574798|legal=35|probs=cap=80,mcap=280,p=0.5,cls=normal,legal=35,accN=8,bandN=0,gaps=1:0,2:5,3:26,4:31,5:31,6:35,7:36,8:37
GM|1|M6-MG_QT05-C0-R1|16|side=-1|cfg=T_RUKN|kind=builtin|move=g1h3|hit=builtin|slot=-|gap=-|depth=2|nodes=1506|legal=29|probs=rand=45
GM|1|M6-MG_QT05-C0-R1|17|side=1|cfg=T_YOU|kind=undefined|move=i9i6|hit=cap|slot=8|gap=39|depth=11|nodes=529634|legal=34|probs=cap=80,mcap=280,p=0.5,cls=normal,legal=34,accN=8,bandN=0,gaps=1:0,2:2,3:12,4:19,5:26,6:27,7:28,8:39
GM|1|M6-MG_QT05-C0-R1|18|side=-1|cfg=T_RUKN|kind=builtin|move=h3g1|hit=builtin|slot=-|gap=-|depth=2|nodes=1407|legal=21|probs=rand=45
GM|1|M6-MG_QT05-C0-R1|19|side=1|cfg=T_YOU|kind=undefined|move=i6i7|hit=bmiss|slot=8|gap=50|depth=11|nodes=545541|legal=33|probs=cap=80,mcap=280,p=0.5,cls=normal,legal=33,accN=8,bandN=0,gaps=1:0,2:5,3:17,4:32,5:37,6:41,7:43,8:50,band=0
GM|1|M6-MG_QT05-C0-R1|20|side=-1|cfg=T_RUKN|kind=builtin|move=h0h8|hit=builtin|slot=-|gap=-|depth=2|nodes=1506|legal=29|probs=rand=45
GM|1|M6-MG_QT05-C0-R1|21|side=1|cfg=T_YOU|kind=undefined|move=a7a3|hit=cap|slot=5|gap=44|depth=11|nodes=535868|legal=34|probs=cap=80,mcap=280,p=0.5,cls=normal,legal=34,accN=7,bandN=1,gaps=1:0,2:2,3:21,4:37,5:44,6:90,7:11,8:41
GM|1|M6-MG_QT05-C0-R1|22|side=-1|cfg=T_RUKN|kind=builtin|move=h8f8|hit=builtin|slot=-|gap=-|depth=2|nodes=1502|legal=30|probs=rand=45
GM|1|M6-MG_QT05-C0-R1|23|side=1|cfg=T_YOU|kind=undefined|move=i7f7|hit=rand|slot=8|gap=85|depth=12|nodes=549039|legal=33|probs=cap=80,mcap=280,p=0.5,cls=normal,legal=33,accN=7,bandN=1,gaps=1:0,2:49,3:56,4:59,5:60,6:73,7:76,8:85,wouldBe=7,agap=85
GM|1|M6-MG_QT05-C0-R1|24|side=-1|cfg=T_RUKN|kind=builtin|move=f8i8|hit=builtin|slot=-|gap=-|depth=2|nodes=1357|legal=23|probs=rand=45
GM|1|M6-MG_QT05-C0-R1|25|side=1|cfg=T_YOU|kind=undefined|move=a3e3|hit=above|slot=1|gap=0|depth=12|nodes=533605|legal=31|probs=cap=80,mcap=280,p=0.5,cls=normal,legal=31,accN=1,bandN=7,gaps=1:0,2:118,3:121,4:121,5:121,6:131,7:131,8:157
GM|1|M6-MG_QT05-C0-R1|26|side=-1|cfg=T_RUKN|kind=builtin|move=c3c4|hit=builtin|slot=-|gap=-|depth=2|nodes=1234|legal=18|probs=rand=45
GM|1|M6-MG_QT05-C0-R1|27|side=1|cfg=T_YOU|kind=undefined|move=c9a7|hit=cap|slot=8|gap=68|depth=12|nodes=542198|legal=37|probs=cap=80,mcap=280,p=0.5,cls=normal,legal=37,accN=8,bandN=0,gaps=1:0,2:26,3:56,4:35,5:60,6:61,7:61,8:68
GM|1|M6-MG_QT05-C0-R1|28|side=-1|cfg=T_RUKN|kind=builtin|move=c0a2|hit=builtin|slot=-|gap=-|depth=2|nodes=1338|legal=18|probs=rand=45
GM|1|M6-MG_QT05-C0-R1|29|side=1|cfg=T_YOU|kind=undefined|move=a7c9|hit=bmiss|slot=8|gap=63|depth=12|nodes=543112|legal=37|probs=cap=80,mcap=280,p=0.5,cls=normal,legal=37,accN=8,bandN=0,gaps=1:0,2:16,3:26,4:29,5:37,6:54,7:59,8:63,band=0
GM|1|M6-MG_QT05-C0-R1|30|side=-1|cfg=T_RUKN|kind=builtin|move=g1i0|hit=builtin|slot=-|gap=-|depth=2|nodes=1336|legal=18|probs=rand=45
GM|1|M6-MG_QT05-C0-R1|31|side=1|cfg=T_YOU|kind=undefined|move=c9a7|hit=bmiss|slot=5|gap=68|depth=12|nodes=547341|legal=37|probs=cap=80,mcap=280,p=0.5,cls=normal,legal=37,accN=8,bandN=0,gaps=1:0,2:28,3:35,4:49,5:68,6:45,7:50,8:56,band=0
GM|1|M6-MG_QT05-C0-R1|32|side=-1|cfg=T_RUKN|kind=builtin|move=b0c2|hit=builtin|slot=-|gap=-|depth=2|nodes=1190|legal=16|probs=rand=45
GM|1|M6-MG_QT05-C0-R1|33|side=1|cfg=T_YOU|kind=undefined|move=e3d3|hit=cap|slot=4|gap=52|depth=12|nodes=464619|legal=37|probs=cap=80,mcap=280,p=0.5,cls=normal,legal=37,accN=4,bandN=4,gaps=1:0,2:24,3:43,4:52,5:87,6:138,7:126,8:208
GM|1|M6-MG_QT05-C0-R1|34|side=-1|cfg=T_RUKN|kind=builtin|move=c2b0|hit=builtin|slot=-|gap=-|depth=2|nodes=1527|legal=24|probs=rand=45
GM|1|M6-MG_QT05-C0-R1|35|side=1|cfg=T_YOU|kind=undefined|move=a5a4|hit=cap|slot=8|gap=70|depth=12|nodes=515110|legal=39|probs=cap=80,mcap=280,p=0.5,cls=normal,legal=39,accN=8,bandN=0,gaps=1:0,2:13,3:13,4:31,5:28,6:58,7:59,8:70
GM|1|M6-MG_QT05-C0-R1|36|side=-1|cfg=T_RUKN|kind=builtin|move=g0i2|hit=builtin|slot=-|gap=-|depth=2|nodes=1517|legal=19|probs=rand=45
GM|1|M6-MG_QT05-C0-R1|37|side=1|cfg=T_YOU|kind=undefined|move=f7h7|hit=cap|slot=7|gap=78|depth=12|nodes=521511|legal=40|probs=cap=80,mcap=280,p=0.5,cls=normal,legal=40,accN=7,bandN=1,gaps=1:0,2:10,3:30,4:53,5:60,6:62,7:78,8:96
GM|1|M6-MG_QT05-C0-R1|38|side=-1|cfg=T_RUKN|kind=builtin|move=i2g4|hit=builtin|slot=-|gap=-|depth=2|nodes=1520|legal=19|probs=rand=45
GM|1|M6-MG_QT05-C0-R1|39|side=1|cfg=T_YOU|kind=undefined|move=f6e4|hit=bmiss|slot=8|gap=72|depth=12|nodes=535872|legal=48|probs=cap=80,mcap=280,p=0.5,cls=normal,legal=48,accN=8,bandN=0,gaps=1:0,2:36,3:37,4:48,5:54,6:62,7:70,8:72,band=0
GM|1|M6-MG_QT05-C0-R1|40|side=-1|cfg=T_RUKN|kind=builtin|move=i0h2|hit=builtin|slot=-|gap=-|depth=2|nodes=1505|legal=18|probs=rand=45
GM|1|M6-MG_QT05-C0-R1|41|side=1|cfg=T_YOU|kind=undefined|move=h7h8|hit=cap|slot=5|gap=75|depth=13|nodes=558457|legal=45|probs=cap=80,mcap=280,p=0.5,cls=normal,legal=45,accN=5,bandN=3,gaps=1:0,2:45,3:58,4:68,5:75,6:101,7:101,8:106
GM|1|M6-MG_QT05-C0-R1|42|side=-1|cfg=T_RUKN|kind=builtin|move=i3i4|hit=builtin|slot=-|gap=-|depth=2|nodes=1532|legal=19|probs=rand=45
GM|1|M6-MG_QT05-C0-R1|43|side=1|cfg=T_YOU|kind=undefined|move=f4g4|hit=rand|slot=6|gap=83|depth=12|nodes=582195|legal=44|probs=cap=80,mcap=280,p=0.5,cls=normal,legal=44,accN=5,bandN=3,gaps=1:0,2:28,3:30,4:43,5:57,6:83,7:94,8:107,wouldBe=5,agap=83
GM|1|M6-MG_QT05-C0-R1|44|side=-1|cfg=T_RUKN|kind=builtin|move=b0c2|hit=builtin|slot=-|gap=-|depth=2|nodes=1516|legal=18|probs=rand=45
GM|1|M6-MG_QT05-C0-R1|45|side=1|cfg=T_YOU|kind=undefined|move=g4g3|hit=rand|slot=8|gap=127|depth=13|nodes=600103|legal=47|probs=cap=80,mcap=280,p=0.5,cls=normal,legal=47,accN=3,bandN=5,gaps=1:0,2:41,3:48,4:87,5:88,6:117,7:119,8:127,wouldBe=3,agap=127
GM|1|M6-MG_QT05-C0-R1|46|side=-1|cfg=T_RUKN|kind=builtin|move=h2g0|hit=builtin|slot=-|gap=-|depth=2|nodes=1535|legal=22|probs=rand=45
GM|1|M6-MG_QT05-C0-R1|47|side=1|cfg=T_YOU|kind=undefined|move=h8i8|hit=rand|slot=5|gap=169|depth=12|nodes=601725|legal=48|probs=cap=80,mcap=280,p=0.5,cls=normal,legal=48,accN=1,bandN=7,gaps=1:0,2:145,3:160,4:162,5:169,6:186,7:203,8:204,wouldBe=1,agap=169
GM|1|M6-MG_QT05-C0-R1|48|side=-1|cfg=T_RUKN|kind=builtin|move=g0h2|hit=builtin|slot=-|gap=-|depth=2|nodes=1340|legal=16|probs=rand=45
GM|1|M6-MG_QT05-C0-R1|49|side=1|cfg=T_YOU|kind=undefined|move=d3d6|hit=rand|slot=8|gap=86|depth=13|nodes=573429|legal=42|probs=cap=80,mcap=280,p=0.5,cls=normal,legal=42,accN=6,bandN=2,gaps=1:0,2:19,3:19,4:58,5:64,6:67,7:82,8:86,wouldBe=6,agap=86
GM|1|M6-MG_QT05-C0-R1|50|side=-1|cfg=T_RUKN|kind=builtin|move=c4c5|hit=builtin|slot=-|gap=-|depth=2|nodes=1501|legal=18|probs=rand=45
GM|1|M6-MG_QT05-C0-R1|51|side=1|cfg=T_YOU|kind=undefined|move=e4d2|hit=above|slot=1|gap=0|depth=12|nodes=560528|legal=45|probs=cap=80,mcap=280,p=0.5,cls=normal,legal=45,accN=1,bandN=4,gaps=1:0,2:228,3:262,4:268,5:273,6:287,7:327,8:330
GM|1|M6-MG_QT05-C0-R1|52|side=-1|cfg=T_RUKN|kind=builtin|move=e0e1|hit=builtin|slot=-|gap=-|depth=2|nodes=89|legal=1|probs=rand=45
GM|1|M6-MG_QT05-C0-R1|53|side=1|cfg=T_YOU|kind=undefined|move=b5c3|hit=above|slot=1|gap=0|depth=12|nodes=593182|legal=44|probs=cap=80,mcap=280,p=0.5,cls=normal,legal=44,accN=1,bandN=3,gaps=1:0,2:234,3:259,4:279,5:314,6:321,7:347,8:420
GM|1|M6-MG_QT05-C0-R1|54|side=-1|cfg=T_RUKN|kind=builtin|move=h2g0|hit=builtin|slot=-|gap=-|depth=2|nodes=1308|legal=14|probs=rand=45
GM|1|M6-MG_QT05-C0-R1|55|side=1|cfg=T_YOU|kind=undefined|move=i8f8|hit=above|slot=1|gap=0|depth=12|nodes=626092|legal=46|probs=cap=0,mcap=700,p=0.5,cls=hard,legal=46,accN=1,bandN=0,gaps=1:0,2:97368,3:97460,4:97477,5:97668,6:97976,7:97994,8:97996
GM|1|M6-MG_QT05-C0-R1|56|side=-1|cfg=T_RUKN|kind=builtin|move=g0i1|hit=builtin|slot=-|gap=-|depth=2|nodes=1236|legal=12|probs=rand=45
GM|1|M6-MG_QT05-C0-R1|57|side=1|cfg=T_YOU|kind=undefined|move=a4a3|hit=rand|slot=8|gap=100|depth=245|nodes=489045|legal=51|probs=cap=80,mcap=280,p=0.5,cls=normal,legal=51,accN=1,bandN=7,gaps=1:0,2:100,3:100,4:100,5:100,6:100,7:100,8:100,wouldBe=1,agap=100
GM|1|M6-MG_QT05-C0-R1|58|side=-1|cfg=T_RUKN|kind=builtin|move=c5d5|hit=builtin|slot=-|gap=-|depth=2|nodes=1260|legal=12|probs=rand=45
GM|1|M6-MG_QT05-C0-R1|59|side=1|cfg=T_YOU|kind=undefined|move=d2f3|hit=rand|slot=2|gap=200|depth=33|nodes=865559|legal=48|probs=cap=80,mcap=280,p=0.5,cls=normal,legal=48,accN=1,bandN=3,gaps=1:0,2:200,3:200,4:200,5:300,6:400,7:400,8:400,wouldBe=1,agap=200
GM|1|M6-MG_QT05-C0-R1|60|side=-1|cfg=T_RUKN|kind=builtin|move=e1f1|hit=builtin|slot=-|gap=-|depth=2|nodes=178|legal=2|probs=rand=45
GM|1|M6-MG_QT05-C0-R1|61|side=1|cfg=T_YOU|kind=undefined|move=d6f6|hit=above|slot=1|gap=0|depth=52|nodes=1601979|legal=44|probs=cap=80,mcap=280,p=0.5,cls=normal,legal=44,accN=1,bandN=2,gaps=1:0,2:100,3:200,4:300,5:300,6:300,7:300,8:300
GE|1|M6-MG_QT05-C0-R1|END|winner=hi|reason=%E5%B0%86%E6%AD%BB|plies=61|tierMoves=31|invalid=0|crit=0|hiSide=-1|stats=T_YOU:n=31,rand=9,cap=9,above=6,bmiss=7,gapMean=62,gapMax=200;T_RUKN:n=30,rand=0,cap=0,above=0,bmiss=0,gapMean=0,gapMax=0
PROG|1|M6-MG_QT05-C0-R1
G|1|M6-MG_QT10-C1-R1|START|pos=MG_QT10|pair=%E4%B8%9A%E4%BD%99_vs_%E5%85%A5%E9%97%A8|hi=T_YOU|lo=T_RUKN|hiFirst=1|fen=2bakc2r/4an3/c3b4/p6RC/2p1P1p2/9/P1n3P1P/2N3C1N/9/2BAKAB2 b - - 0 1
GM|1|M6-MG_QT10-C1-R1|1|side=1|cfg=T_RUKN|kind=builtin|move=i9i6|hit=builtin|slot=-|gap=-|depth=2|nodes=1518|legal=29|probs=rand=45
GM|1|M6-MG_QT10-C1-R1|2|side=-1|cfg=T_YOU|kind=undefined|move=h6i6|hit=bmiss|slot=1|gap=0|depth=13|nodes=525759|legal=41|probs=cap=0,mcap=700,p=0.5,cls=hard,legal=41,accN=1,bandN=0,gaps=1:0,2:1081,3:1107,4:1141,5:1141,6:1141,7:1155,8:1200,band=0
GM|1|M6-MG_QT10-C1-R1|3|side=1|cfg=T_RUKN|kind=builtin|move=a7a9|hit=builtin|slot=-|gap=-|depth=2|nodes=1501|legal=25|probs=rand=45
GM|1|M6-MG_QT10-C1-R1|4|side=-1|cfg=T_YOU|kind=undefined|move=f0e1|hit=bmiss|slot=8|gap=37|depth=12|nodes=567795|legal=37|probs=cap=80,mcap=280,p=0.5,cls=normal,legal=37,accN=8,bandN=0,gaps=1:0,2:10,3:10,4:11,5:11,6:14,7:14,8:37,band=0
GM|1|M6-MG_QT10-C1-R1|5|side=1|cfg=T_RUKN|kind=builtin|move=c9a7|hit=builtin|slot=-|gap=-|depth=2|nodes=1526|legal=23|probs=rand=45
GM|1|M6-MG_QT10-C1-R1|6|side=-1|cfg=T_YOU|kind=undefined|move=g2h2|hit=cap|slot=4|gap=29|depth=12|nodes=555427|legal=36|probs=cap=80,mcap=280,p=0.5,cls=normal,legal=36,accN=8,bandN=0,gaps=1:0,2:9,3:23,4:29,5:11,6:15,7:23,8:24
GM|1|M6-MG_QT10-C1-R1|7|side=1|cfg=T_RUKN|kind=builtin|move=a9b9|hit=builtin|slot=-|gap=-|depth=2|nodes=1519|legal=23|probs=rand=45
GM|1|M6-MG_QT10-C1-R1|8|side=-1|cfg=T_YOU|kind=undefined|move=i6i4|hit=cap|slot=7|gap=55|depth=11|nodes=475628|legal=42|probs=cap=80,mcap=280,p=0.5,cls=normal,legal=42,accN=7,bandN=1,gaps=1:0,2:4,3:19,4:19,5:23,6:47,7:55,8:85
GM|1|M6-MG_QT10-C1-R1|9|side=1|cfg=T_RUKN|kind=builtin|move=e8f7|hit=builtin|slot=-|gap=-|depth=2|nodes=1501|legal=31|probs=rand=45
GM|1|M6-MG_QT10-C1-R1|10|side=-1|cfg=T_YOU|kind=undefined|move=h2f2|hit=bmiss|slot=2|gap=4|depth=11|nodes=492934|legal=42|probs=cap=80,mcap=280,p=0.5,cls=normal,legal=42,accN=8,bandN=0,gaps=1:0,2:4,3:0,4:0,5:0,6:0,7:0,8:0,band=0
GM|1|M6-MG_QT10-C1-R1|11|side=1|cfg=T_RUKN|kind=builtin|move=c5c4|hit=builtin|slot=-|gap=-|depth=2|nodes=1523|legal=31|probs=rand=45
GM|1|M6-MG_QT10-C1-R1|12|side=-1|cfg=T_YOU|kind=undefined|move=f2f0|hit=bmiss|slot=8|gap=37|depth=12|nodes=538111|legal=38|probs=cap=80,mcap=280,p=0.5,cls=normal,legal=38,accN=8,bandN=0,gaps=1:0,2:8,3:12,4:14,5:16,6:21,7:22,8:37,band=0
GM|1|M6-MG_QT10-C1-R1|13|side=1|cfg=T_RUKN|kind=builtin|move=b9b6|hit=builtin|slot=-|gap=-|depth=2|nodes=1523|legal=32|probs=rand=45
GM|1|M6-MG_QT10-C1-R1|14|side=-1|cfg=T_YOU|kind=undefined|move=f0f5|hit=cap|slot=4|gap=46|depth=12|nodes=569523|legal=33|probs=cap=80,mcap=280,p=0.5,cls=normal,legal=33,accN=8,bandN=0,gaps=1:0,2:21,3:25,4:46,5:32,6:33,7:41,8:45
GM|1|M6-MG_QT10-C1-R1|15|side=1|cfg=T_RUKN|kind=builtin|move=f9i9|hit=builtin|slot=-|gap=-|depth=2|nodes=1502|legal=36|probs=rand=45
GM|1|M6-MG_QT10-C1-R1|16|side=-1|cfg=T_YOU|kind=undefined|move=a3a4|hit=rand|slot=8|gap=254|depth=12|nodes=573390|legal=34|probs=cap=80,mcap=280,p=0.5,cls=normal,legal=34,accN=1,bandN=7,gaps=1:0,2:222,3:227,4:234,5:235,6:239,7:251,8:254,wouldBe=1,agap=254
GM|1|M6-MG_QT10-C1-R1|17|side=1|cfg=T_RUKN|kind=builtin|move=d9e8|hit=builtin|slot=-|gap=-|depth=2|nodes=1512|legal=42|probs=rand=45
GM|1|M6-MG_QT10-C1-R1|18|side=-1|cfg=T_YOU|kind=undefined|move=f5f3|hit=rand|slot=8|gap=96|depth=12|nodes=529560|legal=35|probs=cap=80,mcap=280,p=0.5,cls=normal,legal=35,accN=5,bandN=3,gaps=1:0,2:42,3:43,4:70,5:76,6:87,7:94,8:96,wouldBe=5,agap=96
GM|1|M6-MG_QT10-C1-R1|19|side=1|cfg=T_RUKN|kind=builtin|move=b6h6|hit=builtin|slot=-|gap=-|depth=2|nodes=1516|legal=42|probs=rand=45
GM|1|M6-MG_QT10-C1-R1|20|side=-1|cfg=T_YOU|kind=undefined|move=i4c4|hit=rand|slot=5|gap=91|depth=11|nodes=534281|legal=38|probs=cap=80,mcap=280,p=0.5,cls=normal,legal=38,accN=5,bandN=3,gaps=1:0,2:69,3:73,4:74,5:91,6:113,7:77,8:93,wouldBe=7,agap=91
GM|1|M6-MG_QT10-C1-R1|21|side=1|cfg=T_RUKN|kind=builtin|move=h6h0|hit=builtin|slot=-|gap=-|depth=2|nodes=1502|legal=42|probs=rand=45
GM|1|M6-MG_QT10-C1-R1|22|side=-1|cfg=T_YOU|kind=undefined|move=i2h0|hit=above|slot=1|gap=0|depth=14|nodes=500462|legal=4|probs=cap=80,mcap=280,p=0.5,cls=normal,legal=4,accN=1,bandN=3,gaps=1:0,2:84,3:163,4:222
GM|1|M6-MG_QT10-C1-R1|23|side=1|cfg=T_RUKN|kind=builtin|move=e7c5|hit=builtin|slot=-|gap=-|depth=2|nodes=1529|legal=25|probs=rand=45
GM|1|M6-MG_QT10-C1-R1|24|side=-1|cfg=T_YOU|kind=undefined|move=h0i2|hit=bmiss|slot=8|gap=32|depth=12|nodes=556649|legal=38|probs=cap=80,mcap=280,p=0.5,cls=normal,legal=38,accN=8,bandN=0,gaps=1:0,2:15,3:16,4:20,5:24,6:26,7:26,8:32,band=0
GM|1|M6-MG_QT10-C1-R1|25|side=1|cfg=T_RUKN|kind=builtin|move=i9i2|hit=builtin|slot=-|gap=-|depth=2|nodes=1513|legal=24|probs=rand=45
GM|1|M6-MG_QT10-C1-R1|26|side=-1|cfg=T_YOU|kind=undefined|move=c4c3|hit=rand|slot=4|gap=102|depth=12|nodes=530508|legal=36|probs=cap=80,mcap=280,p=0.5,cls=normal,legal=36,accN=1,bandN=7,gaps=1:0,2:85,3:100,4:102,5:107,6:113,7:116,8:124,wouldBe=1,agap=102
GM|1|M6-MG_QT10-C1-R1|27|side=1|cfg=T_RUKN|kind=builtin|move=i2i0|hit=builtin|slot=-|gap=-|depth=2|nodes=1090|legal=18|probs=rand=45
GM|1|M6-MG_QT10-C1-R1|28|side=-1|cfg=T_YOU|kind=undefined|move=f3f0|hit=cap|slot=4|gap=60|depth=13|nodes=523213|legal=4|probs=cap=80,mcap=280,p=0.5,cls=normal,legal=4,accN=4,bandN=0,gaps=1:0,2:0,3:11,4:60
GM|1|M6-MG_QT10-C1-R1|29|side=1|cfg=T_RUKN|kind=builtin|move=i0f0|hit=builtin|slot=-|gap=-|depth=2|nodes=721|legal=15|probs=rand=45
GM|1|M6-MG_QT10-C1-R1|30|side=-1|cfg=T_YOU|kind=undefined|move=e1f0|hit=cap|slot=3|gap=18|depth=12|nodes=560322|legal=25|probs=cap=80,mcap=280,p=0.5,cls=normal,legal=25,accN=3,bandN=5,gaps=1:0,2:14,3:18,4:106,5:118,6:120,7:124,8:125
GM|1|M6-MG_QT10-C1-R1|31|side=1|cfg=T_RUKN|kind=builtin|move=e8f9|hit=builtin|slot=-|gap=-|depth=2|nodes=557|legal=11|probs=rand=45
GM|1|M6-MG_QT10-C1-R1|32|side=-1|cfg=T_YOU|kind=undefined|move=d0e1|hit=cap|slot=8|gap=67|depth=12|nodes=596541|legal=23|probs=cap=80,mcap=280,p=0.5,cls=normal,legal=23,accN=8,bandN=0,gaps=1:0,2:1,3:42,4:33,5:37,6:40,7:48,8:67
GM|1|M6-MG_QT10-C1-R1|33|side=1|cfg=T_RUKN|kind=builtin|move=e9e8|hit=builtin|slot=-|gap=-|depth=2|nodes=642|legal=12|probs=rand=45
GM|1|M6-MG_QT10-C1-R1|34|side=-1|cfg=T_YOU|kind=undefined|move=c2e3|hit=bmiss|slot=8|gap=55|depth=12|nodes=580421|legal=26|probs=cap=80,mcap=280,p=0.5,cls=normal,legal=26,accN=8,bandN=0,gaps=1:0,2:23,3:32,4:45,5:52,6:43,7:44,8:55,band=0
GM|1|M6-MG_QT10-C1-R1|35|side=1|cfg=T_RUKN|kind=builtin|move=e8d8|hit=builtin|slot=-|gap=-|depth=2|nodes=537|legal=9|probs=rand=45
GM|1|M6-MG_QT10-C1-R1|36|side=-1|cfg=T_YOU|kind=undefined|move=c3b3|hit=cap|slot=8|gap=36|depth=12|nodes=635720|legal=28|probs=cap=80,mcap=280,p=0.5,cls=normal,legal=28,accN=8,bandN=0,gaps=1:0,2:6,3:28,4:29,5:29,6:31,7:35,8:36
GM|1|M6-MG_QT10-C1-R1|37|side=1|cfg=T_RUKN|kind=builtin|move=d8d9|hit=builtin|slot=-|gap=-|depth=2|nodes=875|legal=13|probs=rand=45
GM|1|M6-MG_QT10-C1-R1|38|side=-1|cfg=T_YOU|kind=undefined|move=e3c4|hit=rand|slot=7|gap=90|depth=13|nodes=644813|legal=33|probs=cap=80,mcap=280,p=0.5,cls=normal,legal=33,accN=6,bandN=2,gaps=1:0,2:54,3:67,4:68,5:69,6:80,7:90,8:91,wouldBe=6,agap=90
GM|1|M6-MG_QT10-C1-R1|39|side=1|cfg=T_RUKN|kind=builtin|move=c5e7|hit=builtin|slot=-|gap=-|depth=2|nodes=723|legal=11|probs=rand=45
GM|1|M6-MG_QT10-C1-R1|40|side=-1|cfg=T_YOU|kind=undefined|move=a4a5|hit=rand|slot=8|gap=82|depth=12|nodes=613584|legal=34|probs=cap=80,mcap=280,p=0.5,cls=normal,legal=34,accN=7,bandN=1,gaps=1:0,2:33,3:36,4:38,5:45,6:49,7:50,8:82,wouldBe=7,agap=82
GM|1|M6-MG_QT10-C1-R1|41|side=1|cfg=T_RUKN|kind=builtin|move=e7c5|hit=builtin|slot=-|gap=-|depth=2|nodes=891|legal=13|probs=rand=45
GM|1|M6-MG_QT10-C1-R1|42|side=-1|cfg=T_YOU|kind=undefined|move=e1d2|hit=bmiss|slot=8|gap=52|depth=12|nodes=641790|legal=32|probs=cap=80,mcap=280,p=0.5,cls=normal,legal=32,accN=8,bandN=0,gaps=1:0,2:9,3:12,4:42,5:42,6:27,7:49,8:52,band=0
GM|1|M6-MG_QT10-C1-R1|43|side=1|cfg=T_RUKN|kind=builtin|move=a6a5|hit=builtin|slot=-|gap=-|depth=2|nodes=713|legal=11|probs=rand=45
GM|1|M6-MG_QT10-C1-R1|44|side=-1|cfg=T_YOU|kind=undefined|move=b3b9|hit=above|slot=1|gap=0|depth=12|nodes=661522|legal=31|probs=cap=80,mcap=280,p=0.5,cls=normal,legal=31,accN=1,bandN=7,gaps=1:0,2:174,3:175,4:196,5:198,6:207,7:227,8:231
GM|1|M6-MG_QT10-C1-R1|45|side=1|cfg=T_RUKN|kind=builtin|move=a7c9|hit=builtin|slot=-|gap=-|depth=2|nodes=120|legal=2|probs=rand=45
GM|1|M6-MG_QT10-C1-R1|46|side=-1|cfg=T_YOU|kind=undefined|move=b9c9|hit=above|slot=1|gap=0|depth=14|nodes=657583|legal=28|probs=cap=80,mcap=280,p=0.5,cls=normal,legal=28,accN=1,bandN=7,gaps=1:0,2:121,3:167,4:223,5:228,6:242,7:243,8:244
GM|1|M6-MG_QT10-C1-R1|47|side=1|cfg=T_RUKN|kind=builtin|move=d9d8|hit=builtin|slot=-|gap=-|depth=2|nodes=53|legal=1|probs=rand=45
GM|1|M6-MG_QT10-C1-R1|48|side=-1|cfg=T_YOU|kind=undefined|move=c9c8|hit=rand|slot=3|gap=200|depth=14|nodes=717085|legal=26|probs=cap=80,mcap=280,p=0.5,cls=normal,legal=26,accN=1,bandN=2,gaps=1:0,2:200,3:200,4:97687,5:97700,6:97858,7:97914,8:97917,wouldBe=1,agap=200
GM|1|M6-MG_QT10-C1-R1|49|side=1|cfg=T_RUKN|kind=builtin|move=d8d7|hit=builtin|slot=-|gap=-|depth=2|nodes=106|legal=2|probs=rand=45
GM|1|M6-MG_QT10-C1-R1|50|side=-1|cfg=T_YOU|kind=undefined|move=c4a5|hit=rand|slot=3|gap=200|depth=39|nodes=1005857|legal=26|probs=cap=80,mcap=280,p=0.5,cls=normal,legal=26,accN=2,bandN=1,gaps=1:0,2:0,3:200,4:300,5:400,6:400,7:400,8:400,wouldBe=1,agap=200
GM|1|M6-MG_QT10-C1-R1|51|side=1|cfg=T_RUKN|kind=builtin|move=g5g4|hit=builtin|slot=-|gap=-|depth=2|nodes=503|legal=9|probs=rand=45
GM|1|M6-MG_QT10-C1-R1|52|side=-1|cfg=T_YOU|kind=undefined|move=g0i2|hit=rand|slot=8|gap=200|depth=126|nodes=2235719|legal=26|probs=cap=80,mcap=280,p=0.5,cls=normal,legal=26,accN=3,bandN=5,gaps=1:0,2:0,3:0,4:200,5:200,6:200,7:200,8:200,wouldBe=1,agap=200
GM|1|M6-MG_QT10-C1-R1|53|side=1|cfg=T_RUKN|kind=builtin|move=f7e8|hit=builtin|slot=-|gap=-|depth=2|nodes=607|legal=11|probs=rand=45
GM|1|M6-MG_QT10-C1-R1|54|side=-1|cfg=T_YOU|kind=undefined|move=a5c6|hit=above|slot=1|gap=0|depth=40|nodes=1087969|legal=25|probs=cap=80,mcap=280,p=0.5,cls=normal,legal=25,accN=1,bandN=5,gaps=1:0,2:100,3:200,4:200,5:200,6:200,7:300,8:300
GM|1|M6-MG_QT10-C1-R1|55|side=1|cfg=T_RUKN|kind=builtin|move=g4f4|hit=builtin|slot=-|gap=-|depth=2|nodes=549|legal=11|probs=rand=45
GM|1|M6-MG_QT10-C1-R1|56|side=-1|cfg=T_YOU|kind=undefined|move=c8d8|hit=above|slot=1|gap=0|depth=245|nodes=887499|legal=24|probs=cap=80,mcap=280,p=0.5,cls=normal,legal=24,accN=1,bandN=7,gaps=1:0,2:200,3:200,4:200,5:200,6:200,7:200,8:200
GE|1|M6-MG_QT10-C1-R1|END|winner=hi|reason=%E5%B0%86%E6%AD%BB|plies=56|tierMoves=28|invalid=0|crit=0|hiSide=1|stats=T_RUKN:n=28,rand=0,cap=0,above=0,bmiss=0,gapMean=0,gapMax=0;T_YOU:n=28,rand=9,cap=7,above=5,bmiss=7,gapMean=66,gapMax=254
PROG|1|M6-MG_QT10-C1-R1
G|1|M7-MG_QT10-C0-R1|START|pos=MG_QT10|pair=%E8%BF%9B%E9%98%B6_vs_%E5%85%A5%E9%97%A8|hi=T_JIN|lo=T_RUKN|hiFirst=0|fen=2bakc2r/4an3/c3b4/p6RC/2p1P1p2/9/P1n3P1P/2N3C1N/9/2BAKAB2 b - - 0 1
GM|1|M7-MG_QT10-C0-R1|1|side=1|cfg=T_JIN|kind=undefined|move=c3e4|hit=cap|slot=8|gap=46|depth=12|nodes=582106|legal=29|probs=cap=80,mcap=280,p=0,cls=normal,legal=29,accN=8,bandN=0,gaps=1:0,2:18,3:31,4:37,5:36,6:38,7:40,8:46
GM|1|M7-MG_QT10-C0-R1|2|side=-1|cfg=T_RUKN|kind=builtin|move=h6h1|hit=builtin|slot=-|gap=-|depth=2|nodes=1517|legal=47|probs=rand=45
GM|1|M7-MG_QT10-C0-R1|3|side=1|cfg=T_JIN|kind=undefined|move=f8g6|hit=cap|slot=3|gap=27|depth=13|nodes=506852|legal=27|probs=cap=80,mcap=280,p=0,cls=normal,legal=27,accN=3,bandN=3,gaps=1:0,2:0,3:27,4:81,5:203,6:205,7:292,8:316
GM|1|M7-MG_QT10-C0-R1|4|side=-1|cfg=T_RUKN|kind=builtin|move=h1h6|hit=builtin|slot=-|gap=-|depth=2|nodes=1506|legal=49|probs=rand=45
GM|1|M7-MG_QT10-C0-R1|5|side=1|cfg=T_JIN|kind=undefined|move=e4d2|hit=cap|slot=2|gap=79|depth=14|nodes=573366|legal=34|probs=cap=80,mcap=280,p=0,cls=normal,legal=34,accN=2,bandN=0,gaps=1:0,2:79,3:289,4:373,5:380,6:505,7:534,8:560
GM|1|M7-MG_QT10-C0-R1|6|side=-1|cfg=T_RUKN|kind=builtin|move=e0e1|hit=builtin|slot=-|gap=-|depth=2|nodes=73|legal=1|probs=rand=45
GM|1|M7-MG_QT10-C0-R1|7|side=1|cfg=T_JIN|kind=undefined|move=d2f3|hit=cap|slot=2|gap=2|depth=13|nodes=568635|legal=36|probs=cap=80,mcap=280,p=0,cls=normal,legal=36,accN=2,bandN=0,gaps=1:0,2:2,3:331,4:412,5:482,6:608,7:636,8:665
GM|1|M7-MG_QT10-C0-R1|8|side=-1|cfg=T_RUKN|kind=builtin|move=e1e2|hit=builtin|slot=-|gap=-|depth=2|nodes=264|legal=4|probs=rand=45
GM|1|M7-MG_QT10-C0-R1|9|side=1|cfg=T_JIN|kind=undefined|move=g6e5|hit=above|slot=1|gap=0|depth=12|nodes=560005|legal=33|probs=cap=80,mcap=280,p=0,cls=normal,legal=33,accN=1,bandN=2,gaps=1:0,2:84,3:247,4:321,5:386,6:412,7:464,8:492
GM|1|M7-MG_QT10-C0-R1|10|side=-1|cfg=T_RUKN|kind=builtin|move=c2e1|hit=builtin|slot=-|gap=-|depth=2|nodes=1507|legal=39|probs=rand=45
GM|1|M7-MG_QT10-C0-R1|11|side=1|cfg=T_JIN|kind=undefined|move=e5d3|hit=cap|slot=2|gap=57|depth=12|nodes=458924|legal=36|probs=cap=80,mcap=280,p=0,cls=normal,legal=36,accN=2,bandN=5,gaps=1:0,2:57,3:226,4:243,5:249,6:258,7:271,8:287
GM|1|M7-MG_QT10-C0-R1|12|side=-1|cfg=T_RUKN|kind=builtin|move=h6h0|hit=builtin|slot=-|gap=-|depth=2|nodes=1529|legal=32|probs=rand=45
GM|1|M7-MG_QT10-C0-R1|13|side=1|cfg=T_JIN|kind=undefined|move=d3c1|hit=above|slot=1|gap=0|depth=20|nodes=631441|legal=37|probs=cap=80,mcap=280,p=0,cls=normal,legal=37,accN=1,bandN=1,gaps=1:0,2:100,3:500,4:600,5:600,6:600,7:700,8:700
GE|1|M7-MG_QT10-C0-R1|END|winner=hi|reason=%E5%B0%86%E6%AD%BB|plies=13|tierMoves=7|invalid=0|crit=0|hiSide=-1|stats=T_JIN:n=7,rand=0,cap=5,above=2,bmiss=0,gapMean=30,gapMax=79;T_RUKN:n=6,rand=0,cap=0,above=0,bmiss=0,gapMean=0,gapMax=0
PROG|1|M7-MG_QT10-C0-R1
G|1|M7-MG_QT14-C1-R1|START|pos=MG_QT14|pair=%E8%BF%9B%E9%98%B6_vs_%E5%85%A5%E9%97%A8|hi=T_JIN|lo=T_RUKN|hiFirst=1|fen=2bak3C/4a4/c3b1n2/p8/2p1P1p2/5c2P/P1n3P2/2N1B1C1N/9/2BAKA3 b - - 0 1
GM|1|M7-MG_QT14-C1-R1|1|side=1|cfg=T_RUKN|kind=builtin|move=c3e2|hit=builtin|slot=-|gap=-|depth=2|nodes=1523|legal=37|probs=rand=45
GM|1|M7-MG_QT14-C1-R1|2|side=-1|cfg=T_JIN|kind=undefined|move=c0e2|hit=above|slot=1|gap=0|depth=13|nodes=563678|legal=33|probs=cap=0,mcap=700,p=0,cls=hard,legal=33,accN=1,bandN=4,gaps=1:0,2:523,3:587,4:633,5:679,6:816,7:816,8:824
GM|1|M7-MG_QT14-C1-R1|3|side=1|cfg=T_RUKN|kind=builtin|move=a7a3|hit=builtin|slot=-|gap=-|depth=2|nodes=1523|legal=31|probs=rand=45
GM|1|M7-MG_QT14-C1-R1|4|side=-1|cfg=T_JIN|kind=undefined|move=c2a3|hit=above|slot=1|gap=0|depth=13|nodes=568402|legal=35|probs=cap=80,mcap=280,p=0,cls=normal,legal=35,accN=1,bandN=2,gaps=1:0,2:232,3:248,4:289,5:306,6:324,7:348,8:389
GM|1|M7-MG_QT14-C1-R1|5|side=1|cfg=T_RUKN|kind=builtin|move=g7e6|hit=builtin|slot=-|gap=-|depth=2|nodes=1526|legal=26|probs=rand=45
GM|1|M7-MG_QT14-C1-R1|6|side=-1|cfg=T_JIN|kind=undefined|move=g2h2|hit=cap|slot=2|gap=17|depth=12|nodes=531238|legal=32|probs=cap=80,mcap=280,p=0,cls=normal,legal=32,accN=2,bandN=6,gaps=1:0,2:17,3:173,4:172,5:194,6:197,7:198,8:203
GM|1|M7-MG_QT14-C1-R1|7|side=1|cfg=T_RUKN|kind=builtin|move=f4e4|hit=builtin|slot=-|gap=-|depth=2|nodes=1533|legal=23|probs=rand=45
GM|1|M7-MG_QT14-C1-R1|8|side=-1|cfg=T_JIN|kind=undefined|move=d0e1|hit=cap|slot=6|gap=66|depth=13|nodes=481926|legal=6|probs=cap=80,mcap=280,p=0,cls=normal,legal=6,accN=6,bandN=0,gaps=1:0,2:30,3:36,4:43,5:61,6:66
GM|1|M7-MG_QT14-C1-R1|9|side=1|cfg=T_RUKN|kind=builtin|move=e6g7|hit=builtin|slot=-|gap=-|depth=2|nodes=1228|legal=18|probs=rand=45
GM|1|M7-MG_QT14-C1-R1|10|side=-1|cfg=T_JIN|kind=undefined|move=h2h9|hit=above|slot=1|gap=0|depth=12|nodes=549215|legal=31|probs=cap=0,mcap=700,p=0,cls=hard,legal=31,accN=1,bandN=0,gaps=1:0,2:99011,3:99011,4:99020,5:99055,6:99063,7:99079,8:99083
GE|1|M7-MG_QT14-C1-R1|END|winner=hi|reason=%E5%B0%86%E6%AD%BB|plies=10|tierMoves=5|invalid=0|crit=0|hiSide=1|stats=T_RUKN:n=5,rand=0,cap=0,above=0,bmiss=0,gapMean=0,gapMax=0;T_JIN:n=5,rand=0,cap=2,above=3,bmiss=0,gapMean=17,gapMax=66
PROG|1|M7-MG_QT14-C1-R1
DRV DONE games=16 round=1
