DRV: not isolated, registering SW (try 0)
DRV: isolated ok, task=task_games_r2.json
DRV: engine ready
G|2|M0-INIT-C0-R2|START|pos=INIT|pair=%E4%B8%9A%E4%BD%99_vs_%E5%85%A5%E9%97%A8|hi=T_YOU|lo=T_RUKN|hiFirst=1|fen=rnbakabnr/9/1c5c1/p1p1p1p1p/9/9/P1P1P1P1P/1C5C1/9/RNBAKABNR w - - 0 1
GM|2|M0-INIT-C0-R2|1|side=-1|cfg=T_YOU|kind=undefined|move=h2d2|hit=bmiss|slot=8|gap=17|depth=14|nodes=409812|legal=44|probs=cap=80,mcap=280,p=0.5,cls=opening,legal=44,accN=8,bandN=0,gaps=1:0,2:3,3:8,4:9,5:11,6:13,7:14,8:17,band=0
GM|2|M0-INIT-C0-R2|2|side=1|cfg=T_RUKN|kind=builtin|move=b7b0|hit=builtin|slot=-|gap=-|depth=2|nodes=1525|legal=45|probs=rand=45
GM|2|M0-INIT-C0-R2|3|side=-1|cfg=T_YOU|kind=undefined|move=b2b4|hit=rand|slot=4|gap=254|depth=11|nodes=547925|legal=38|probs=cap=80,mcap=280,p=0.5,cls=opening,legal=38,accN=1,bandN=4,gaps=1:0,2:162,3:205,4:254,5:258,6:290,7:343,8:291,wouldBe=1,agap=254
GM|2|M0-INIT-C0-R2|4|side=1|cfg=T_RUKN|kind=builtin|move=b0b2|hit=builtin|slot=-|gap=-|depth=2|nodes=1538|legal=39|probs=rand=45
GM|2|M0-INIT-C0-R2|5|side=-1|cfg=T_YOU|kind=undefined|move=i0i1|hit=cap|slot=3|gap=51|depth=11|nodes=539255|legal=45|probs=cap=80,mcap=280,p=0.5,cls=opening,legal=45,accN=3,bandN=5,gaps=1:0,2:1,3:51,4:113,5:119,6:137,7:154,8:170
GM|2|M0-INIT-C0-R2|6|side=1|cfg=T_RUKN|kind=builtin|move=h7h8|hit=builtin|slot=-|gap=-|depth=2|nodes=1539|legal=40|probs=rand=45
GM|2|M0-INIT-C0-R2|7|side=-1|cfg=T_YOU|kind=undefined|move=b4i4|hit=rand|slot=6|gap=82|depth=11|nodes=471633|legal=53|probs=cap=80,mcap=280,p=0.5,cls=opening,legal=53,accN=5,bandN=3,gaps=1:0,2:28,3:39,4:61,5:63,6:82,7:121,8:129,wouldBe=5,agap=82
GM|2|M0-INIT-C0-R2|8|side=1|cfg=T_RUKN|kind=builtin|move=c6c5|hit=builtin|slot=-|gap=-|depth=2|nodes=1530|legal=42|probs=rand=45
GM|2|M0-INIT-C0-R2|9|side=-1|cfg=T_YOU|kind=undefined|move=i4i9|hit=bmiss|slot=1|gap=0|depth=12|nodes=593438|legal=49|probs=cap=80,mcap=280,p=0.5,cls=opening,legal=49,accN=1,bandN=0,gaps=1:0,2:336,3:337,4:380,5:399,6:403,7:418,8:423,band=0
GM|2|M0-INIT-C0-R2|10|side=1|cfg=T_RUKN|kind=builtin|move=b2b8|hit=builtin|slot=-|gap=-|depth=2|nodes=1529|legal=40|probs=rand=45
GM|2|M0-INIT-C0-R2|11|side=-1|cfg=T_YOU|kind=undefined|move=d2d4|hit=bmiss|slot=7|gap=65|depth=12|nodes=458203|legal=45|probs=cap=80,mcap=280,p=0.5,cls=opening,legal=45,accN=8,bandN=0,gaps=1:0,2:22,3:46,4:47,5:50,6:60,7:65,8:65,band=0
GM|2|M0-INIT-C0-R2|12|side=1|cfg=T_RUKN|kind=builtin|move=g9e7|hit=builtin|slot=-|gap=-|depth=2|nodes=1505|legal=39|probs=rand=45
GM|2|M0-INIT-C0-R2|13|side=-1|cfg=T_YOU|kind=undefined|move=h0g2|hit=bmiss|slot=8|gap=80|depth=11|nodes=515558|legal=45|probs=cap=80,mcap=280,p=0.5,cls=opening,legal=45,accN=8,bandN=0,gaps=1:0,2:26,3:55,4:56,5:60,6:62,7:78,8:80,band=0
GM|2|M0-INIT-C0-R2|14|side=1|cfg=T_RUKN|kind=builtin|move=c5c4|hit=builtin|slot=-|gap=-|depth=2|nodes=1504|legal=39|probs=rand=45
GM|2|M0-INIT-C0-R2|15|side=-1|cfg=T_YOU|kind=undefined|move=d4g4|hit=bmiss|slot=8|gap=27|depth=12|nodes=545930|legal=42|probs=cap=80,mcap=280,p=0.5,cls=opening,legal=42,accN=8,bandN=0,gaps=1:0,2:9,3:14,4:7,5:15,6:19,7:23,8:27,band=0
GM|2|M0-INIT-C0-R2|16|side=1|cfg=T_RUKN|kind=builtin|move=c4b4|hit=builtin|slot=-|gap=-|depth=2|nodes=1517|legal=42|probs=rand=45
GM|2|M0-INIT-C0-R2|17|side=-1|cfg=T_YOU|kind=undefined|move=a3a4|hit=cap|slot=7|gap=27|depth=11|nodes=506968|legal=36|probs=cap=80,mcap=280,p=0.5,cls=opening,legal=36,accN=8,bandN=0,gaps=1:0,2:10,3:11,4:12,5:13,6:24,7:27,8:18
GM|2|M0-INIT-C0-R2|18|side=1|cfg=T_RUKN|kind=builtin|move=h8e8|hit=builtin|slot=-|gap=-|depth=2|nodes=1527|legal=37|probs=rand=45
GM|2|M0-INIT-C0-R2|19|side=-1|cfg=T_YOU|kind=undefined|move=g0e2|hit=cap|slot=6|gap=69|depth=11|nodes=521155|legal=37|probs=cap=80,mcap=280,p=0.5,cls=opening,legal=37,accN=6,bandN=2,gaps=1:0,2:48,3:54,4:59,5:65,6:69,7:94,8:91
GM|2|M0-INIT-C0-R2|20|side=1|cfg=T_RUKN|kind=builtin|move=b8a8|hit=builtin|slot=-|gap=-|depth=2|nodes=1518|legal=24|probs=rand=45
GM|2|M0-INIT-C0-R2|21|side=-1|cfg=T_YOU|kind=undefined|move=i1b1|hit=rand|slot=6|gap=116|depth=11|nodes=524104|legal=36|probs=cap=80,mcap=280,p=0.5,cls=opening,legal=36,accN=3,bandN=5,gaps=1:0,2:56,3:70,4:89,5:105,6:116,7:123,8:126,wouldBe=3,agap=116
GM|2|M0-INIT-C0-R2|22|side=1|cfg=T_RUKN|kind=builtin|move=a8c8|hit=builtin|slot=-|gap=-|depth=2|nodes=1528|legal=25|probs=rand=45
GM|2|M0-INIT-C0-R2|23|side=-1|cfg=T_YOU|kind=undefined|move=b1a1|hit=rand|slot=7|gap=82|depth=11|nodes=507824|legal=38|probs=cap=80,mcap=280,p=0.5,cls=opening,legal=38,accN=6,bandN=2,gaps=1:0,2:18,3:51,4:63,5:68,6:69,7:82,8:89,wouldBe=6,agap=82
GM|2|M0-INIT-C0-R2|24|side=1|cfg=T_RUKN|kind=builtin|move=c8c0|hit=builtin|slot=-|gap=-|depth=2|nodes=1516|legal=28|probs=rand=45
GM|2|M0-INIT-C0-R2|25|side=-1|cfg=T_YOU|kind=undefined|move=e2c0|hit=cap|slot=2|gap=18|depth=13|nodes=476934|legal=4|probs=cap=80,mcap=280,p=0.5,cls=opening,legal=4,accN=2,bandN=2,gaps=1:0,2:18,3:117,4:166
GM|2|M0-INIT-C0-R2|26|side=1|cfg=T_RUKN|kind=builtin|move=b4b3|hit=builtin|slot=-|gap=-|depth=2|nodes=1523|legal=23|probs=rand=45
GM|2|M0-INIT-C0-R2|27|side=-1|cfg=T_YOU|kind=undefined|move=a1h1|hit=cap|slot=2|gap=71|depth=13|nodes=541358|legal=34|probs=cap=80,mcap=280,p=0.5,cls=opening,legal=34,accN=2,bandN=6,gaps=1:0,2:71,3:101,4:107,5:106,6:108,7:110,8:110
GM|2|M0-INIT-C0-R2|28|side=1|cfg=T_RUKN|kind=builtin|move=b3a3|hit=builtin|slot=-|gap=-|depth=2|nodes=1506|legal=23|probs=rand=45
GM|2|M0-INIT-C0-R2|29|side=-1|cfg=T_YOU|kind=undefined|move=a0b0|hit=cap|slot=3|gap=47|depth=11|nodes=553677|legal=44|probs=cap=80,mcap=280,p=0.5,cls=opening,legal=44,accN=3,bandN=5,gaps=1:0,2:11,3:47,4:93,5:122,6:86,7:103,8:136
GM|2|M0-INIT-C0-R2|30|side=1|cfg=T_RUKN|kind=builtin|move=e8d8|hit=builtin|slot=-|gap=-|depth=2|nodes=1507|legal=22|probs=rand=45
GM|2|M0-INIT-C0-R2|31|side=-1|cfg=T_YOU|kind=undefined|move=h1f1|hit=cap|slot=5|gap=79|depth=11|nodes=546639|legal=50|probs=cap=80,mcap=280,p=0.5,cls=opening,legal=50,accN=5,bandN=3,gaps=1:0,2:66,3:66,4:70,5:79,6:135,7:105,8:121
GM|2|M0-INIT-C0-R2|32|side=1|cfg=T_RUKN|kind=builtin|move=d8d7|hit=builtin|slot=-|gap=-|depth=2|nodes=1533|legal=31|probs=rand=45
GM|2|M0-INIT-C0-R2|33|side=-1|cfg=T_YOU|kind=undefined|move=f1f9|hit=bmiss|slot=1|gap=0|depth=11|nodes=526061|legal=49|probs=cap=80,mcap=280,p=0.5,cls=opening,legal=49,accN=1,bandN=0,gaps=1:0,2:98080,3:98292,4:98412,5:98427,6:98431,7:98464,8:98476,band=0
GM|2|M0-INIT-C0-R2|34|side=1|cfg=T_RUKN|kind=builtin|move=e9e8|hit=builtin|slot=-|gap=-|depth=2|nodes=89|legal=1|probs=rand=45
GM|2|M0-INIT-C0-R2|35|side=-1|cfg=T_YOU|kind=undefined|move=f9e9|hit=rand|slot=2|gap=200|depth=11|nodes=551836|legal=44|probs=cap=80,mcap=280,p=0.5,cls=opening,legal=44,accN=1,bandN=1,gaps=1:0,2:200,3:97742,4:98036,5:98038,6:98116,7:98396,8:98426,wouldBe=1,agap=200
GM|2|M0-INIT-C0-R2|36|side=1|cfg=T_RUKN|kind=builtin|move=e8f8|hit=builtin|slot=-|gap=-|depth=2|nodes=154|legal=2|probs=rand=45
GM|2|M0-INIT-C0-R2|37|side=-1|cfg=T_YOU|kind=undefined|move=b0b8|hit=above|slot=1|gap=0|depth=11|nodes=459386|legal=38|probs=cap=80,mcap=280,p=0.5,cls=opening,legal=38,accN=1,bandN=2,gaps=1:0,2:200,3:200,4:300,5:98333,6:98449,7:98565,8:98659
GM|2|M0-INIT-C0-R2|38|side=1|cfg=T_RUKN|kind=builtin|move=d9e8|hit=builtin|slot=-|gap=-|depth=2|nodes=255|legal=3|probs=rand=45
GM|2|M0-INIT-C0-R2|39|side=-1|cfg=T_YOU|kind=undefined|move=e9f9|hit=above|slot=1|gap=0|depth=15|nodes=491214|legal=41|probs=cap=80,mcap=280,p=0.5,cls=opening,legal=41,accN=1,bandN=1,gaps=1:0,2:200,3:300,4:600,5:700,6:700,7:92400,8:97983
GE|2|M0-INIT-C0-R2|END|winner=hi|reason=%E5%B0%86%E6%AD%BB|plies=39|tierMoves=20|invalid=0|crit=0|hiSide=1|stats=T_YOU:n=20,rand=5,cap=7,above=2,bmiss=6,gapMean=64,gapMax=254;T_RUKN:n=19,rand=0,cap=0,above=0,bmiss=0,gapMean=0,gapMax=0
PROG|2|M0-INIT-C0-R2
G|2|M0-MG_QT05-C1-R2|START|pos=MG_QT05|pair=%E4%B8%9A%E4%BD%99_vs_%E5%85%A5%E9%97%A8|hi=T_YOU|lo=T_RUKN|hiFirst=1|fen=1nbak3r/4an3/c3b2c1/p4C2p/2p3p2/9/P1P1P1P1P/2N3C1N/9/2BAKABR1 b - - 0 1
GM|2|M0-MG_QT05-C1-R2|1|side=1|cfg=T_RUKN|kind=builtin|move=h7h6|hit=builtin|slot=-|gap=-|depth=2|nodes=1524|legal=33|probs=rand=45
GM|2|M0-MG_QT05-C1-R2|2|side=-1|cfg=T_YOU|kind=undefined|move=h0h6|hit=above|slot=1|gap=0|depth=13|nodes=561303|legal=40|probs=cap=80,mcap=280,p=0.5,cls=normal,legal=40,accN=1,bandN=1,gaps=1:0,2:127,3:356,4:383,5:413,6:416,7:430,8:436
GM|2|M0-MG_QT05-C1-R2|3|side=1|cfg=T_RUKN|kind=builtin|move=i9i7|hit=builtin|slot=-|gap=-|depth=2|nodes=1527|legal=23|probs=rand=45
GM|2|M0-MG_QT05-C1-R2|4|side=-1|cfg=T_YOU|kind=undefined|move=g2e2|hit=bmiss|slot=8|gap=32|depth=12|nodes=494124|legal=45|probs=cap=80,mcap=280,p=0.5,cls=normal,legal=45,accN=8,bandN=0,gaps=1:0,2:9,3:15,4:16,5:18,6:23,7:30,8:32,band=0
GM|2|M0-MG_QT05-C1-R2|5|side=1|cfg=T_RUKN|kind=builtin|move=i6i5|hit=builtin|slot=-|gap=-|depth=2|nodes=1533|legal=23|probs=rand=45
GM|2|M0-MG_QT05-C1-R2|6|side=-1|cfg=T_YOU|kind=undefined|move=f6d6|hit=cap|slot=3|gap=34|depth=12|nodes=474108|legal=42|probs=cap=80,mcap=280,p=0.5,cls=normal,legal=42,accN=8,bandN=0,gaps=1:0,2:6,3:34,4:26,5:28,6:29,7:33,8:33
GM|2|M0-MG_QT05-C1-R2|7|side=1|cfg=T_RUKN|kind=builtin|move=e9f9|hit=builtin|slot=-|gap=-|depth=2|nodes=1514|legal=25|probs=rand=45
GM|2|M0-MG_QT05-C1-R2|8|side=-1|cfg=T_YOU|kind=undefined|move=d6d5|hit=bmiss|slot=8|gap=38|depth=12|nodes=461100|legal=45|probs=cap=80,mcap=280,p=0.5,cls=normal,legal=45,accN=8,bandN=0,gaps=1:0,2:4,3:10,4:6,5:11,6:18,7:32,8:38,band=0
GM|2|M0-MG_QT05-C1-R2|9|side=1|cfg=T_RUKN|kind=builtin|move=f8e6|hit=builtin|slot=-|gap=-|depth=2|nodes=1543|legal=24|probs=rand=45
GM|2|M0-MG_QT05-C1-R2|10|side=-1|cfg=T_YOU|kind=undefined|move=d5d8|hit=cap|slot=5|gap=68|depth=11|nodes=429354|legal=43|probs=cap=80,mcap=280,p=0.5,cls=normal,legal=43,accN=5,bandN=3,gaps=1:0,2:7,3:12,4:16,5:68,6:83,7:89,8:95
GM|2|M0-MG_QT05-C1-R2|11|side=1|cfg=T_RUKN|kind=builtin|move=a7d7|hit=builtin|slot=-|gap=-|depth=2|nodes=1536|legal=25|probs=rand=45
GM|2|M0-MG_QT05-C1-R2|12|side=-1|cfg=T_YOU|kind=undefined|move=h6h9|hit=bmiss|slot=1|gap=0|depth=11|nodes=449454|legal=36|probs=cap=0,mcap=700,p=0.5,cls=hard,legal=36,accN=1,bandN=0,gaps=1:0,2:99081,3:99089,4:99113,5:99119,6:99124,7:99124,8:99130,band=0
GM|2|M0-MG_QT05-C1-R2|13|side=1|cfg=T_RUKN|kind=builtin|move=e7g9|hit=builtin|slot=-|gap=-|depth=2|nodes=69|legal=1|probs=rand=45
GM|2|M0-MG_QT05-C1-R2|14|side=-1|cfg=T_YOU|kind=undefined|move=h9g9|hit=above|slot=1|gap=0|depth=12|nodes=484981|legal=34|probs=cap=0,mcap=700,p=0.5,cls=hard,legal=34,accN=1,bandN=0,gaps=1:0,2:98827,3:99231,4:99284,5:99290,6:99294,7:99299,8:99339
GE|2|M0-MG_QT05-C1-R2|END|winner=hi|reason=%E5%B0%86%E6%AD%BB|plies=14|tierMoves=7|invalid=0|crit=0|hiSide=1|stats=T_RUKN:n=7,rand=0,cap=0,above=0,bmiss=0,gapMean=0,gapMax=0;T_YOU:n=7,rand=0,cap=2,above=2,bmiss=3,gapMean=25,gapMax=68
PROG|2|M0-MG_QT05-C1-R2
G|2|M1-MG_QT05-C0-R2|START|pos=MG_QT05|pair=%E8%BF%9B%E9%98%B6_vs_%E4%B8%9A%E4%BD%99|hi=T_JIN|lo=T_YOU|hiFirst=0|fen=1nbak3r/4an3/c3b2c1/p4C2p/2p3p2/9/P1P1P1P1P/2N3C1N/9/2BAKABR1 b - - 0 1
GM|2|M1-MG_QT05-C0-R2|1|side=1|cfg=T_JIN|kind=undefined|move=a7b7|hit=cap|slot=8|gap=45|depth=12|nodes=593256|legal=33|probs=cap=80,mcap=280,p=0,cls=normal,legal=33,accN=8,bandN=0,gaps=1:0,2:1,3:1,4:1,5:22,6:42,7:44,8:45
GM|2|M1-MG_QT05-C0-R2|2|side=-1|cfg=T_YOU|kind=undefined|move=g0e2|hit=cap|slot=8|gap=51|depth=11|nodes=563361|legal=41|probs=cap=80,mcap=280,p=0.5,cls=normal,legal=41,accN=8,bandN=0,gaps=1:0,2:8,3:18,4:23,5:26,6:38,7:42,8:51
GM|2|M1-MG_QT05-C0-R2|3|side=1|cfg=T_JIN|kind=undefined|move=h7g7|hit=cap|slot=7|gap=29|depth=12|nodes=557947|legal=40|probs=cap=80,mcap=280,p=0,cls=normal,legal=40,accN=8,bandN=0,gaps=1:0,2:3,3:3,4:8,5:21,6:25,7:29,8:29
GM|2|M1-MG_QT05-C0-R2|4|side=-1|cfg=T_YOU|kind=undefined|move=f6f1|hit=cap|slot=8|gap=45|depth=13|nodes=589341|legal=44|probs=cap=80,mcap=280,p=0.5,cls=normal,legal=44,accN=8,bandN=0,gaps=1:0,2:2,3:2,4:18,5:24,6:32,7:42,8:45
GM|2|M1-MG_QT05-C0-R2|5|side=1|cfg=T_JIN|kind=undefined|move=a6a5|hit=cap|slot=8|gap=48|depth=12|nodes=596200|legal=37|probs=cap=80,mcap=280,p=0,cls=normal,legal=37,accN=8,bandN=0,gaps=1:0,2:1,3:8,4:11,5:15,6:22,7:29,8:48
GM|2|M1-MG_QT05-C0-R2|6|side=-1|cfg=T_YOU|kind=undefined|move=f1c1|hit=bmiss|slot=8|gap=52|depth=14|nodes=575573|legal=45|probs=cap=80,mcap=280,p=0.5,cls=normal,legal=45,accN=8,bandN=0,gaps=1:0,2:10,3:22,4:29,5:30,6:39,7:49,8:52,band=0
GM|2|M1-MG_QT05-C0-R2|7|side=1|cfg=T_JIN|kind=undefined|move=b7b2|hit=cap|slot=8|gap=25|depth=13|nodes=545825|legal=38|probs=cap=80,mcap=280,p=0,cls=normal,legal=38,accN=8,bandN=0,gaps=1:0,2:6,3:8,4:9,5:10,6:15,7:23,8:25
GM|2|M1-MG_QT05-C0-R2|8|side=-1|cfg=T_YOU|kind=undefined|move=h0h6|hit=cap|slot=8|gap=12|depth=13|nodes=577528|legal=38|probs=cap=80,mcap=280,p=0.5,cls=normal,legal=38,accN=8,bandN=0,gaps=1:0,2:4,3:5,4:8,5:9,6:10,7:11,8:12
GM|2|M1-MG_QT05-C0-R2|9|side=1|cfg=T_JIN|kind=undefined|move=b2b7|hit=cap|slot=5|gap=53|depth=14|nodes=611034|legal=37|probs=cap=80,mcap=280,p=0,cls=normal,legal=37,accN=5,bandN=3,gaps=1:0,2:4,3:13,4:30,5:53,6:101,7:105,8:239
GM|2|M1-MG_QT05-C0-R2|10|side=-1|cfg=T_YOU|kind=undefined|move=f0e1|hit=cap|slot=7|gap=67|depth=12|nodes=617770|legal=46|probs=cap=80,mcap=280,p=0.5,cls=normal,legal=46,accN=8,bandN=0,gaps=1:0,2:32,3:40,4:43,5:49,6:63,7:67,8:65
GM|2|M1-MG_QT05-C0-R2|11|side=1|cfg=T_JIN|kind=undefined|move=i9f9|hit=cap|slot=8|gap=63|depth=11|nodes=606288|legal=38|probs=cap=80,mcap=280,p=0,cls=normal,legal=38,accN=8,bandN=0,gaps=1:0,2:19,3:20,4:31,5:43,6:51,7:52,8:63
GM|2|M1-MG_QT05-C0-R2|12|side=-1|cfg=T_YOU|kind=undefined|move=g2g1|hit=cap|slot=8|gap=78|depth=13|nodes=597400|legal=41|probs=cap=80,mcap=280,p=0.5,cls=normal,legal=41,accN=8,bandN=0,gaps=1:0,2:13,3:18,4:9,5:21,6:21,7:36,8:78
GM|2|M1-MG_QT05-C0-R2|13|side=1|cfg=T_JIN|kind=undefined|move=f9g9|hit=cap|slot=8|gap=71|depth=13|nodes=620063|legal=34|probs=cap=80,mcap=280,p=0,cls=normal,legal=34,accN=8,bandN=0,gaps=1:0,2:5,3:44,4:65,5:69,6:61,7:65,8:71
GM|2|M1-MG_QT05-C0-R2|14|side=-1|cfg=T_YOU|kind=undefined|move=c2a1|hit=bmiss|slot=8|gap=72|depth=13|nodes=576610|legal=41|probs=cap=80,mcap=280,p=0.5,cls=normal,legal=41,accN=8,bandN=0,gaps=1:0,2:1,3:9,4:27,5:37,6:37,7:50,8:72,band=0
GM|2|M1-MG_QT05-C0-R2|15|side=1|cfg=T_JIN|kind=undefined|move=b7b2|hit=cap|slot=8|gap=53|depth=11|nodes=608169|legal=36|probs=cap=80,mcap=280,p=0,cls=normal,legal=36,accN=4,bandN=4,gaps=1:0,2:6,3:51,4:82,5:83,6:88,7:95,8:53
GM|2|M1-MG_QT05-C0-R2|16|side=-1|cfg=T_YOU|kind=undefined|move=e1d2|hit=cap|slot=3|gap=42|depth=13|nodes=601894|legal=43|probs=cap=80,mcap=280,p=0.5,cls=normal,legal=43,accN=3,bandN=5,gaps=1:0,2:35,3:42,4:87,5:96,6:147,7:159,8:167
GM|2|M1-MG_QT05-C0-R2|17|side=1|cfg=T_JIN|kind=undefined|move=b2b7|hit=cap|slot=3|gap=56|depth=13|nodes=701051|legal=36|probs=cap=80,mcap=280,p=0,cls=normal,legal=36,accN=3,bandN=5,gaps=1:0,2:17,3:56,4:83,5:94,6:143,7:143,8:176
GM|2|M1-MG_QT05-C0-R2|18|side=-1|cfg=T_YOU|kind=undefined|move=i3i4|hit=cap|slot=3|gap=80|depth=11|nodes=556781|legal=47|probs=cap=80,mcap=280,p=0.5,cls=normal,legal=47,accN=3,bandN=5,gaps=1:0,2:21,3:80,4:86,5:93,6:95,7:98,8:101
GM|2|M1-MG_QT05-C0-R2|19|side=1|cfg=T_JIN|kind=undefined|move=b7a7|hit=cap|slot=3|gap=68|depth=13|nodes=601725|legal=36|probs=cap=80,mcap=280,p=0,cls=normal,legal=36,accN=3,bandN=5,gaps=1:0,2:36,3:68,4:90,5:121,6:127,7:126,8:163
GM|2|M1-MG_QT05-C0-R2|20|side=-1|cfg=T_YOU|kind=undefined|move=d2e1|hit=cap|slot=8|gap=55|depth=12|nodes=581781|legal=48|probs=cap=80,mcap=280,p=0.5,cls=normal,legal=48,accN=8,bandN=0,gaps=1:0,2:3,3:8,4:12,5:12,6:30,7:36,8:55
GM|2|M1-MG_QT05-C0-R2|21|side=1|cfg=T_JIN|kind=undefined|move=g9i9|hit=cap|slot=6|gap=75|depth=12|nodes=526410|legal=30|probs=cap=80,mcap=280,p=0,cls=normal,legal=30,accN=6,bandN=2,gaps=1:0,2:5,3:6,4:63,5:73,6:75,7:95,8:100
GM|2|M1-MG_QT05-C0-R2|22|side=-1|cfg=T_YOU|kind=undefined|move=e2g0|hit=cap|slot=8|gap=59|depth=12|nodes=540133|legal=44|probs=cap=80,mcap=280,p=0.5,cls=normal,legal=44,accN=8,bandN=0,gaps=1:0,2:3,3:14,4:20,5:27,6:51,7:57,8:59
GM|2|M1-MG_QT05-C0-R2|23|side=1|cfg=T_JIN|kind=undefined|move=g5g4|hit=cap|slot=7|gap=49|depth=13|nodes=504112|legal=32|probs=cap=80,mcap=280,p=0,cls=normal,legal=32,accN=8,bandN=0,gaps=1:0,2:0,3:14,4:19,5:27,6:45,7:49,8:46
GM|2|M1-MG_QT05-C0-R2|24|side=-1|cfg=T_YOU|kind=undefined|move=c3c4|hit=bmiss|slot=7|gap=66|depth=12|nodes=572225|legal=42|probs=cap=80,mcap=280,p=0.5,cls=normal,legal=42,accN=8,bandN=0,gaps=1:0,2:18,3:19,4:49,5:53,6:58,7:66,8:63,band=0
GM|2|M1-MG_QT05-C0-R2|25|side=1|cfg=T_JIN|kind=undefined|move=c5c4|hit=above|slot=1|gap=0|depth=14|nodes=632119|legal=36|probs=cap=80,mcap=280,p=0,cls=normal,legal=36,accN=1,bandN=7,gaps=1:0,2:101,3:117,4:123,5:144,6:146,7:148,8:161
GM|2|M1-MG_QT05-C0-R2|26|side=-1|cfg=T_YOU|kind=undefined|move=h6c6|hit=bmiss|slot=8|gap=69|depth=11|nodes=616755|legal=42|probs=cap=80,mcap=280,p=0.5,cls=normal,legal=42,accN=8,bandN=0,gaps=1:0,2:2,3:26,4:46,5:47,6:55,7:59,8:69,band=0
GM|2|M1-MG_QT05-C0-R2|27|side=1|cfg=T_JIN|kind=undefined|move=c4c3|hit=cap|slot=8|gap=67|depth=14|nodes=546194|legal=39|probs=cap=80,mcap=280,p=0,cls=normal,legal=39,accN=8,bandN=0,gaps=1:0,2:2,3:23,4:27,5:32,6:42,7:66,8:67
GM|2|M1-MG_QT05-C0-R2|28|side=-1|cfg=T_YOU|kind=undefined|move=g0e2|hit=bmiss|slot=8|gap=56|depth=13|nodes=623158|legal=37|probs=cap=80,mcap=280,p=0.5,cls=normal,legal=37,accN=8,bandN=0,gaps=1:0,2:4,3:7,4:32,5:39,6:42,7:51,8:56,band=0
GM|2|M1-MG_QT05-C0-R2|29|side=1|cfg=T_JIN|kind=undefined|move=i9f9|hit=cap|slot=8|gap=59|depth=14|nodes=595682|legal=39|probs=cap=80,mcap=280,p=0,cls=normal,legal=39,accN=8,bandN=0,gaps=1:0,2:8,3:10,4:13,5:20,6:50,7:51,8:59
GM|2|M1-MG_QT05-C0-R2|30|side=-1|cfg=T_YOU|kind=undefined|move=e1f0|hit=cap|slot=8|gap=66|depth=12|nodes=605129|legal=39|probs=cap=80,mcap=280,p=0.5,cls=normal,legal=39,accN=8,bandN=0,gaps=1:0,2:11,3:21,4:31,5:33,6:52,7:53,8:66
GM|2|M1-MG_QT05-C0-R2|31|side=1|cfg=T_JIN|kind=undefined|move=b9c7|hit=cap|slot=8|gap=46|depth=13|nodes=551072|legal=35|probs=cap=80,mcap=280,p=0,cls=normal,legal=35,accN=8,bandN=0,gaps=1:0,2:3,3:17,4:30,5:38,6:40,7:43,8:46
GM|2|M1-MG_QT05-C0-R2|32|side=-1|cfg=T_YOU|kind=undefined|move=i4i5|hit=bmiss|slot=8|gap=77|depth=12|nodes=584102|legal=40|probs=cap=80,mcap=280,p=0.5,cls=normal,legal=40,accN=8,bandN=0,gaps=1:0,2:3,3:20,4:45,5:50,6:68,7:76,8:77,band=0
GM|2|M1-MG_QT05-C0-R2|33|side=1|cfg=T_JIN|kind=undefined|move=g7h7|hit=cap|slot=7|gap=80|depth=13|nodes=588610|legal=36|probs=cap=80,mcap=280,p=0,cls=normal,legal=36,accN=7,bandN=1,gaps=1:0,2:37,3:57,4:57,5:59,6:65,7:80,8:82
GM|2|M1-MG_QT05-C0-R2|34|side=-1|cfg=T_YOU|kind=undefined|move=f0e1|hit=bmiss|slot=8|gap=72|depth=13|nodes=597945|legal=41|probs=cap=80,mcap=280,p=0.5,cls=normal,legal=41,accN=8,bandN=0,gaps=1:0,2:27,3:31,4:25,5:36,6:45,7:49,8:72,band=0
GM|2|M1-MG_QT05-C0-R2|35|side=1|cfg=T_JIN|kind=undefined|move=g4f4|hit=cap|slot=7|gap=79|depth=13|nodes=610252|legal=39|probs=cap=80,mcap=280,p=0,cls=normal,legal=39,accN=7,bandN=1,gaps=1:0,2:20,3:36,4:64,5:64,6:71,7:79,8:82
GM|2|M1-MG_QT05-C0-R2|36|side=-1|cfg=T_YOU|kind=undefined|move=c6c3|hit=cap|slot=4|gap=76|depth=13|nodes=598012|legal=37|probs=cap=80,mcap=280,p=0.5,cls=normal,legal=37,accN=4,bandN=4,gaps=1:0,2:58,3:70,4:76,5:81,6:136,7:145,8:166
GM|2|M1-MG_QT05-C0-R2|37|side=1|cfg=T_JIN|kind=undefined|move=c7e6|hit=cap|slot=2|gap=44|depth=13|nodes=630969|legal=38|probs=cap=80,mcap=280,p=0,cls=normal,legal=38,accN=2,bandN=6,gaps=1:0,2:44,3:104,4:147,5:147,6:149,7:166,8:170
GM|2|M1-MG_QT05-C0-R2|38|side=-1|cfg=T_YOU|kind=undefined|move=c3c4|hit=cap|slot=8|gap=58|depth=14|nodes=572596|legal=35|probs=cap=80,mcap=280,p=0.5,cls=normal,legal=35,accN=8,bandN=0,gaps=1:0,2:11,3:15,4:16,5:40,6:48,7:56,8:58
GM|2|M1-MG_QT05-C0-R2|39|side=1|cfg=T_JIN|kind=undefined|move=a7c7|hit=cap|slot=8|gap=53|depth=12|nodes=567966|legal=38|probs=cap=80,mcap=280,p=0,cls=normal,legal=38,accN=8,bandN=0,gaps=1:0,2:3,3:0,4:14,5:31,6:41,7:50,8:53
GM|2|M1-MG_QT05-C0-R2|40|side=-1|cfg=T_YOU|kind=undefined|move=g1f1|hit=rand|slot=7|gap=83|depth=15|nodes=573073|legal=36|probs=cap=80,mcap=280,p=0.5,cls=normal,legal=36,accN=6,bandN=2,gaps=1:0,2:29,3:39,4:47,5:65,6:78,7:83,8:83,wouldBe=6,agap=83
GM|2|M1-MG_QT05-C0-R2|41|side=1|cfg=T_JIN|kind=undefined|move=i6i5|hit=cap|slot=5|gap=31|depth=13|nodes=605040|legal=38|probs=cap=80,mcap=280,p=0,cls=normal,legal=38,accN=5,bandN=3,gaps=1:0,2:18,3:21,4:30,5:31,6:83,7:97,8:143
GM|2|M1-MG_QT05-C0-R2|42|side=-1|cfg=T_YOU|kind=undefined|move=g3g4|hit=cap|slot=6|gap=76|depth=12|nodes=587118|legal=36|probs=cap=80,mcap=280,p=0.5,cls=normal,legal=36,accN=6,bandN=2,gaps=1:0,2:58,3:64,4:66,5:71,6:76,7:128,8:134
GM|2|M1-MG_QT05-C0-R2|43|side=1|cfg=T_JIN|kind=undefined|move=f9g9|hit=cap|slot=8|gap=68|depth=13|nodes=627766|legal=38|probs=cap=80,mcap=280,p=0,cls=normal,legal=38,accN=8,bandN=0,gaps=1:0,2:0,3:42,4:45,5:51,6:53,7:63,8:68
GM|2|M1-MG_QT05-C0-R2|44|side=-1|cfg=T_YOU|kind=undefined|move=i2h0|hit=rand|slot=5|gap=94|depth=12|nodes=634403|legal=36|probs=cap=80,mcap=280,p=0.5,cls=normal,legal=36,accN=3,bandN=5,gaps=1:0,2:59,3:63,4:82,5:94,6:94,7:103,8:103,wouldBe=3,agap=94
GM|2|M1-MG_QT05-C0-R2|45|side=1|cfg=T_JIN|kind=undefined|move=e6c5|hit=cap|slot=8|gap=75|depth=13|nodes=635643|legal=44|probs=cap=80,mcap=280,p=0,cls=normal,legal=44,accN=8,bandN=0,gaps=1:0,2:38,3:39,4:53,5:73,6:73,7:73,8:75
GM|2|M1-MG_QT05-C0-R2|46|side=-1|cfg=T_YOU|kind=undefined|move=c4f4|hit=above|slot=1|gap=0|depth=15|nodes=623117|legal=32|probs=cap=80,mcap=280,p=0.5,cls=normal,legal=32,accN=1,bandN=1,gaps=1:0,2:216,3:288,4:326,5:489,6:490,7:490,8:504
GM|2|M1-MG_QT05-C0-R2|47|side=1|cfg=T_JIN|kind=undefined|move=f8h9|hit=cap|slot=4|gap=66|depth=13|nodes=665775|legal=44|probs=cap=80,mcap=280,p=0,cls=normal,legal=44,accN=4,bandN=3,gaps=1:0,2:28,3:30,4:66,5:88,6:116,7:133,8:297
GM|2|M1-MG_QT05-C0-R2|48|side=-1|cfg=T_YOU|kind=undefined|move=f4d4|hit=bmiss|slot=8|gap=48|depth=13|nodes=638139|legal=37|probs=cap=80,mcap=280,p=0.5,cls=normal,legal=37,accN=8,bandN=0,gaps=1:0,2:10,3:19,4:35,5:38,6:43,7:44,8:48,band=0
GM|2|M1-MG_QT05-C0-R2|49|side=1|cfg=T_JIN|kind=undefined|move=h7i7|hit=cap|slot=8|gap=41|depth=13|nodes=585122|legal=40|probs=cap=80,mcap=280,p=0,cls=normal,legal=40,accN=8,bandN=0,gaps=1:0,2:0,3:14,4:14,5:22,6:29,7:39,8:41
GM|2|M1-MG_QT05-C0-R2|50|side=-1|cfg=T_YOU|kind=undefined|move=e2c4|hit=bmiss|slot=8|gap=51|depth=14|nodes=621625|legal=44|probs=cap=80,mcap=280,p=0.5,cls=normal,legal=44,accN=8,bandN=0,gaps=1:0,2:9,3:22,4:24,5:44,6:47,7:49,8:51,band=0
GM|2|M1-MG_QT05-C0-R2|51|side=1|cfg=T_JIN|kind=undefined|move=g9g8|hit=cap|slot=8|gap=42|depth=14|nodes=555166|legal=33|probs=cap=80,mcap=280,p=0,cls=normal,legal=33,accN=8,bandN=0,gaps=1:0,2:0,3:7,4:19,5:23,6:34,7:39,8:42
GM|2|M1-MG_QT05-C0-R2|52|side=-1|cfg=T_YOU|kind=undefined|move=d4d2|hit=cap|slot=8|gap=56|depth=13|nodes=558503|legal=42|probs=cap=80,mcap=280,p=0.5,cls=normal,legal=42,accN=8,bandN=0,gaps=1:0,2:0,3:25,4:30,5:51,6:51,7:53,8:56
GM|2|M1-MG_QT05-C0-R2|53|side=1|cfg=T_JIN|kind=undefined|move=c7c4|hit=cap|slot=8|gap=77|depth=12|nodes=622979|legal=37|probs=cap=80,mcap=280,p=0,cls=normal,legal=37,accN=8,bandN=0,gaps=1:0,2:5,3:25,4:47,5:54,6:55,7:63,8:77
GM|2|M1-MG_QT05-C0-R2|54|side=-1|cfg=T_YOU|kind=undefined|move=d2h2|hit=above|slot=1|gap=0|depth=13|nodes=601958|legal=45|probs=cap=80,mcap=280,p=0.5,cls=normal,legal=45,accN=1,bandN=7,gaps=1:0,2:81,3:108,4:108,5:115,6:129,7:133,8:138
GM|2|M1-MG_QT05-C0-R2|55|side=1|cfg=T_JIN|kind=undefined|move=g8g9|hit=above|slot=1|gap=0|depth=15|nodes=630712|legal=39|probs=cap=80,mcap=280,p=0,cls=normal,legal=39,accN=1,bandN=6,gaps=1:0,2:148,3:159,4:174,5:241,6:256,7:269,8:301
GM|2|M1-MG_QT05-C0-R2|56|side=-1|cfg=T_YOU|kind=undefined|move=f1g1|hit=bmiss|slot=7|gap=51|depth=12|nodes=634634|legal=46|probs=cap=80,mcap=280,p=0.5,cls=normal,legal=46,accN=8,bandN=0,gaps=1:0,2:16,3:21,4:34,5:42,6:43,7:51,8:42,band=0
GM|2|M1-MG_QT05-C0-R2|57|side=1|cfg=T_JIN|kind=undefined|move=h9g7|hit=cap|slot=3|gap=40|depth=13|nodes=554514|legal=35|probs=cap=80,mcap=280,p=0,cls=normal,legal=35,accN=3,bandN=0,gaps=1:0,2:14,3:40,4:421,5:487,6:515,7:612,8:643
GM|2|M1-MG_QT05-C0-R2|58|side=-1|cfg=T_YOU|kind=undefined|move=g1g2|hit=bmiss|slot=8|gap=71|depth=12|nodes=654504|legal=42|probs=cap=80,mcap=280,p=0.5,cls=normal,legal=42,accN=8,bandN=0,gaps=1:0,2:20,3:28,4:50,5:51,6:57,7:64,8:71,band=0
GM|2|M1-MG_QT05-C0-R2|59|side=1|cfg=T_JIN|kind=undefined|move=i7i6|hit=cap|slot=6|gap=44|depth=13|nodes=602772|legal=37|probs=cap=80,mcap=280,p=0,cls=normal,legal=37,accN=8,bandN=0,gaps=1:0,2:6,3:28,4:36,5:41,6:44,7:8,8:24
GM|2|M1-MG_QT05-C0-R2|60|side=-1|cfg=T_YOU|kind=undefined|move=h2h7|hit=cap|slot=8|gap=56|depth=11|nodes=603415|legal=37|probs=cap=80,mcap=280,p=0.5,cls=normal,legal=37,accN=8,bandN=0,gaps=1:0,2:7,3:29,4:33,5:40,6:45,7:50,8:56
GM|2|M1-MG_QT05-C0-R2|61|side=1|cfg=T_JIN|kind=undefined|move=c4f4|hit=cap|slot=3|gap=65|depth=12|nodes=622280|legal=42|probs=cap=80,mcap=280,p=0,cls=normal,legal=42,accN=3,bandN=2,gaps=1:0,2:22,3:65,4:114,5:247,6:299,7:330,8:329
GM|2|M1-MG_QT05-C0-R2|62|side=-1|cfg=T_YOU|kind=undefined|move=h7h6|hit=cap|slot=6|gap=78|depth=13|nodes=699667|legal=41|probs=cap=80,mcap=280,p=0.5,cls=normal,legal=41,accN=6,bandN=2,gaps=1:0,2:12,3:42,4:48,5:72,6:78,7:86,8:92
GM|2|M1-MG_QT05-C0-R2|63|side=1|cfg=T_JIN|kind=undefined|move=a5a4|hit=cap|slot=8|gap=41|depth=12|nodes=595258|legal=43|probs=cap=80,mcap=280,p=0,cls=normal,legal=43,accN=8,bandN=0,gaps=1:0,2:0,3:3,4:21,5:32,6:23,7:27,8:41
GM|2|M1-MG_QT05-C0-R2|64|side=-1|cfg=T_YOU|kind=undefined|move=h0f1|hit=cap|slot=7|gap=69|depth=13|nodes=702243|legal=47|probs=cap=80,mcap=280,p=0.5,cls=normal,legal=47,accN=8,bandN=0,gaps=1:0,2:15,3:27,4:43,5:66,6:68,7:69,8:69
GM|2|M1-MG_QT05-C0-R2|65|side=1|cfg=T_JIN|kind=undefined|move=f4f7|hit=cap|slot=7|gap=80|depth=13|nodes=608522|legal=40|probs=cap=80,mcap=280,p=0,cls=normal,legal=40,accN=8,bandN=0,gaps=1:0,2:17,3:18,4:18,5:48,6:64,7:80,8:80
GM|2|M1-MG_QT05-C0-R2|66|side=-1|cfg=T_YOU|kind=undefined|move=h6d6|hit=bmiss|slot=8|gap=79|depth=12|nodes=629617|legal=48|probs=cap=80,mcap=280,p=0.5,cls=normal,legal=48,accN=8,bandN=0,gaps=1:0,2:26,3:53,4:55,5:68,6:72,7:78,8:79,band=0
GM|2|M1-MG_QT05-C0-R2|67|side=1|cfg=T_JIN|kind=undefined|move=i5i4|hit=cap|slot=7|gap=71|depth=12|nodes=676188|legal=38|probs=cap=80,mcap=280,p=0,cls=normal,legal=38,accN=7,bandN=1,gaps=1:0,2:5,3:51,4:58,5:64,6:70,7:71,8:110
GM|2|M1-MG_QT05-C0-R2|68|side=-1|cfg=T_YOU|kind=undefined|move=d6b6|hit=rand|slot=8|gap=103|depth=11|nodes=646792|legal=47|probs=cap=80,mcap=280,p=0.5,cls=normal,legal=47,accN=6,bandN=2,gaps=1:0,2:35,3:53,4:56,5:63,6:59,7:83,8:103,wouldBe=5,agap=103
GM|2|M1-MG_QT05-C0-R2|69|side=1|cfg=T_JIN|kind=undefined|move=i6e6|hit=above|slot=1|gap=0|depth=14|nodes=681018|legal=42|probs=cap=80,mcap=280,p=0,cls=normal,legal=42,accN=1,bandN=7,gaps=1:0,2:88,3:89,4:94,5:94,6:94,7:115,8:131
GM|2|M1-MG_QT05-C0-R2|70|side=-1|cfg=T_YOU|kind=undefined|move=a1b3|hit=cap|slot=2|gap=20|depth=13|nodes=736192|legal=41|probs=cap=80,mcap=280,p=0.5,cls=normal,legal=41,accN=2,bandN=6,gaps=1:0,2:20,3:115,4:122,5:136,6:141,7:141,8:144
GM|2|M1-MG_QT05-C0-R2|71|side=1|cfg=T_JIN|kind=undefined|move=c5b3|hit=cap|slot=2|gap=79|depth=14|nodes=693728|legal=41|probs=cap=80,mcap=280,p=0,cls=normal,legal=41,accN=2,bandN=1,gaps=1:0,2:79,3:86,4:365,5:408,6:423,7:444,8:472
GM|2|M1-MG_QT05-C0-R2|72|side=-1|cfg=T_YOU|kind=undefined|move=b6b3|hit=above|slot=1|gap=0|depth=15|nodes=587192|legal=40|probs=cap=80,mcap=280,p=0.5,cls=normal,legal=40,accN=1,bandN=0,gaps=1:0,2:483,3:583,4:608,5:737,6:772,7:100275,8:100175
GM|2|M1-MG_QT05-C0-R2|73|side=1|cfg=T_JIN|kind=undefined|move=f7f5|hit=cap|slot=7|gap=75|depth=12|nodes=648554|legal=38|probs=cap=80,mcap=280,p=0,cls=normal,legal=38,accN=7,bandN=1,gaps=1:0,2:9,3:22,4:50,5:59,6:64,7:75,8:96
GM|2|M1-MG_QT05-C0-R2|74|side=-1|cfg=T_YOU|kind=undefined|move=g2g0|hit=rand|slot=7|gap=108|depth=10|nodes=658983|legal=41|probs=cap=80,mcap=280,p=0.5,cls=normal,legal=41,accN=5,bandN=3,gaps=1:0,2:15,3:34,4:42,5:77,6:96,7:108,8:114,wouldBe=5,agap=108
GM|2|M1-MG_QT05-C0-R2|75|side=1|cfg=T_JIN|kind=undefined|move=a4a3|hit=cap|slot=4|gap=66|depth=10|nodes=613622|legal=46|probs=cap=80,mcap=280,p=0,cls=normal,legal=46,accN=4,bandN=4,gaps=1:0,2:26,3:27,4:66,5:94,6:99,7:99,8:137
GM|2|M1-MG_QT05-C0-R2|76|side=-1|cfg=T_YOU|kind=undefined|move=b3b7|hit=cap|slot=5|gap=70|depth=13|nodes=621204|legal=36|probs=cap=80,mcap=280,p=0.5,cls=normal,legal=36,accN=5,bandN=3,gaps=1:0,2:2,3:23,4:27,5:70,6:89,7:100,8:134
GM|2|M1-MG_QT05-C0-R2|77|side=1|cfg=T_JIN|kind=undefined|move=f5d5|hit=cap|slot=8|gap=33|depth=11|nodes=675529|legal=46|probs=cap=80,mcap=280,p=0,cls=normal,legal=46,accN=8,bandN=0,gaps=1:0,2:0,3:5,4:6,5:14,6:23,7:29,8:33
GM|2|M1-MG_QT05-C0-R2|78|side=-1|cfg=T_YOU|kind=undefined|move=b7b0|hit=rand|slot=8|gap=83|depth=13|nodes=635735|legal=38|probs=cap=80,mcap=280,p=0.5,cls=normal,legal=38,accN=7,bandN=1,gaps=1:0,2:11,3:9,4:22,5:52,6:75,7:79,8:83,wouldBe=7,agap=83
GM|2|M1-MG_QT05-C0-R2|79|side=1|cfg=T_JIN|kind=undefined|move=d5d7|hit=cap|slot=8|gap=78|depth=10|nodes=647052|legal=47|probs=cap=80,mcap=280,p=0,cls=normal,legal=47,accN=8,bandN=0,gaps=1:0,2:8,3:13,4:21,5:53,6:54,7:63,8:78
GM|2|M1-MG_QT05-C0-R2|80|side=-1|cfg=T_YOU|kind=undefined|move=g4g5|hit=cap|slot=2|gap=40|depth=13|nodes=653189|legal=35|probs=cap=80,mcap=280,p=0.5,cls=normal,legal=35,accN=2,bandN=6,gaps=1:0,2:40,3:99,4:129,5:136,6:138,7:147,8:184
GM|2|M1-MG_QT05-C0-R2|81|side=1|cfg=T_JIN|kind=undefined|move=a3b3|hit=cap|slot=8|gap=56|depth=12|nodes=607185|legal=41|probs=cap=80,mcap=280,p=0,cls=normal,legal=41,accN=8,bandN=0,gaps=1:0,2:1,3:8,4:28,5:33,6:37,7:44,8:56
GM|2|M1-MG_QT05-C0-R2|82|side=-1|cfg=T_YOU|kind=undefined|move=c1d1|hit=rand|slot=8|gap=115|depth=13|nodes=609362|legal=32|probs=cap=80,mcap=280,p=0.5,cls=normal,legal=32,accN=4,bandN=4,gaps=1:0,2:10,3:14,4:58,5:82,6:82,7:101,8:115,wouldBe=4,agap=115
GM|2|M1-MG_QT05-C0-R2|83|side=1|cfg=T_JIN|kind=undefined|move=e6c6|hit=cap|slot=7|gap=60|depth=13|nodes=674690|legal=42|probs=cap=80,mcap=280,p=0,cls=normal,legal=42,accN=7,bandN=1,gaps=1:0,2:17,3:22,4:23,5:56,6:59,7:60,8:83
GM|2|M1-MG_QT05-C0-R2|84|side=-1|cfg=T_YOU|kind=undefined|move=d1a1|hit=cap|slot=4|gap=46|depth=14|nodes=640468|legal=33|probs=cap=80,mcap=280,p=0.5,cls=normal,legal=33,accN=4,bandN=4,gaps=1:0,2:5,3:37,4:46,5:89,6:92,7:104,8:123
GM|2|M1-MG_QT05-C0-R2|85|side=1|cfg=T_JIN|kind=undefined|move=b3a3|hit=cap|slot=8|gap=78|depth=13|nodes=642739|legal=47|probs=cap=80,mcap=280,p=0,cls=normal,legal=47,accN=8,bandN=0,gaps=1:0,2:1,3:7,4:7,5:53,6:69,7:71,8:78
GM|2|M1-MG_QT05-C0-R2|86|side=-1|cfg=T_YOU|kind=undefined|move=g0g4|hit=rand|slot=5|gap=136|depth=12|nodes=679895|legal=36|probs=cap=80,mcap=280,p=0.5,cls=normal,legal=36,accN=2,bandN=6,gaps=1:0,2:5,3:105,4:127,5:136,6:143,7:151,8:129,wouldBe=2,agap=136
GM|2|M1-MG_QT05-C0-R2|87|side=1|cfg=T_JIN|kind=undefined|move=g9f9|hit=cap|slot=4|gap=46|depth=13|nodes=675404|legal=46|probs=cap=80,mcap=280,p=0,cls=normal,legal=46,accN=4,bandN=4,gaps=1:0,2:28,3:28,4:46,5:109,6:117,7:121,8:123
GM|2|M1-MG_QT05-C0-R2|88|side=-1|cfg=T_YOU|kind=undefined|move=f1g3|hit=rand|slot=7|gap=207|depth=13|nodes=654096|legal=40|probs=cap=80,mcap=280,p=0.5,cls=normal,legal=40,accN=2,bandN=6,gaps=1:0,2:15,3:100,4:150,5:167,6:182,7:207,8:199,wouldBe=2,agap=207
GM|2|M1-MG_QT05-C0-R2|89|side=1|cfg=T_JIN|kind=undefined|move=g7e6|hit=above|slot=1|gap=0|depth=13|nodes=678321|legal=52|probs=cap=80,mcap=280,p=0,cls=normal,legal=52,accN=1,bandN=7,gaps=1:0,2:172,3:176,4:147,5:181,6:188,7:195,8:195
GM|2|M1-MG_QT05-C0-R2|90|side=-1|cfg=T_YOU|kind=undefined|move=g4a4|hit=cap|slot=4|gap=77|depth=11|nodes=568437|legal=37|probs=cap=80,mcap=280,p=0.5,cls=normal,legal=37,accN=4,bandN=4,gaps=1:0,2:19,3:48,4:77,5:92,6:103,7:119,8:120
GM|2|M1-MG_QT05-C0-R2|91|side=1|cfg=T_JIN|kind=undefined|move=e7g5|hit=cap|slot=5|gap=49|depth=11|nodes=583608|legal=47|probs=cap=80,mcap=280,p=0,cls=normal,legal=47,accN=5,bandN=3,gaps=1:0,2:12,3:28,4:33,5:49,6:83,7:99,8:129
GM|2|M1-MG_QT05-C0-R2|92|side=-1|cfg=T_YOU|kind=undefined|move=a1c1|hit=bmiss|slot=8|gap=50|depth=11|nodes=571748|legal=41|probs=cap=80,mcap=280,p=0.5,cls=normal,legal=41,accN=8,bandN=0,gaps=1:0,2:13,3:0,4:0,5:7,6:14,7:15,8:50,band=0
GM|2|M1-MG_QT05-C0-R2|93|side=1|cfg=T_JIN|kind=undefined|move=c9a7|hit=cap|slot=2|gap=75|depth=14|nodes=657384|legal=53|probs=cap=80,mcap=280,p=0,cls=normal,legal=53,accN=2,bandN=0,gaps=1:0,2:75,3:365,4:390,5:393,6:421,7:460,8:588
GM|2|M1-MG_QT05-C0-R2|94|side=-1|cfg=T_YOU|kind=undefined|move=g3i4|hit=cap|slot=8|gap=55|depth=12|nodes=563699|legal=40|probs=cap=80,mcap=280,p=0.5,cls=normal,legal=40,accN=8,bandN=0,gaps=1:0,2:28,3:32,4:43,5:43,6:47,7:51,8:55
GM|2|M1-MG_QT05-C0-R2|95|side=1|cfg=T_JIN|kind=undefined|move=f9f4|hit=above|slot=1|gap=0|depth=12|nodes=586431|legal=51|probs=cap=80,mcap=280,p=0,cls=normal,legal=51,accN=1,bandN=7,gaps=1:0,2:107,3:132,4:133,5:151,6:167,7:179,8:213
GM|2|M1-MG_QT05-C0-R2|96|side=-1|cfg=T_YOU|kind=undefined|move=c1b1|hit=bmiss|slot=4|gap=41|depth=12|nodes=556990|legal=33|probs=cap=80,mcap=280,p=0.5,cls=normal,legal=33,accN=8,bandN=0,gaps=1:0,2:2,3:33,4:41,5:29,6:29,7:33,8:38,band=0
GM|2|M1-MG_QT05-C0-R2|97|side=1|cfg=T_JIN|kind=undefined|move=d7c7|hit=cap|slot=5|gap=78|depth=12|nodes=536779|legal=57|probs=cap=80,mcap=280,p=0,cls=normal,legal=57,accN=5,bandN=3,gaps=1:0,2:29,3:38,4:67,5:78,6:95,7:128,8:155
GM|2|M1-MG_QT05-C0-R2|98|side=-1|cfg=T_YOU|kind=undefined|move=e1f0|hit=bmiss|slot=8|gap=56|depth=12|nodes=588732|legal=27|probs=cap=80,mcap=280,p=0.5,cls=normal,legal=27,accN=8,bandN=0,gaps=1:0,2:2,3:11,4:17,5:16,6:29,7:48,8:56,band=0
GM|2|M1-MG_QT05-C0-R2|99|side=1|cfg=T_JIN|kind=undefined|move=f4b4|hit=cap|slot=6|gap=72|depth=12|nodes=536467|legal=50|probs=cap=80,mcap=280,p=0,cls=normal,legal=50,accN=6,bandN=2,gaps=1:0,2:37,3:40,4:51,5:70,6:72,7:136,8:168
GM|2|M1-MG_QT05-C0-R2|100|side=-1|cfg=T_YOU|kind=undefined|move=b1e1|hit=cap|slot=8|gap=68|depth=12|nodes=540564|legal=22|probs=cap=80,mcap=280,p=0.5,cls=normal,legal=22,accN=6,bandN=2,gaps=1:0,2:34,3:39,4:44,5:82,6:90,7:44,8:68
GM|2|M1-MG_QT05-C0-R2|101|side=1|cfg=T_JIN|kind=undefined|move=b4b0|hit=cap|slot=2|gap=77|depth=12|nodes=567225|legal=51|probs=cap=80,mcap=280,p=0,cls=normal,legal=51,accN=2,bandN=6,gaps=1:0,2:77,3:101,4:102,5:138,6:140,7:152,8:169
GM|2|M1-MG_QT05-C0-R2|102|side=-1|cfg=T_YOU|kind=undefined|move=c0a2|hit=rand|slot=2|gap=165|depth=13|nodes=598575|legal=26|probs=cap=80,mcap=280,p=0.5,cls=normal,legal=26,accN=1,bandN=2,gaps=1:0,2:165,3:170,4:301,5:356,6:379,7:330,8:333,wouldBe=1,agap=165
GM|2|M1-MG_QT05-C0-R2|103|side=1|cfg=T_JIN|kind=undefined|move=b0b4|hit=cap|slot=4|gap=78|depth=13|nodes=600334|legal=46|probs=cap=80,mcap=280,p=0,cls=normal,legal=46,accN=4,bandN=4,gaps=1:0,2:47,3:59,4:78,5:88,6:91,7:108,8:108
GM|2|M1-MG_QT05-C0-R2|104|side=-1|cfg=T_YOU|kind=undefined|move=e1f1|hit=rand|slot=8|gap=249|depth=13|nodes=573499|legal=19|probs=cap=80,mcap=280,p=0.5,cls=normal,legal=19,accN=1,bandN=7,gaps=1:0,2:102,3:118,4:143,5:167,6:220,7:248,8:249,wouldBe=1,agap=249
GM|2|M1-MG_QT05-C0-R2|105|side=1|cfg=T_JIN|kind=undefined|move=c7e7|hit=cap|slot=5|gap=41|depth=12|nodes=604475|legal=51|probs=cap=80,mcap=280,p=0,cls=normal,legal=51,accN=5,bandN=3,gaps=1:0,2:20,3:24,4:40,5:41,6:83,7:95,8:126
GM|2|M1-MG_QT05-C0-R2|106|side=-1|cfg=T_YOU|kind=undefined|move=i4g3|hit=cap|slot=7|gap=47|depth=12|nodes=559126|legal=28|probs=cap=80,mcap=280,p=0.5,cls=normal,legal=28,accN=8,bandN=0,gaps=1:0,2:13,3:42,4:41,5:42,6:46,7:47,8:47
GM|2|M1-MG_QT05-C0-R2|107|side=1|cfg=T_JIN|kind=undefined|move=a3a2|hit=cap|slot=5|gap=72|depth=11|nodes=564988|legal=51|probs=cap=80,mcap=280,p=0,cls=normal,legal=51,accN=5,bandN=3,gaps=1:0,2:20,3:31,4:36,5:72,6:99,7:125,8:97
GM|2|M1-MG_QT05-C0-R2|108|side=-1|cfg=T_YOU|kind=undefined|move=g3e4|hit=rand|slot=4|gap=138|depth=12|nodes=548356|legal=30|probs=cap=80,mcap=280,p=0.5,cls=normal,legal=30,accN=2,bandN=6,gaps=1:0,2:79,3:101,4:138,5:194,6:196,7:202,8:239,wouldBe=2,agap=138
GM|2|M1-MG_QT05-C0-R2|109|side=1|cfg=T_JIN|kind=undefined|move=c6c0|hit=cap|slot=4|gap=76|depth=11|nodes=555335|legal=47|probs=cap=80,mcap=280,p=0,cls=normal,legal=47,accN=4,bandN=4,gaps=1:0,2:24,3:49,4:76,5:83,6:85,7:90,8:133
GM|2|M1-MG_QT05-C0-R2|110|side=-1|cfg=T_YOU|kind=undefined|move=d0e1|hit=above|slot=1|gap=0|depth=14|nodes=537246|legal=2|probs=cap=80,mcap=280,p=0.5,cls=normal,legal=2,accN=1,bandN=1,gaps=1:0,2:226
GM|2|M1-MG_QT05-C0-R2|111|side=1|cfg=T_JIN|kind=undefined|move=b4a4|hit=cap|slot=8|gap=72|depth=12|nodes=569636|legal=48|probs=cap=80,mcap=280,p=0,cls=normal,legal=48,accN=8,bandN=0,gaps=1:0,2:2,3:8,4:0,5:0,6:53,7:58,8:72
GM|2|M1-MG_QT05-C0-R2|112|side=-1|cfg=T_YOU|kind=undefined|move=f1f8|hit=cap|slot=8|gap=47|depth=12|nodes=596559|legal=20|probs=cap=80,mcap=280,p=0.5,cls=normal,legal=20,accN=8,bandN=0,gaps=1:0,2:0,3:0,4:0,5:0,6:16,7:34,8:47
GM|2|M1-MG_QT05-C0-R2|113|side=1|cfg=T_JIN|kind=undefined|move=c0c6|hit=cap|slot=6|gap=79|depth=11|nodes=574008|legal=42|probs=cap=80,mcap=280,p=0,cls=normal,legal=42,accN=7,bandN=1,gaps=1:0,2:3,3:30,4:32,5:53,6:79,7:64,8:99
GM|2|M1-MG_QT05-C0-R2|114|side=-1|cfg=T_YOU|kind=undefined|move=f8f6|hit=above|slot=1|gap=0|depth=12|nodes=547222|legal=21|probs=cap=80,mcap=280,p=0.5,cls=normal,legal=21,accN=1,bandN=7,gaps=1:0,2:86,3:106,4:109,5:110,6:123,7:144,8:166
GM|2|M1-MG_QT05-C0-R2|115|side=1|cfg=T_JIN|kind=undefined|move=c6c5|hit=cap|slot=6|gap=75|depth=12|nodes=595749|legal=41|probs=cap=80,mcap=280,p=0,cls=normal,legal=41,accN=6,bandN=2,gaps=1:0,2:5,3:18,4:32,5:66,6:75,7:84,8:111
GM|2|M1-MG_QT05-C0-R2|116|side=-1|cfg=T_YOU|kind=undefined|move=f6f5|hit=cap|slot=5|gap=78|depth=11|nodes=596166|legal=20|probs=cap=80,mcap=280,p=0.5,cls=normal,legal=20,accN=5,bandN=3,gaps=1:0,2:46,3:67,4:74,5:78,6:89,7:122,8:137
GM|2|M1-MG_QT05-C0-R2|117|side=1|cfg=T_JIN|kind=undefined|move=e7e4|hit=cap|slot=5|gap=63|depth=12|nodes=582773|legal=40|probs=cap=80,mcap=280,p=0,cls=normal,legal=40,accN=6,bandN=2,gaps=1:0,2:40,3:54,4:57,5:63,6:63,7:99,8:124
GM|2|M1-MG_QT05-C0-R2|118|side=-1|cfg=T_YOU|kind=undefined|move=f5f1|hit=cap|slot=4|gap=65|depth=11|nodes=658615|legal=12|probs=cap=80,mcap=280,p=0.5,cls=normal,legal=12,accN=6,bandN=2,gaps=1:0,2:16,3:38,4:65,5:164,6:44,7:53,8:95
GM|2|M1-MG_QT05-C0-R2|119|side=1|cfg=T_JIN|kind=undefined|move=e4f4|hit=cap|slot=4|gap=38|depth=12|nodes=592124|legal=44|probs=cap=80,mcap=280,p=0,cls=normal,legal=44,accN=4,bandN=4,gaps=1:0,2:4,3:25,4:38,5:87,6:101,7:109,8:132
GM|2|M1-MG_QT05-C0-R2|120|side=-1|cfg=T_YOU|kind=undefined|move=f1i1|hit=cap|slot=4|gap=64|depth=12|nodes=669077|legal=10|probs=cap=80,mcap=280,p=0.5,cls=normal,legal=10,accN=4,bandN=4,gaps=1:0,2:18,3:40,4:64,5:94,6:98,7:103,8:105
GM|2|M1-MG_QT05-C0-R2|121|side=1|cfg=T_JIN|kind=undefined|move=a2b2|hit=cap|slot=2|gap=25|depth=12|nodes=620361|legal=50|probs=cap=80,mcap=280,p=0,cls=normal,legal=50,accN=2,bandN=6,gaps=1:0,2:25,3:95,4:134,5:139,6:142,7:144,8:213
GM|2|M1-MG_QT05-C0-R2|122|side=-1|cfg=T_YOU|kind=undefined|move=i1i4|hit=above|slot=1|gap=0|depth=11|nodes=600062|legal=17|probs=cap=80,mcap=280,p=0.5,cls=normal,legal=17,accN=1,bandN=2,gaps=1:0,2:352,3:163,4:276,5:310,6:404,7:536,8:592
GM|2|M1-MG_QT05-C0-R2|123|side=1|cfg=T_JIN|kind=undefined|move=a4a0|hit=above|slot=1|gap=0|depth=13|nodes=663664|legal=53|probs=cap=80,mcap=280,p=0,cls=normal,legal=53,accN=1,bandN=2,gaps=1:0,2:140,3:264,4:286,5:366,6:466,7:506,8:545
GM|2|M1-MG_QT05-C0-R2|124|side=-1|cfg=T_YOU|kind=undefined|move=e1d0|hit=above|slot=1|gap=0|depth=24|nodes=607054|legal=1|probs=cap=80,mcap=280,p=0.5,cls=normal,legal=1,accN=1,bandN=0,gaps=1:0
GM|2|M1-MG_QT05-C0-R2|125|side=1|cfg=T_JIN|kind=undefined|move=a0a3|hit=cap|slot=3|gap=80|depth=13|nodes=652044|legal=53|probs=cap=80,mcap=280,p=0,cls=normal,legal=53,accN=3,bandN=2,gaps=1:0,2:61,3:80,4:159,5:200,6:284,7:306,8:315
GM|2|M1-MG_QT05-C0-R2|126|side=-1|cfg=T_YOU|kind=undefined|move=e3e4|hit=rand|slot=5|gap=200|depth=17|nodes=608735|legal=15|probs=cap=80,mcap=280,p=0.5,cls=normal,legal=15,accN=7,bandN=1,gaps=1:0,2:0,3:0,4:0,5:200,6:0,7:0,8:0,wouldBe=1,agap=200
GM|2|M1-MG_QT05-C0-R2|127|side=1|cfg=T_JIN|kind=undefined|move=f4h4|hit=above|slot=1|gap=0|depth=15|nodes=628904|legal=53|probs=cap=80,mcap=280,p=0,cls=normal,legal=53,accN=2,bandN=0,gaps=1:0,2:0,3:96929,4:97163,5:97261,6:97317,7:97344,8:97365
GM|2|M1-MG_QT05-C0-R2|128|side=-1|cfg=T_YOU|kind=undefined|move=e0e1|hit=above|slot=1|gap=0|depth=42|nodes=989288|legal=13|probs=cap=80,mcap=280,p=0.5,cls=normal,legal=13,accN=8,bandN=0,gaps=1:0,2:0,3:0,4:0,5:0,6:0,7:0,8:0
GM|2|M1-MG_QT05-C0-R2|129|side=1|cfg=T_JIN|kind=undefined|move=a3a1|hit=above|slot=1|gap=0|depth=15|nodes=661309|legal=55|probs=cap=80,mcap=280,p=0,cls=normal,legal=55,accN=2,bandN=1,gaps=1:0,2:0,3:200,4:400,5:97629,6:97684,7:97701,8:97709
GM|2|M1-MG_QT05-C0-R2|130|side=-1|cfg=T_YOU|kind=undefined|move=e1e2|hit=above|slot=1|gap=0|depth=70|nodes=1899909|legal=2|probs=cap=80,mcap=280,p=0.5,cls=normal,legal=2,accN=2,bandN=0,gaps=1:0,2:0
GM|2|M1-MG_QT05-C0-R2|131|side=1|cfg=T_JIN|kind=undefined|move=e6d4|hit=above|slot=1|gap=0|depth=15|nodes=670002|legal=55|probs=cap=80,mcap=280,p=0,cls=normal,legal=55,accN=1,bandN=0,gaps=1:0,2:415,3:692,4:775,5:792,6:831,7:844,8:856
GM|2|M1-MG_QT05-C0-R2|132|side=-1|cfg=T_YOU|kind=undefined|move=e2f2|hit=bmiss|slot=1|gap=0|depth=245|nodes=1146273|legal=2|probs=cap=80,mcap=280,p=0.5,cls=normal,legal=2,accN=2,bandN=0,gaps=1:0,2:0,band=0
GM|2|M1-MG_QT05-C0-R2|133|side=1|cfg=T_JIN|kind=undefined|move=h4f4|hit=above|slot=1|gap=0|depth=16|nodes=632891|legal=54|probs=cap=80,mcap=280,p=0,cls=normal,legal=54,accN=1,bandN=1,gaps=1:0,2:200,3:300,4:300,5:400,6:400,7:500,8:1200
GM|2|M1-MG_QT05-C0-R2|134|side=-1|cfg=T_YOU|kind=undefined|move=e4e5|hit=above|slot=1|gap=0|depth=245|nodes=282864|legal=14|probs=cap=80,mcap=280,p=0.5,cls=normal,legal=14,accN=8,bandN=0,gaps=1:0,2:0,3:0,4:0,5:0,6:0,7:0,8:0
GM|2|M1-MG_QT05-C0-R2|135|side=1|cfg=T_JIN|kind=undefined|move=a1f1|hit=above|slot=1|gap=0|depth=12|nodes=592613|legal=54|probs=cap=0,mcap=700,p=0,cls=hard,legal=54,accN=1,bandN=0,gaps=1:0,2:900,3:98197,4:98286,5:98290,6:98325,7:98542,8:98597
GM|2|M1-MG_QT05-C0-R2|136|side=-1|cfg=T_YOU|kind=undefined|move=f2f1|hit=bmiss|slot=1|gap=0|depth=245|nodes=1963|legal=1|probs=cap=80,mcap=280,p=0.5,cls=normal,legal=1,accN=1,bandN=0,gaps=1:0,band=0
GM|2|M1-MG_QT05-C0-R2|137|side=1|cfg=T_JIN|kind=undefined|move=d4f3|hit=above|slot=1|gap=0|depth=11|nodes=627447|legal=41|probs=cap=0,mcap=700,p=0,cls=hard,legal=41,accN=1,bandN=0,gaps=1:0,2:98956,3:98960,4:98972,5:98978,6:98978,7:98988,8:99025
GE|2|M1-MG_QT05-C0-R2|END|winner=hi|reason=%E5%B0%86%E6%AD%BB|plies=137|tierMoves=137|invalid=0|crit=0|hiSide=-1|stats=T_JIN:n=69,rand=0,cap=57,above=12,bmiss=0,gapMean=50,gapMax=80;T_YOU:n=68,rand=12,cap=29,above=10,bmiss=17,gapMean=63,gapMax=249
PROG|2|M1-MG_QT05-C0-R2
G|2|M1-MG_QT10-C1-R2|START|pos=MG_QT10|pair=%E8%BF%9B%E9%98%B6_vs_%E4%B8%9A%E4%BD%99|hi=T_JIN|lo=T_YOU|hiFirst=1|fen=2bakc2r/4an3/c3b4/p6RC/2p1P1p2/9/P1n3P1P/2N3C1N/9/2BAKAB2 b - - 0 1
GM|2|M1-MG_QT10-C1-R2|1|side=1|cfg=T_YOU|kind=undefined|move=a7d7|hit=bmiss|slot=8|gap=59|depth=12|nodes=591765|legal=29|probs=cap=80,mcap=280,p=0.5,cls=normal,legal=29,accN=8,bandN=0,gaps=1:0,2:19,3:31,4:34,5:36,6:38,7:45,8:59,band=0
GM|2|M1-MG_QT10-C1-R2|2|side=-1|cfg=T_JIN|kind=undefined|move=g0e2|hit=cap|slot=8|gap=37|depth=12|nodes=555489|legal=45|probs=cap=80,mcap=280,p=0,cls=normal,legal=45,accN=8,bandN=0,gaps=1:0,2:7,3:10,4:9,5:19,6:21,7:22,8:37
GM|2|M1-MG_QT10-C1-R2|3|side=1|cfg=T_YOU|kind=undefined|move=a6a5|hit=bmiss|slot=8|gap=31|depth=13|nodes=606018|legal=33|probs=cap=80,mcap=280,p=0.5,cls=normal,legal=33,accN=8,bandN=0,gaps=1:0,2:2,3:11,4:12,5:12,6:13,7:17,8:31,band=0
GM|2|M1-MG_QT10-C1-R2|4|side=-1|cfg=T_JIN|kind=undefined|move=g2g0|hit=cap|slot=8|gap=73|depth=13|nodes=530949|legal=44|probs=cap=80,mcap=280,p=0,cls=normal,legal=44,accN=8,bandN=0,gaps=1:0,2:21,3:39,4:33,5:61,6:69,7:69,8:73
GM|2|M1-MG_QT10-C1-R2|5|side=1|cfg=T_YOU|kind=undefined|move=d7d2|hit=bmiss|slot=8|gap=43|depth=14|nodes=607639|legal=33|probs=cap=80,mcap=280,p=0.5,cls=normal,legal=33,accN=8,bandN=0,gaps=1:0,2:14,3:17,4:19,5:32,6:36,7:42,8:43,band=0
GM|2|M1-MG_QT10-C1-R2|6|side=-1|cfg=T_JIN|kind=undefined|move=i2g1|hit=cap|slot=8|gap=38|depth=13|nodes=601444|legal=41|probs=cap=80,mcap=280,p=0,cls=normal,legal=41,accN=8,bandN=0,gaps=1:0,2:16,3:16,4:26,5:33,6:36,7:34,8:38
GM|2|M1-MG_QT10-C1-R2|7|side=1|cfg=T_YOU|kind=undefined|move=a5a4|hit=rand|slot=7|gap=81|depth=10|nodes=563360|legal=31|probs=cap=80,mcap=280,p=0.5,cls=normal,legal=31,accN=7,bandN=1,gaps=1:0,2:32,3:36,4:40,5:40,6:58,7:81,8:66,wouldBe=8,agap=81
GM|2|M1-MG_QT10-C1-R2|8|side=-1|cfg=T_JIN|kind=undefined|move=d0e1|hit=cap|slot=7|gap=76|depth=13|nodes=585697|legal=40|probs=cap=80,mcap=280,p=0,cls=normal,legal=40,accN=7,bandN=1,gaps=1:0,2:0,3:30,4:31,5:43,6:65,7:76,8:84
GM|2|M1-MG_QT10-C1-R2|9|side=1|cfg=T_YOU|kind=undefined|move=d2d8|hit=cap|slot=4|gap=72|depth=12|nodes=620110|legal=32|probs=cap=80,mcap=280,p=0.5,cls=normal,legal=32,accN=4,bandN=1,gaps=1:0,2:28,3:66,4:72,5:107,6:434,7:447,8:432
GM|2|M1-MG_QT10-C1-R2|10|side=-1|cfg=T_JIN|kind=undefined|move=g0h0|hit=cap|slot=7|gap=59|depth=12|nodes=603767|legal=43|probs=cap=80,mcap=280,p=0,cls=normal,legal=43,accN=8,bandN=0,gaps=1:0,2:32,3:44,4:49,5:55,6:57,7:59,8:57
GM|2|M1-MG_QT10-C1-R2|11|side=1|cfg=T_YOU|kind=undefined|move=d8c8|hit=cap|slot=6|gap=80|depth=13|nodes=575690|legal=35|probs=cap=80,mcap=280,p=0.5,cls=normal,legal=35,accN=6,bandN=2,gaps=1:0,2:16,3:35,4:67,5:68,6:80,7:85,8:85
GM|2|M1-MG_QT10-C1-R2|12|side=-1|cfg=T_JIN|kind=undefined|move=h6c6|hit=cap|slot=8|gap=57|depth=13|nodes=538337|legal=48|probs=cap=80,mcap=280,p=0,cls=normal,legal=48,accN=8,bandN=0,gaps=1:0,2:0,3:2,4:13,5:37,6:39,7:54,8:57
GM|2|M1-MG_QT10-C1-R2|13|side=1|cfg=T_YOU|kind=undefined|move=i9i7|hit=bmiss|slot=8|gap=65|depth=12|nodes=538531|legal=28|probs=cap=80,mcap=280,p=0.5,cls=normal,legal=28,accN=8,bandN=0,gaps=1:0,2:5,3:23,4:25,5:28,6:56,7:41,8:65,band=0
GM|2|M1-MG_QT10-C1-R2|14|side=-1|cfg=T_JIN|kind=undefined|move=g1i2|hit=cap|slot=8|gap=59|depth=11|nodes=571941|legal=50|probs=cap=80,mcap=280,p=0,cls=normal,legal=50,accN=8,bandN=0,gaps=1:0,2:5,3:12,4:13,5:31,6:2,7:2,8:59
GM|2|M1-MG_QT10-C1-R2|15|side=1|cfg=T_YOU|kind=undefined|move=f9h9|hit=cap|slot=6|gap=79|depth=13|nodes=598658|legal=30|probs=cap=80,mcap=280,p=0.5,cls=normal,legal=30,accN=7,bandN=1,gaps=1:0,2:12,3:42,4:65,5:66,6:79,7:79,8:96
GM|2|M1-MG_QT10-C1-R2|16|side=-1|cfg=T_JIN|kind=undefined|move=h0h4|hit=cap|slot=7|gap=76|depth=12|nodes=628716|legal=46|probs=cap=80,mcap=280,p=0,cls=normal,legal=46,accN=7,bandN=1,gaps=1:0,2:32,3:50,4:36,5:73,6:74,7:76,8:82
GM|2|M1-MG_QT10-C1-R2|17|side=1|cfg=T_YOU|kind=undefined|move=c8c7|hit=rand|slot=8|gap=163|depth=13|nodes=638642|legal=34|probs=cap=80,mcap=280,p=0.5,cls=normal,legal=34,accN=3,bandN=5,gaps=1:0,2:4,3:25,4:85,5:90,6:141,7:144,8:163,wouldBe=3,agap=163
GM|2|M1-MG_QT10-C1-R2|18|side=-1|cfg=T_JIN|kind=undefined|move=h4h3|hit=cap|slot=2|gap=73|depth=11|nodes=618424|legal=51|probs=cap=80,mcap=280,p=0,cls=normal,legal=51,accN=2,bandN=6,gaps=1:0,2:73,3:97,4:108,5:109,6:117,7:134,8:135
GM|2|M1-MG_QT10-C1-R2|19|side=1|cfg=T_YOU|kind=undefined|move=c3e4|hit=cap|slot=2|gap=11|depth=14|nodes=623942|legal=35|probs=cap=80,mcap=280,p=0.5,cls=normal,legal=35,accN=2,bandN=5,gaps=1:0,2:11,3:184,4:259,5:262,6:265,7:279,8:282
GM|2|M1-MG_QT10-C1-R2|20|side=-1|cfg=T_JIN|kind=undefined|move=i3i4|hit=cap|slot=3|gap=60|depth=12|nodes=648935|legal=46|probs=cap=80,mcap=280,p=0,cls=normal,legal=46,accN=3,bandN=5,gaps=1:0,2:56,3:60,4:108,5:115,6:115,7:117,8:120
GM|2|M1-MG_QT10-C1-R2|21|side=1|cfg=T_YOU|kind=undefined|move=c7c8|hit=cap|slot=6|gap=80|depth=14|nodes=613832|legal=34|probs=cap=80,mcap=280,p=0.5,cls=normal,legal=34,accN=6,bandN=2,gaps=1:0,2:37,3:38,4:46,5:34,6:80,7:81,8:115
GM|2|M1-MG_QT10-C1-R2|22|side=-1|cfg=T_JIN|kind=undefined|move=i6i5|hit=cap|slot=7|gap=80|depth=12|nodes=613707|legal=48|probs=cap=80,mcap=280,p=0,cls=normal,legal=48,accN=7,bandN=1,gaps=1:0,2:8,3:10,4:36,5:53,6:54,7:80,8:81
GM|2|M1-MG_QT10-C1-R2|23|side=1|cfg=T_YOU|kind=undefined|move=c8b8|hit=cap|slot=2|gap=7|depth=14|nodes=634963|legal=35|probs=cap=80,mcap=280,p=0.5,cls=normal,legal=35,accN=2,bandN=6,gaps=1:0,2:7,3:100,4:111,5:191,6:201,7:216,8:248
GM|2|M1-MG_QT10-C1-R2|24|side=-1|cfg=T_JIN|kind=undefined|move=c6a6|hit=cap|slot=5|gap=77|depth=12|nodes=704665|legal=45|probs=cap=80,mcap=280,p=0,cls=normal,legal=45,accN=5,bandN=3,gaps=1:0,2:1,3:28,4:64,5:77,6:83,7:90,8:95
GM|2|M1-MG_QT10-C1-R2|25|side=1|cfg=T_YOU|kind=undefined|move=i7h7|hit=rand|slot=8|gap=147|depth=14|nodes=606510|legal=42|probs=cap=80,mcap=280,p=0.5,cls=normal,legal=42,accN=7,bandN=1,gaps=1:0,2:26,3:31,4:40,5:43,6:54,7:76,8:147,wouldBe=7,agap=147
GM|2|M1-MG_QT10-C1-R2|26|side=-1|cfg=T_JIN|kind=undefined|move=h3h9|hit=above|slot=1|gap=0|depth=14|nodes=658576|legal=48|probs=cap=80,mcap=280,p=0,cls=normal,legal=48,accN=1,bandN=3,gaps=1:0,2:154,3:212,4:215,5:339,6:485,7:530,8:541
GM|2|M1-MG_QT10-C1-R2|27|side=1|cfg=T_YOU|kind=undefined|move=f8h9|hit=cap|slot=2|gap=38|depth=14|nodes=576103|legal=38|probs=cap=80,mcap=280,p=0.5,cls=normal,legal=38,accN=2,bandN=0,gaps=1:0,2:38,3:337,4:345,5:346,6:346,7:552,8:614
GM|2|M1-MG_QT10-C1-R2|28|side=-1|cfg=T_JIN|kind=undefined|move=a6a8|hit=cap|slot=2|gap=3|depth=13|nodes=673923|legal=40|probs=cap=80,mcap=280,p=0,cls=normal,legal=40,accN=2,bandN=6,gaps=1:0,2:3,3:98,4:98,5:104,6:111,7:127,8:112
GM|2|M1-MG_QT10-C1-R2|29|side=1|cfg=T_YOU|kind=undefined|move=c5c4|hit=rand|slot=8|gap=220|depth=12|nodes=617449|legal=38|probs=cap=80,mcap=280,p=0.5,cls=normal,legal=38,accN=7,bandN=1,gaps=1:0,2:3,3:2,4:39,5:53,6:56,7:66,8:220,wouldBe=7,agap=220
GM|2|M1-MG_QT10-C1-R2|30|side=-1|cfg=T_JIN|kind=undefined|move=a8b8|hit=above|slot=1|gap=0|depth=13|nodes=677643|legal=33|probs=cap=80,mcap=280,p=0,cls=normal,legal=33,accN=1,bandN=0,gaps=1:0,2:332,3:349,4:365,5:386,6:392,7:384,8:387
GM|2|M1-MG_QT10-C1-R2|31|side=1|cfg=T_YOU|kind=undefined|move=h7h1|hit=cap|slot=8|gap=67|depth=12|nodes=543053|legal=31|probs=cap=80,mcap=280,p=0.5,cls=normal,legal=31,accN=8,bandN=0,gaps=1:0,2:6,3:33,4:40,5:44,6:53,7:60,8:67
GM|2|M1-MG_QT10-C1-R2|32|side=-1|cfg=T_JIN|kind=undefined|move=e5e6|hit=cap|slot=4|gap=74|depth=13|nodes=566578|legal=40|probs=cap=80,mcap=280,p=0,cls=normal,legal=40,accN=7,bandN=1,gaps=1:0,2:63,3:70,4:74,5:91,6:20,7:36,8:60
GM|2|M1-MG_QT10-C1-R2|33|side=1|cfg=T_YOU|kind=undefined|move=h9i7|hit=bmiss|slot=8|gap=57|depth=13|nodes=558774|legal=34|probs=cap=80,mcap=280,p=0.5,cls=normal,legal=34,accN=8,bandN=0,gaps=1:0,2:26,3:26,4:30,5:37,6:41,7:50,8:57,band=0
GM|2|M1-MG_QT10-C1-R2|34|side=-1|cfg=T_JIN|kind=undefined|move=b8b5|hit=cap|slot=8|gap=60|depth=13|nodes=602854|legal=37|probs=cap=80,mcap=280,p=0,cls=normal,legal=37,accN=8,bandN=0,gaps=1:0,2:1,3:13,4:37,5:40,6:52,7:54,8:60
GM|2|M1-MG_QT10-C1-R2|35|side=1|cfg=T_YOU|kind=undefined|move=a4a3|hit=rand|slot=8|gap=85|depth=12|nodes=562791|legal=37|probs=cap=80,mcap=280,p=0.5,cls=normal,legal=37,accN=7,bandN=1,gaps=1:0,2:14,3:17,4:43,5:63,6:64,7:66,8:85,wouldBe=7,agap=85
GM|2|M1-MG_QT10-C1-R2|36|side=-1|cfg=T_JIN|kind=undefined|move=e2g0|hit=cap|slot=7|gap=71|depth=13|nodes=579437|legal=39|probs=cap=80,mcap=280,p=0,cls=normal,legal=39,accN=7,bandN=1,gaps=1:0,2:25,3:32,4:38,5:48,6:63,7:71,8:93
GM|2|M1-MG_QT10-C1-R2|37|side=1|cfg=T_YOU|kind=undefined|move=i7h5|hit=bmiss|slot=8|gap=42|depth=13|nodes=540232|legal=37|probs=cap=80,mcap=280,p=0.5,cls=normal,legal=37,accN=8,bandN=0,gaps=1:0,2:9,3:25,4:25,5:33,6:35,7:37,8:42,band=0
GM|2|M1-MG_QT10-C1-R2|38|side=-1|cfg=T_JIN|kind=undefined|move=g3g4|hit=cap|slot=8|gap=47|depth=13|nodes=550457|legal=41|probs=cap=80,mcap=280,p=0,cls=normal,legal=41,accN=8,bandN=0,gaps=1:0,2:12,3:14,4:34,5:39,6:39,7:43,8:47
GM|2|M1-MG_QT10-C1-R2|39|side=1|cfg=T_YOU|kind=undefined|move=a3a2|hit=bmiss|slot=8|gap=80|depth=12|nodes=414967|legal=32|probs=cap=80,mcap=280,p=0.5,cls=normal,legal=32,accN=8,bandN=0,gaps=1:0,2:14,3:35,4:46,5:62,6:70,7:74,8:80,band=0
GM|2|M1-MG_QT10-C1-R2|40|side=-1|cfg=T_JIN|kind=undefined|move=c0e2|hit=cap|slot=7|gap=75|depth=12|nodes=555102|legal=42|probs=cap=80,mcap=280,p=0,cls=normal,legal=42,accN=7,bandN=1,gaps=1:0,2:21,3:27,4:35,5:54,6:64,7:75,8:101
GM|2|M1-MG_QT10-C1-R2|41|side=1|cfg=T_YOU|kind=undefined|move=a2a1|hit=cap|slot=8|gap=51|depth=12|nodes=532757|legal=32|probs=cap=80,mcap=280,p=0.5,cls=normal,legal=32,accN=8,bandN=0,gaps=1:0,2:1,3:9,4:13,5:16,6:47,7:48,8:51
GM|2|M1-MG_QT10-C1-R2|42|side=-1|cfg=T_JIN|kind=undefined|move=b5d5|hit=cap|slot=7|gap=69|depth=12|nodes=530289|legal=41|probs=cap=80,mcap=280,p=0,cls=normal,legal=41,accN=6,bandN=2,gaps=1:0,2:18,3:26,4:44,5:60,6:101,7:69,8:81
GM|2|M1-MG_QT10-C1-R2|43|side=1|cfg=T_YOU|kind=undefined|move=h5g3|hit=bmiss|slot=8|gap=75|depth=12|nodes=553111|legal=32|probs=cap=80,mcap=280,p=0.5,cls=normal,legal=32,accN=8,bandN=0,gaps=1:0,2:31,3:37,4:57,5:68,6:72,7:72,8:75,band=0
GM|2|M1-MG_QT10-C1-R2|44|side=-1|cfg=T_JIN|kind=undefined|move=c2e3|hit=cap|slot=3|gap=54|depth=12|nodes=563601|legal=41|probs=cap=80,mcap=280,p=0,cls=normal,legal=41,accN=5,bandN=3,gaps=1:0,2:25,3:54,4:39,5:48,6:88,7:96,8:128
GM|2|M1-MG_QT10-C1-R2|45|side=1|cfg=T_YOU|kind=undefined|move=c4d4|hit=bmiss|slot=8|gap=68|depth=12|nodes=531806|legal=34|probs=cap=80,mcap=280,p=0.5,cls=normal,legal=34,accN=8,bandN=0,gaps=1:0,2:7,3:9,4:35,5:0,6:46,7:55,8:68,band=0
GM|2|M1-MG_QT10-C1-R2|46|side=-1|cfg=T_JIN|kind=undefined|move=e6e7|hit=cap|slot=4|gap=66|depth=13|nodes=560103|legal=33|probs=cap=80,mcap=280,p=0,cls=normal,legal=33,accN=4,bandN=4,gaps=1:0,2:21,3:54,4:66,5:95,6:116,7:118,8:118
GM|2|M1-MG_QT10-C1-R2|47|side=1|cfg=T_YOU|kind=undefined|move=g5g4|hit=cap|slot=4|gap=70|depth=13|nodes=569093|legal=30|probs=cap=80,mcap=280,p=0.5,cls=normal,legal=30,accN=3,bandN=5,gaps=1:0,2:86,3:62,4:70,5:84,6:87,7:93,8:95
GM|2|M1-MG_QT10-C1-R2|48|side=-1|cfg=T_JIN|kind=undefined|move=e7d7|hit=cap|slot=7|gap=65|depth=13|nodes=571336|legal=38|probs=cap=80,mcap=280,p=0,cls=normal,legal=38,accN=7,bandN=1,gaps=1:0,2:9,3:44,4:45,5:53,6:53,7:65,8:97
GM|2|M1-MG_QT10-C1-R2|49|side=1|cfg=T_YOU|kind=undefined|move=h1h7|hit=cap|slot=8|gap=57|depth=12|nodes=562930|legal=32|probs=cap=80,mcap=280,p=0.5,cls=normal,legal=32,accN=8,bandN=0,gaps=1:0,2:38,3:42,4:43,5:56,6:42,7:48,8:57
GM|2|M1-MG_QT10-C1-R2|50|side=-1|cfg=T_JIN|kind=undefined|move=d5d4|hit=cap|slot=6|gap=78|depth=14|nodes=577440|legal=35|probs=cap=80,mcap=280,p=0,cls=normal,legal=35,accN=6,bandN=2,gaps=1:0,2:5,3:13,4:54,5:71,6:78,7:91,8:92
GM|2|M1-MG_QT10-C1-R2|51|side=1|cfg=T_YOU|kind=undefined|move=h7h5|hit=rand|slot=7|gap=153|depth=13|nodes=587789|legal=32|probs=cap=80,mcap=280,p=0.5,cls=normal,legal=32,accN=2,bandN=6,gaps=1:0,2:64,3:127,4:144,5:143,6:153,7:153,8:159,wouldBe=2,agap=153
GM|2|M1-MG_QT10-C1-R2|52|side=-1|cfg=T_JIN|kind=undefined|move=d7d8|hit=cap|slot=3|gap=32|depth=13|nodes=599334|legal=32|probs=cap=80,mcap=280,p=0,cls=normal,legal=32,accN=3,bandN=5,gaps=1:0,2:15,3:32,4:104,5:106,6:122,7:133,8:134
GM|2|M1-MG_QT10-C1-R2|53|side=1|cfg=T_YOU|kind=undefined|move=g3h1|hit=bmiss|slot=8|gap=73|depth=13|nodes=551396|legal=34|probs=cap=80,mcap=280,p=0.5,cls=normal,legal=34,accN=8,bandN=0,gaps=1:0,2:14,3:19,4:35,5:37,6:38,7:62,8:73,band=0
GM|2|M1-MG_QT10-C1-R2|54|side=-1|cfg=T_JIN|kind=undefined|move=d8d9|hit=cap|slot=3|gap=39|depth=12|nodes=584604|legal=33|probs=cap=80,mcap=280,p=0,cls=normal,legal=33,accN=3,bandN=5,gaps=1:0,2:20,3:39,4:105,5:152,6:194,7:213,8:247
GM|2|M1-MG_QT10-C1-R2|55|side=1|cfg=T_YOU|kind=undefined|move=e9f9|hit=cap|slot=2|gap=43|depth=15|nodes=555749|legal=2|probs=cap=80,mcap=280,p=0.5,cls=normal,legal=2,accN=2,bandN=0,gaps=1:0,2:43
GM|2|M1-MG_QT10-C1-R2|56|side=-1|cfg=T_JIN|kind=undefined|move=d4e4|hit=cap|slot=2|gap=2|depth=12|nodes=566172|legal=33|probs=cap=80,mcap=280,p=0,cls=normal,legal=33,accN=2,bandN=6,gaps=1:0,2:2,3:135,4:166,5:238,6:238,7:248,8:260
GM|2|M1-MG_QT10-C1-R2|57|side=1|cfg=T_YOU|kind=undefined|move=e8f7|hit=cap|slot=4|gap=76|depth=12|nodes=570734|legal=30|probs=cap=80,mcap=280,p=0.5,cls=normal,legal=30,accN=4,bandN=3,gaps=1:0,2:24,3:40,4:76,5:105,6:165,7:171,8:283
GM|2|M1-MG_QT10-C1-R2|58|side=-1|cfg=T_JIN|kind=undefined|move=e4e9|hit=cap|slot=2|gap=1|depth=12|nodes=610311|legal=32|probs=cap=80,mcap=280,p=0,cls=normal,legal=32,accN=2,bandN=6,gaps=1:0,2:1,3:166,4:211,5:215,6:218,7:220,8:229
GM|2|M1-MG_QT10-C1-R2|59|side=1|cfg=T_YOU|kind=undefined|move=f9f8|hit=bmiss|slot=1|gap=0|depth=11|nodes=582529|legal=1|probs=cap=80,mcap=280,p=0.5,cls=normal,legal=1,accN=1,bandN=0,gaps=1:0,band=0
GM|2|M1-MG_QT10-C1-R2|60|side=-1|cfg=T_JIN|kind=undefined|move=e3g4|hit=above|slot=1|gap=0|depth=13|nodes=571694|legal=31|probs=cap=80,mcap=280,p=0,cls=normal,legal=31,accN=1,bandN=3,gaps=1:0,2:256,3:256,4:267,5:298,6:313,7:320,8:327
GM|2|M1-MG_QT10-C1-R2|61|side=1|cfg=T_YOU|kind=undefined|move=a1b1|hit=cap|slot=7|gap=77|depth=11|nodes=680450|legal=24|probs=cap=80,mcap=280,p=0.5,cls=normal,legal=24,accN=6,bandN=2,gaps=1:0,2:95,3:8,4:27,5:39,6:62,7:77,8:96
GM|2|M1-MG_QT10-C1-R2|62|side=-1|cfg=T_JIN|kind=undefined|move=i2h4|hit=above|slot=1|gap=0|depth=13|nodes=671801|legal=32|probs=cap=80,mcap=280,p=0,cls=normal,legal=32,accN=1,bandN=3,gaps=1:0,2:137,3:143,4:227,5:355,6:499,7:512,8:514
GM|2|M1-MG_QT10-C1-R2|63|side=1|cfg=T_YOU|kind=undefined|move=c9e7|hit=bmiss|slot=1|gap=0|depth=21|nodes=741710|legal=23|probs=cap=80,mcap=280,p=0.5,cls=normal,legal=23,accN=8,bandN=0,gaps=1:0,2:0,3:0,4:0,5:0,6:0,7:0,8:0,band=0
GM|2|M1-MG_QT10-C1-R2|64|side=-1|cfg=T_JIN|kind=undefined|move=g4e5|hit=above|slot=1|gap=0|depth=14|nodes=669046|legal=25|probs=cap=0,mcap=700,p=0,cls=hard,legal=25,accN=1,bandN=0,gaps=1:0,2:97396,3:97844,4:97896,5:98085,6:98228,7:98396,8:98438
GM|2|M1-MG_QT10-C1-R2|65|side=1|cfg=T_YOU|kind=undefined|move=h1f2|hit=above|slot=1|gap=0|depth=46|nodes=1248143|legal=20|probs=cap=80,mcap=280,p=0.5,cls=normal,legal=20,accN=8,bandN=0,gaps=1:0,2:0,3:0,4:0,5:0,6:0,7:0,8:0
GM|2|M1-MG_QT10-C1-R2|66|side=-1|cfg=T_JIN|kind=undefined|move=e1f2|hit=above|slot=1|gap=0|depth=65|nodes=1744083|legal=2|probs=cap=80,mcap=280,p=0,cls=normal,legal=2,accN=2,bandN=0,gaps=1:0,2:0
GM|2|M1-MG_QT10-C1-R2|67|side=1|cfg=T_YOU|kind=undefined|move=h5h7|hit=above|slot=1|gap=0|depth=86|nodes=2151584|legal=16|probs=cap=80,mcap=280,p=0.5,cls=normal,legal=16,accN=8,bandN=0,gaps=1:0,2:0,3:0,4:0,5:0,6:0,7:0,8:0
GM|2|M1-MG_QT10-C1-R2|68|side=-1|cfg=T_JIN|kind=undefined|move=e9e7|hit=above|slot=1|gap=0|depth=35|nodes=959883|legal=36|probs=cap=80,mcap=280,p=0,cls=normal,legal=36,accN=2,bandN=6,gaps=1:0,2:0,3:100,4:100,5:100,6:100,7:100,8:200
GM|2|M1-MG_QT10-C1-R2|69|side=1|cfg=T_YOU|kind=undefined|move=f7e8|hit=bmiss|slot=1|gap=0|depth=245|nodes=2265471|legal=12|probs=cap=80,mcap=280,p=0.5,cls=normal,legal=12,accN=8,bandN=0,gaps=1:0,2:0,3:0,4:0,5:0,6:0,7:0,8:0,band=0
GM|2|M1-MG_QT10-C1-R2|70|side=-1|cfg=T_JIN|kind=undefined|move=h4g6|hit=above|slot=1|gap=0|depth=16|nodes=738390|legal=40|probs=cap=80,mcap=280,p=0,cls=normal,legal=40,accN=3,bandN=1,gaps=1:0,2:0,3:0,4:200,5:500,6:500,7:800,8:97741
GM|2|M1-MG_QT10-C1-R2|71|side=1|cfg=T_YOU|kind=undefined|move=h7g7|hit=bmiss|slot=1|gap=0|depth=245|nodes=159262|legal=2|probs=cap=80,mcap=280,p=0.5,cls=normal,legal=2,accN=2,bandN=0,gaps=1:0,2:0,band=0
GM|2|M1-MG_QT10-C1-R2|72|side=-1|cfg=T_JIN|kind=undefined|move=i5f5|hit=above|slot=1|gap=0|depth=88|nodes=2263062|legal=35|probs=cap=80,mcap=280,p=0,cls=normal,legal=35,accN=1,bandN=7,gaps=1:0,2:100,3:200,4:200,5:200,6:200,7:200,8:200
GM|2|M1-MG_QT10-C1-R2|73|side=1|cfg=T_YOU|kind=undefined|move=g7g6|hit=above|slot=1|gap=0|depth=245|nodes=58111|legal=8|probs=cap=80,mcap=280,p=0.5,cls=normal,legal=8,accN=8,bandN=0,gaps=1:0,2:0,3:0,4:0,5:0,6:0,7:0,8:0
GM|2|M1-MG_QT10-C1-R2|74|side=-1|cfg=T_JIN|kind=undefined|move=e7f7|hit=above|slot=1|gap=0|depth=30|nodes=865496|legal=34|probs=cap=80,mcap=280,p=0,cls=normal,legal=34,accN=1,bandN=0,gaps=1:0,2:300,3:300,4:300,5:300,6:300,7:400,8:500
GE|2|M1-MG_QT10-C1-R2|END|winner=hi|reason=%E5%B0%86%E6%AD%BB|plies=74|tierMoves=74|invalid=0|crit=0|hiSide=1|stats=T_YOU:n=37,rand=6,cap=14,above=3,bmiss=14,gapMean=61,gapMax=220;T_JIN:n=37,rand=0,cap=27,above=10,bmiss=0,gapMean=41,gapMax=80
PROG|2|M1-MG_QT10-C1-R2
G|2|M2-MG_QT10-C0-R2|START|pos=MG_QT10|pair=%E9%AB%98%E6%89%8B_vs_%E8%BF%9B%E9%98%B6|hi=T_GAO|lo=T_JIN|hiFirst=0|fen=2bakc2r/4an3/c3b4/p6RC/2p1P1p2/9/P1n3P1P/2N3C1N/9/2BAKAB2 b - - 0 1
GM|2|M2-MG_QT10-C0-R2|1|side=1|cfg=T_GAO|kind=undefined|move=i9g9|hit=rand|slot=6|gap=49|depth=11|nodes=552379|legal=29|probs=cap=25,mcap=225,p=0.1,cls=normal,legal=29,accN=3,bandN=5,gaps=1:0,2:21,3:24,4:29,5:37,6:49,7:41,8:43,wouldBe=3,agap=49
GM|2|M2-MG_QT10-C0-R2|2|side=-1|cfg=T_JIN|kind=undefined|move=g3g4|hit=cap|slot=6|gap=54|depth=13|nodes=519668|legal=46|probs=cap=80,mcap=280,p=0,cls=normal,legal=46,accN=8,bandN=0,gaps=1:0,2:18,3:19,4:20,5:35,6:54,7:54,8:45
GM|2|M2-MG_QT10-C0-R2|3|side=1|cfg=T_GAO|kind=undefined|move=g9i9|hit=above|slot=1|gap=0|depth=12|nodes=547857|legal=27|probs=cap=25,mcap=225,p=0.1,cls=normal,legal=27,accN=1,bandN=7,gaps=1:0,2:34,3:42,4:43,5:69,6:84,7:86,8:85
GM|2|M2-MG_QT10-C0-R2|4|side=-1|cfg=T_JIN|kind=undefined|move=f0e1|hit=cap|slot=8|gap=28|depth=12|nodes=530423|legal=47|probs=cap=80,mcap=280,p=0,cls=normal,legal=47,accN=8,bandN=0,gaps=1:0,2:3,3:11,4:12,5:12,6:16,7:16,8:28
GM|2|M2-MG_QT10-C0-R2|5|side=1|cfg=T_GAO|kind=undefined|move=f9g9|hit=cap|slot=2|gap=10|depth=13|nodes=595615|legal=28|probs=cap=25,mcap=225,p=0.1,cls=normal,legal=28,accN=2,bandN=6,gaps=1:0,2:10,3:35,4:47,5:66,6:90,7:115,8:141
GM|2|M2-MG_QT10-C0-R2|6|side=-1|cfg=T_JIN|kind=undefined|move=h6c6|hit=cap|slot=8|gap=22|depth=13|nodes=574776|legal=47|probs=cap=80,mcap=280,p=0,cls=normal,legal=47,accN=8,bandN=0,gaps=1:0,2:2,3:0,4:0,5:2,6:8,7:19,8:22
GM|2|M2-MG_QT10-C0-R2|7|side=1|cfg=T_GAO|kind=undefined|move=f8h7|hit=cap|slot=4|gap=25|depth=12|nodes=586897|legal=33|probs=cap=25,mcap=225,p=0.1,cls=normal,legal=33,accN=4,bandN=4,gaps=1:0,2:12,3:16,4:25,5:26,6:27,7:30,8:39
GM|2|M2-MG_QT10-C0-R2|8|side=-1|cfg=T_JIN|kind=undefined|move=c6g6|hit=cap|slot=8|gap=46|depth=13|nodes=598450|legal=47|probs=cap=80,mcap=280,p=0,cls=normal,legal=47,accN=8,bandN=0,gaps=1:0,2:16,3:23,4:28,5:32,6:41,7:44,8:46
GM|2|M2-MG_QT10-C0-R2|9|side=1|cfg=T_GAO|kind=undefined|move=g5g4|hit=above|slot=1|gap=0|depth=12|nodes=605525|legal=30|probs=cap=25,mcap=225,p=0.1,cls=normal,legal=30,accN=1,bandN=7,gaps=1:0,2:33,3:43,4:45,5:60,6:52,7:53,8:73
GM|2|M2-MG_QT10-C0-R2|10|side=-1|cfg=T_JIN|kind=undefined|move=e5e6|hit=cap|slot=7|gap=71|depth=13|nodes=607473|legal=42|probs=cap=80,mcap=280,p=0,cls=normal,legal=42,accN=7,bandN=1,gaps=1:0,2:4,3:21,4:21,5:38,6:55,7:71,8:86
GM|2|M2-MG_QT10-C0-R2|11|side=1|cfg=T_GAO|kind=undefined|move=h7i5|hit=above|slot=1|gap=0|depth=15|nodes=703743|legal=34|probs=cap=25,mcap=225,p=0.1,cls=normal,legal=34,accN=1,bandN=7,gaps=1:0,2:62,3:90,4:106,5:108,6:134,7:136,8:142
GM|2|M2-MG_QT10-C0-R2|12|side=-1|cfg=T_JIN|kind=undefined|move=g6h6|hit=above|slot=1|gap=0|depth=16|nodes=662748|legal=34|probs=cap=80,mcap=280,p=0,cls=normal,legal=34,accN=1,bandN=1,gaps=1:0,2:85,3:296,4:423,5:561,6:590,7:603,8:611
GM|2|M2-MG_QT10-C0-R2|13|side=1|cfg=T_GAO|kind=undefined|move=g9g2|hit=above|slot=1|gap=0|depth=14|nodes=665336|legal=35|probs=cap=25,mcap=225,p=0.1,cls=normal,legal=35,accN=1,bandN=7,gaps=1:0,2:71,3:111,4:126,5:138,6:139,7:148,8:163
GM|2|M2-MG_QT10-C0-R2|14|side=-1|cfg=T_JIN|kind=undefined|move=i3i4|hit=above|slot=1|gap=0|depth=13|nodes=625642|legal=31|probs=cap=80,mcap=280,p=0,cls=normal,legal=31,accN=1,bandN=2,gaps=1:0,2:154,3:160,4:288,5:295,6:328,7:329,8:333
GM|2|M2-MG_QT10-C0-R2|15|side=1|cfg=T_GAO|kind=undefined|move=a7c7|hit=cap|slot=2|gap=20|depth=13|nodes=711510|legal=36|probs=cap=25,mcap=225,p=0.1,cls=normal,legal=36,accN=2,bandN=6,gaps=1:0,2:20,3:31,4:74,5:75,6:85,7:87,8:110
GM|2|M2-MG_QT10-C0-R2|16|side=-1|cfg=T_JIN|kind=undefined|move=i4i5|hit=cap|slot=3|gap=43|depth=14|nodes=681270|legal=32|probs=cap=80,mcap=280,p=0,cls=normal,legal=32,accN=3,bandN=1,gaps=1:0,2:39,3:43,4:219,5:319,6:332,7:357,8:358
GM|2|M2-MG_QT10-C0-R2|17|side=1|cfg=T_GAO|kind=undefined|move=c3d5|hit=above|slot=1|gap=0|depth=14|nodes=671080|legal=35|probs=cap=25,mcap=225,p=0.1,cls=normal,legal=35,accN=1,bandN=7,gaps=1:0,2:90,3:91,4:116,5:144,6:144,7:146,8:152
GM|2|M2-MG_QT10-C0-R2|18|side=-1|cfg=T_JIN|kind=undefined|move=c2a1|hit=above|slot=1|gap=0|depth=13|nodes=649798|legal=34|probs=cap=80,mcap=280,p=0,cls=normal,legal=34,accN=2,bandN=6,gaps=1:0,2:0,3:85,4:90,5:131,6:168,7:172,8:180
GM|2|M2-MG_QT10-C0-R2|19|side=1|cfg=T_GAO|kind=undefined|move=c5c4|hit=above|slot=1|gap=0|depth=12|nodes=607267|legal=37|probs=cap=25,mcap=225,p=0.1,cls=normal,legal=37,accN=1,bandN=7,gaps=1:0,2:72,3:76,4:66,5:87,6:102,7:105,8:115
GM|2|M2-MG_QT10-C0-R2|20|side=-1|cfg=T_JIN|kind=undefined|move=h6h3|hit=cap|slot=7|gap=70|depth=11|nodes=635142|legal=31|probs=cap=80,mcap=280,p=0,cls=normal,legal=31,accN=7,bandN=1,gaps=1:0,2:28,3:29,4:30,5:41,6:52,7:70,8:109
GM|2|M2-MG_QT10-C0-R2|21|side=1|cfg=T_GAO|kind=undefined|move=i9g9|hit=cap|slot=3|gap=19|depth=12|nodes=571210|legal=43|probs=cap=25,mcap=225,p=0.1,cls=normal,legal=43,accN=3,bandN=5,gaps=1:0,2:11,3:19,4:44,5:65,6:80,7:92,8:94
GM|2|M2-MG_QT10-C0-R2|22|side=-1|cfg=T_JIN|kind=undefined|move=e1f0|hit=cap|slot=7|gap=69|depth=11|nodes=605341|legal=41|probs=cap=80,mcap=280,p=0,cls=normal,legal=41,accN=8,bandN=0,gaps=1:0,2:11,3:15,4:18,5:19,6:68,7:69,8:53
GM|2|M2-MG_QT10-C0-R2|23|side=1|cfg=T_GAO|kind=undefined|move=c7a7|hit=cap|slot=2|gap=1|depth=13|nodes=596298|legal=43|probs=cap=25,mcap=225,p=0.1,cls=normal,legal=43,accN=2,bandN=6,gaps=1:0,2:1,3:31,4:47,5:51,6:56,7:80,8:98
GM|2|M2-MG_QT10-C0-R2|24|side=-1|cfg=T_JIN|kind=undefined|move=a3a4|hit=cap|slot=5|gap=44|depth=11|nodes=569120|legal=40|probs=cap=80,mcap=280,p=0,cls=normal,legal=40,accN=8,bandN=0,gaps=1:0,2:6,3:16,4:17,5:44,6:7,7:17,8:36
GM|2|M2-MG_QT10-C0-R2|25|side=1|cfg=T_GAO|kind=undefined|move=g2b2|hit=cap|slot=2|gap=20|depth=12|nodes=586046|legal=42|probs=cap=25,mcap=225,p=0.1,cls=normal,legal=42,accN=2,bandN=6,gaps=1:0,2:20,3:41,4:97,5:112,6:116,7:129,8:87
GM|2|M2-MG_QT10-C0-R2|26|side=-1|cfg=T_JIN|kind=undefined|move=c0e2|hit=cap|slot=8|gap=38|depth=13|nodes=542322|legal=41|probs=cap=80,mcap=280,p=0,cls=normal,legal=41,accN=8,bandN=0,gaps=1:0,2:2,3:3,4:10,5:16,6:25,7:35,8:38
GM|2|M2-MG_QT10-C0-R2|27|side=1|cfg=T_GAO|kind=undefined|move=c4c3|hit=cap|slot=2|gap=17|depth=13|nodes=620750|legal=46|probs=cap=25,mcap=225,p=0.1,cls=normal,legal=46,accN=2,bandN=6,gaps=1:0,2:17,3:128,4:142,5:171,6:174,7:183,8:198
GM|2|M2-MG_QT10-C0-R2|28|side=-1|cfg=T_JIN|kind=undefined|move=i2g1|hit=cap|slot=8|gap=59|depth=12|nodes=530383|legal=40|probs=cap=80,mcap=280,p=0,cls=normal,legal=40,accN=8,bandN=0,gaps=1:0,2:4,3:17,4:46,5:33,6:42,7:50,8:59
GM|2|M2-MG_QT10-C0-R2|29|side=1|cfg=T_GAO|kind=undefined|move=g4h4|hit=cap|slot=3|gap=21|depth=12|nodes=580750|legal=44|probs=cap=25,mcap=225,p=0.1,cls=normal,legal=44,accN=4,bandN=4,gaps=1:0,2:8,3:21,4:0,5:29,6:32,7:44,8:55
GM|2|M2-MG_QT10-C0-R2|30|side=-1|cfg=T_JIN|kind=undefined|move=h3h4|hit=above|slot=1|gap=0|depth=13|nodes=545348|legal=35|probs=cap=80,mcap=280,p=0,cls=normal,legal=35,accN=1,bandN=5,gaps=1:0,2:85,3:101,4:162,5:179,6:189,7:412,8:427
GM|2|M2-MG_QT10-C0-R2|31|side=1|cfg=T_GAO|kind=undefined|move=b2b0|hit=cap|slot=2|gap=12|depth=12|nodes=602480|legal=45|probs=cap=25,mcap=225,p=0.1,cls=normal,legal=45,accN=2,bandN=2,gaps=1:0,2:12,3:183,4:186,5:227,6:258,7:268,8:289
GM|2|M2-MG_QT10-C0-R2|32|side=-1|cfg=T_JIN|kind=undefined|move=e2c0|hit=cap|slot=3|gap=50|depth=13|nodes=514395|legal=4|probs=cap=80,mcap=280,p=0,cls=normal,legal=4,accN=3,bandN=0,gaps=1:0,2:16,3:50,4:99700
GM|2|M2-MG_QT10-C0-R2|33|side=1|cfg=T_GAO|kind=undefined|move=g9g1|hit=above|slot=1|gap=0|depth=13|nodes=606938|legal=44|probs=cap=25,mcap=225,p=0.1,cls=normal,legal=44,accN=1,bandN=0,gaps=1:0,2:306,3:330,4:340,5:345,6:359,7:362,8:366
GM|2|M2-MG_QT10-C0-R2|34|side=-1|cfg=T_JIN|kind=undefined|move=e6d6|hit=cap|slot=8|gap=62|depth=11|nodes=601758|legal=33|probs=cap=80,mcap=280,p=0,cls=normal,legal=33,accN=8,bandN=0,gaps=1:0,2:36,3:40,4:38,5:41,6:48,7:49,8:62
GM|2|M2-MG_QT10-C0-R2|35|side=1|cfg=T_GAO|kind=undefined|move=e9f9|hit=above|slot=1|gap=0|depth=11|nodes=540760|legal=49|probs=cap=25,mcap=225,p=0.1,cls=normal,legal=49,accN=1,bandN=7,gaps=1:0,2:65,3:66,4:67,5:68,6:72,7:72,8:123
GM|2|M2-MG_QT10-C0-R2|36|side=-1|cfg=T_JIN|kind=undefined|move=i6e6|hit=cap|slot=7|gap=68|depth=11|nodes=521265|legal=34|probs=cap=80,mcap=280,p=0,cls=normal,legal=34,accN=8,bandN=0,gaps=1:0,2:18,3:32,4:32,5:34,6:49,7:68,8:39
GM|2|M2-MG_QT10-C0-R2|37|side=1|cfg=T_GAO|kind=undefined|move=g1g0|hit=cap|slot=2|gap=20|depth=12|nodes=525119|legal=49|probs=cap=25,mcap=225,p=0.1,cls=normal,legal=49,accN=2,bandN=6,gaps=1:0,2:20,3:38,4:80,5:86,6:88,7:94,8:113
GM|2|M2-MG_QT10-C0-R2|38|side=-1|cfg=T_JIN|kind=undefined|move=e6f6|hit=above|slot=1|gap=0|depth=11|nodes=534331|legal=35|probs=cap=80,mcap=280,p=0,cls=normal,legal=35,accN=1,bandN=7,gaps=1:0,2:109,3:109,4:111,5:142,6:161,7:181,8:110
GM|2|M2-MG_QT10-C0-R2|39|side=1|cfg=T_GAO|kind=undefined|move=e7g9|hit=cap|slot=2|gap=18|depth=11|nodes=543059|legal=42|probs=cap=25,mcap=225,p=0.1,cls=normal,legal=42,accN=2,bandN=6,gaps=1:0,2:18,3:48,4:51,5:53,6:67,7:67,8:70
GM|2|M2-MG_QT10-C0-R2|40|side=-1|cfg=T_JIN|kind=undefined|move=a1b3|hit=cap|slot=6|gap=73|depth=11|nodes=516441|legal=37|probs=cap=80,mcap=280,p=0,cls=normal,legal=37,accN=7,bandN=1,gaps=1:0,2:12,3:27,4:32,5:52,6:73,7:87,8:38
GM|2|M2-MG_QT10-C0-R2|41|side=1|cfg=T_GAO|kind=undefined|move=d5e3|hit=above|slot=1|gap=0|depth=12|nodes=517242|legal=40|probs=cap=25,mcap=225,p=0.1,cls=normal,legal=40,accN=1,bandN=7,gaps=1:0,2:40,3:85,4:85,5:97,6:98,7:109,8:141
GM|2|M2-MG_QT10-C0-R2|42|side=-1|cfg=T_JIN|kind=undefined|move=h4f4|hit=above|slot=1|gap=0|depth=11|nodes=496041|legal=39|probs=cap=80,mcap=280,p=0,cls=normal,legal=39,accN=1,bandN=7,gaps=1:0,2:120,3:133,4:139,5:149,6:204,7:215,8:226
GM|2|M2-MG_QT10-C0-R2|43|side=1|cfg=T_GAO|kind=undefined|move=a7e7|hit=above|slot=1|gap=0|depth=13|nodes=533245|legal=43|probs=cap=25,mcap=225,p=0.1,cls=normal,legal=43,accN=1,bandN=7,gaps=1:0,2:77,3:97,4:98,5:135,6:177,7:175,8:181
GM|2|M2-MG_QT10-C0-R2|44|side=-1|cfg=T_JIN|kind=undefined|move=f6e6|hit=above|slot=1|gap=0|depth=15|nodes=527359|legal=3|probs=cap=0,mcap=700,p=0,cls=hard,legal=3,accN=1,bandN=0,gaps=1:0,2:99820,3:99720
GM|2|M2-MG_QT10-C0-R2|45|side=1|cfg=T_GAO|kind=undefined|move=f9e9|hit=above|slot=1|gap=0|depth=16|nodes=528541|legal=4|probs=cap=25,mcap=225,p=0.1,cls=normal,legal=4,accN=1,bandN=0,gaps=1:0,2:376,3:402,4:101012
GM|2|M2-MG_QT10-C0-R2|46|side=-1|cfg=T_JIN|kind=undefined|move=f4f7|hit=cap|slot=2|gap=7|depth=12|nodes=573202|legal=27|probs=cap=80,mcap=280,p=0,cls=normal,legal=27,accN=2,bandN=4,gaps=1:0,2:7,3:110,4:206,5:261,6:263,7:286,8:289
GM|2|M2-MG_QT10-C0-R2|47|side=1|cfg=T_GAO|kind=undefined|move=e3f1|hit=above|slot=1|gap=0|depth=14|nodes=597330|legal=29|probs=cap=0,mcap=700,p=0.1,cls=hard,legal=29,accN=1,bandN=0,gaps=1:0,2:98371,3:98410,4:98440,5:98464,6:98479,7:98537,8:98559
GM|2|M2-MG_QT10-C0-R2|48|side=-1|cfg=T_JIN|kind=undefined|move=e6e8|hit=above|slot=1|gap=0|depth=35|nodes=921423|legal=7|probs=cap=80,mcap=280,p=0,cls=normal,legal=7,accN=7,bandN=0,gaps=1:0,2:0,3:0,4:0,5:0,6:0,7:0
GM|2|M2-MG_QT10-C0-R2|49|side=1|cfg=T_GAO|kind=undefined|move=f1d2|hit=above|slot=1|gap=0|depth=11|nodes=576903|legal=39|probs=cap=0,mcap=700,p=0.1,cls=hard,legal=39,accN=1,bandN=0,gaps=1:0,2:98532,3:98585,4:98812,5:98825,6:98834,7:98855,8:98858
GM|2|M2-MG_QT10-C0-R2|50|side=-1|cfg=T_JIN|kind=undefined|move=e0e1|hit=above|slot=1|gap=0|depth=65|nodes=1902488|legal=1|probs=cap=80,mcap=280,p=0,cls=normal,legal=1,accN=1,bandN=0,gaps=1:0
GM|2|M2-MG_QT10-C0-R2|51|side=1|cfg=T_GAO|kind=undefined|move=g0g1|hit=above|slot=1|gap=0|depth=12|nodes=594089|legal=40|probs=cap=0,mcap=700,p=0.1,cls=hard,legal=40,accN=1,bandN=0,gaps=1:0,2:98468,3:98568,4:98636,5:98665,6:98674,7:98684,8:98719
GM|2|M2-MG_QT10-C0-R2|52|side=-1|cfg=T_JIN|kind=undefined|move=f7f1|hit=above|slot=1|gap=0|depth=245|nodes=1139511|legal=2|probs=cap=80,mcap=280,p=0,cls=normal,legal=2,accN=2,bandN=0,gaps=1:0,2:0
GM|2|M2-MG_QT10-C0-R2|53|side=1|cfg=T_GAO|kind=undefined|move=d2f1|hit=above|slot=1|gap=0|depth=13|nodes=589103|legal=44|probs=cap=25,mcap=225,p=0.1,cls=normal,legal=44,accN=1,bandN=0,gaps=1:0,2:300,3:98653,4:98685,5:98737,6:98765,7:98793,8:98814
GM|2|M2-MG_QT10-C0-R2|54|side=-1|cfg=T_JIN|kind=undefined|move=e1e2|hit=above|slot=1|gap=0|depth=245|nodes=265953|legal=21|probs=cap=80,mcap=280,p=0,cls=normal,legal=21,accN=8,bandN=0,gaps=1:0,2:0,3:0,4:0,5:0,6:0,7:0,8:0
GM|2|M2-MG_QT10-C0-R2|55|side=1|cfg=T_GAO|kind=undefined|move=f1e3|hit=rand|slot=3|gap=100|depth=208|nodes=1906114|legal=39|probs=cap=25,mcap=225,p=0.1,cls=normal,legal=39,accN=2,bandN=6,gaps=1:0,2:0,3:100,4:100,5:100,6:100,7:100,8:100,wouldBe=1,agap=100
GM|2|M2-MG_QT10-C0-R2|56|side=-1|cfg=T_JIN|kind=undefined|move=d6e6|hit=above|slot=1|gap=0|depth=245|nodes=101254|legal=3|probs=cap=80,mcap=280,p=0,cls=normal,legal=3,accN=3,bandN=0,gaps=1:0,2:0,3:0
GM|2|M2-MG_QT10-C0-R2|57|side=1|cfg=T_GAO|kind=undefined|move=b0b2|hit=above|slot=1|gap=0|depth=57|nodes=1443948|legal=43|probs=cap=25,mcap=225,p=0.1,cls=normal,legal=43,accN=1,bandN=7,gaps=1:0,2:100,3:200,4:200,5:200,6:200,7:200,8:200
GM|2|M2-MG_QT10-C0-R2|58|side=-1|cfg=T_JIN|kind=undefined|move=b3a5|hit=above|slot=1|gap=0|depth=245|nodes=140362|legal=19|probs=cap=80,mcap=280,p=0,cls=normal,legal=19,accN=8,bandN=0,gaps=1:0,2:0,3:0,4:0,5:0,6:0,7:0,8:0
GM|2|M2-MG_QT10-C0-R2|59|side=1|cfg=T_GAO|kind=undefined|move=c3c2|hit=above|slot=1|gap=0|depth=245|nodes=513495|legal=51|probs=cap=25,mcap=225,p=0.1,cls=normal,legal=51,accN=2,bandN=6,gaps=1:0,2:0,3:100,4:100,5:100,6:100,7:100,8:100
GE|2|M2-MG_QT10-C0-R2|END|winner=hi|reason=%E5%B0%86%E6%AD%BB|plies=59|tierMoves=59|invalid=0|crit=0|hiSide=-1|stats=T_GAO:n=30,rand=2,cap=11,above=17,bmiss=0,gapMean=11,gapMax=100;T_JIN:n=29,rand=0,cap=16,above=13,bmiss=0,gapMean=28,gapMax=73
PROG|2|M2-MG_QT10-C0-R2
G|2|M2-MG_QT14-C1-R2|START|pos=MG_QT14|pair=%E9%AB%98%E6%89%8B_vs_%E8%BF%9B%E9%98%B6|hi=T_GAO|lo=T_JIN|hiFirst=1|fen=2bak3C/4a4/c3b1n2/p8/2p1P1p2/5c2P/P1n3P2/2N1B1C1N/9/2BAKA3 b - - 0 1
GM|2|M2-MG_QT14-C1-R2|1|side=1|cfg=T_JIN|kind=undefined|move=e9f9|hit=cap|slot=8|gap=41|depth=14|nodes=554593|legal=37|probs=cap=80,mcap=280,p=0,cls=normal,legal=37,accN=8,bandN=0,gaps=1:0,2:23,3:18,4:21,5:24,6:28,7:31,8:41
GM|2|M2-MG_QT14-C1-R2|2|side=-1|cfg=T_GAO|kind=undefined|move=f0e1|hit=cap|slot=3|gap=25|depth=13|nodes=608887|legal=32|probs=cap=25,mcap=225,p=0.1,cls=normal,legal=32,accN=3,bandN=5,gaps=1:0,2:17,3:25,4:46,5:68,6:77,7:74,8:83
GM|2|M2-MG_QT14-C1-R2|3|side=1|cfg=T_JIN|kind=undefined|move=a7d7|hit=cap|slot=7|gap=71|depth=13|nodes=610501|legal=39|probs=cap=80,mcap=280,p=0,cls=normal,legal=39,accN=7,bandN=1,gaps=1:0,2:3,3:10,4:22,5:46,6:68,7:71,8:102
GM|2|M2-MG_QT14-C1-R2|4|side=-1|cfg=T_GAO|kind=undefined|move=i4i5|hit=above|slot=1|gap=0|depth=13|nodes=619042|legal=32|probs=cap=25,mcap=225,p=0.1,cls=normal,legal=32,accN=1,bandN=7,gaps=1:0,2:46,3:101,4:102,5:103,6:115,7:118,8:124
GM|2|M2-MG_QT14-C1-R2|5|side=1|cfg=T_JIN|kind=undefined|move=f4f6|hit=cap|slot=8|gap=69|depth=11|nodes=588362|legal=44|probs=cap=80,mcap=280,p=0,cls=normal,legal=44,accN=8,bandN=0,gaps=1:0,2:4,3:5,4:6,5:25,6:36,7:54,8:69
GM|2|M2-MG_QT14-C1-R2|6|side=-1|cfg=T_GAO|kind=undefined|move=i2h4|hit=above|slot=1|gap=0|depth=13|nodes=609398|legal=32|probs=cap=25,mcap=225,p=0.1,cls=normal,legal=32,accN=1,bandN=7,gaps=1:0,2:62,3:77,4:80,5:81,6:101,7:140,8:122
GM|2|M2-MG_QT14-C1-R2|7|side=1|cfg=T_JIN|kind=undefined|move=f6d6|hit=cap|slot=7|gap=62|depth=13|nodes=561692|legal=43|probs=cap=80,mcap=280,p=0,cls=normal,legal=43,accN=7,bandN=1,gaps=1:0,2:9,3:12,4:31,5:44,6:44,7:62,8:87
GM|2|M2-MG_QT14-C1-R2|8|side=-1|cfg=T_GAO|kind=undefined|move=h4g6|hit=cap|slot=2|gap=12|depth=11|nodes=552196|legal=34|probs=cap=25,mcap=225,p=0.1,cls=normal,legal=34,accN=2,bandN=6,gaps=1:0,2:12,3:58,4:61,5:83,6:50,7:66,8:90
GM|2|M2-MG_QT14-C1-R2|9|side=1|cfg=T_JIN|kind=undefined|move=g7i8|hit=cap|slot=8|gap=78|depth=12|nodes=533235|legal=30|probs=cap=80,mcap=280,p=0,cls=normal,legal=30,accN=8,bandN=0,gaps=1:0,2:14,3:17,4:28,5:50,6:51,7:52,8:78
GM|2|M2-MG_QT14-C1-R2|10|side=-1|cfg=T_GAO|kind=undefined|move=i5i6|hit=above|slot=1|gap=0|depth=13|nodes=595864|legal=30|probs=cap=25,mcap=225,p=0.1,cls=normal,legal=30,accN=1,bandN=7,gaps=1:0,2:71,3:88,4:97,5:112,6:124,7:143,8:154
GM|2|M2-MG_QT14-C1-R2|11|side=1|cfg=T_JIN|kind=undefined|move=d6b6|hit=cap|slot=8|gap=53|depth=11|nodes=606904|legal=29|probs=cap=80,mcap=280,p=0,cls=normal,legal=29,accN=8,bandN=0,gaps=1:0,2:0,3:27,4:40,5:44,6:45,7:45,8:53
GM|2|M2-MG_QT14-C1-R2|12|side=-1|cfg=T_GAO|kind=undefined|move=c2e3|hit=rand|slot=7|gap=138|depth=12|nodes=536743|legal=31|probs=cap=25,mcap=225,p=0.1,cls=normal,legal=31,accN=1,bandN=7,gaps=1:0,2:37,3:58,4:106,5:112,6:121,7:138,8:139,wouldBe=1,agap=138
GM|2|M2-MG_QT14-C1-R2|13|side=1|cfg=T_JIN|kind=undefined|move=d7d1|hit=cap|slot=8|gap=71|depth=12|nodes=591097|legal=40|probs=cap=80,mcap=280,p=0,cls=normal,legal=40,accN=7,bandN=1,gaps=1:0,2:12,3:50,4:84,5:50,6:56,7:70,8:71
GM|2|M2-MG_QT14-C1-R2|14|side=-1|cfg=T_GAO|kind=undefined|move=g2h2|hit=above|slot=1|gap=0|depth=13|nodes=584427|legal=33|probs=cap=25,mcap=225,p=0.1,cls=normal,legal=33,accN=1,bandN=7,gaps=1:0,2:31,3:77,4:81,5:149,6:158,7:166,8:198
GM|2|M2-MG_QT14-C1-R2|15|side=1|cfg=T_JIN|kind=undefined|move=i8g7|hit=cap|slot=3|gap=57|depth=11|nodes=550919|legal=40|probs=cap=80,mcap=280,p=0,cls=normal,legal=40,accN=3,bandN=0,gaps=1:0,2:42,3:57,4:99489,5:99489,6:99489,7:99489,8:99489
GM|2|M2-MG_QT14-C1-R2|16|side=-1|cfg=T_GAO|kind=undefined|move=e3f5|hit=above|slot=1|gap=0|depth=13|nodes=560628|legal=40|probs=cap=25,mcap=225,p=0.1,cls=normal,legal=40,accN=1,bandN=7,gaps=1:0,2:87,3:88,4:104,5:188,6:171,7:174,8:182
GM|2|M2-MG_QT14-C1-R2|17|side=1|cfg=T_JIN|kind=undefined|move=f9f8|hit=cap|slot=3|gap=72|depth=10|nodes=565961|legal=42|probs=cap=80,mcap=280,p=0,cls=normal,legal=42,accN=3,bandN=3,gaps=1:0,2:3,3:72,4:98,5:136,6:242,7:99811,8:99711
GM|2|M2-MG_QT14-C1-R2|18|side=-1|cfg=T_GAO|kind=undefined|move=f5g7|hit=above|slot=1|gap=0|depth=14|nodes=636703|legal=39|probs=cap=25,mcap=225,p=0.1,cls=normal,legal=39,accN=1,bandN=0,gaps=1:0,2:460,3:501,4:502,5:514,6:520,7:521,8:555
GM|2|M2-MG_QT14-C1-R2|19|side=1|cfg=T_JIN|kind=undefined|move=e8d7|hit=above|slot=1|gap=0|depth=11|nodes=609158|legal=39|probs=cap=80,mcap=280,p=0,cls=normal,legal=39,accN=1,bandN=2,gaps=1:0,2:157,3:84,4:286,5:98963,6:98963,7:98863,8:98863
GM|2|M2-MG_QT14-C1-R2|20|side=-1|cfg=T_GAO|kind=undefined|move=g6i7|hit=above|slot=1|gap=0|depth=15|nodes=615049|legal=41|probs=cap=25,mcap=225,p=0.1,cls=normal,legal=41,accN=1,bandN=3,gaps=1:0,2:200,3:200,4:200,5:97475,6:97659,7:97678,8:97763
GM|2|M2-MG_QT14-C1-R2|21|side=1|cfg=T_JIN|kind=undefined|move=b6h6|hit=above|slot=1|gap=0|depth=81|nodes=1976415|legal=37|probs=cap=80,mcap=280,p=0,cls=normal,legal=37,accN=8,bandN=0,gaps=1:0,2:0,3:0,4:0,5:0,6:0,7:0,8:0
GM|2|M2-MG_QT14-C1-R2|22|side=-1|cfg=T_GAO|kind=undefined|move=i6h6|hit=above|slot=1|gap=0|depth=12|nodes=581347|legal=37|probs=cap=25,mcap=225,p=0.1,cls=normal,legal=37,accN=1,bandN=2,gaps=1:0,2:100,3:200,4:300,5:400,6:98198,7:98353,8:98449
GM|2|M2-MG_QT14-C1-R2|23|side=1|cfg=T_JIN|kind=undefined|move=f8f7|hit=above|slot=1|gap=0|depth=245|nodes=1811057|legal=22|probs=cap=80,mcap=280,p=0,cls=normal,legal=22,accN=8,bandN=0,gaps=1:0,2:0,3:0,4:0,5:0,6:0,7:0,8:0
GM|2|M2-MG_QT14-C1-R2|24|side=-1|cfg=T_GAO|kind=undefined|move=h6g6|hit=above|slot=1|gap=0|depth=12|nodes=624187|legal=39|probs=cap=25,mcap=225,p=0.1,cls=normal,legal=39,accN=1,bandN=1,gaps=1:0,2:200,3:300,4:400,5:700,6:900,7:98060,8:98151
GM|2|M2-MG_QT14-C1-R2|25|side=1|cfg=T_JIN|kind=undefined|move=d1d6|hit=above|slot=1|gap=0|depth=245|nodes=604505|legal=23|probs=cap=80,mcap=280,p=0,cls=normal,legal=23,accN=8,bandN=0,gaps=1:0,2:0,3:0,4:0,5:0,6:0,7:0,8:0
GM|2|M2-MG_QT14-C1-R2|26|side=-1|cfg=T_GAO|kind=undefined|move=e2c4|hit=rand|slot=6|gap=100|depth=245|nodes=1556019|legal=39|probs=cap=25,mcap=225,p=0.1,cls=normal,legal=39,accN=2,bandN=6,gaps=1:0,2:0,3:100,4:100,5:100,6:100,7:100,8:100,wouldBe=1,agap=100
GM|2|M2-MG_QT14-C1-R2|27|side=1|cfg=T_JIN|kind=undefined|move=c3e4|hit=above|slot=1|gap=0|depth=245|nodes=620209|legal=23|probs=cap=80,mcap=280,p=0,cls=normal,legal=23,accN=8,bandN=0,gaps=1:0,2:0,3:0,4:0,5:0,6:0,7:0,8:0
GM|2|M2-MG_QT14-C1-R2|28|side=-1|cfg=T_GAO|kind=undefined|move=g6f6|hit=above|slot=1|gap=0|depth=42|nodes=1224001|legal=44|probs=cap=25,mcap=225,p=0.1,cls=normal,legal=44,accN=2,bandN=0,gaps=1:0,2:0,3:300,4:300,5:300,6:300,7:300,8:300
GM|2|M2-MG_QT14-C1-R2|29|side=1|cfg=T_JIN|kind=undefined|move=f7f8|hit=above|slot=1|gap=0|depth=245|nodes=1963|legal=1|probs=cap=80,mcap=280,p=0,cls=normal,legal=1,accN=1,bandN=0,gaps=1:0
GM|2|M2-MG_QT14-C1-R2|30|side=-1|cfg=T_GAO|kind=undefined|move=i7h9|hit=above|slot=1|gap=0|depth=245|nodes=1111479|legal=51|probs=cap=25,mcap=225,p=0.1,cls=normal,legal=51,accN=1,bandN=7,gaps=1:0,2:100,3:200,4:200,5:200,6:200,7:200,8:200
GE|2|M2-MG_QT14-C1-R2|END|winner=hi|reason=%E5%B0%86%E6%AD%BB|plies=30|tierMoves=30|invalid=0|crit=0|hiSide=1|stats=T_JIN:n=15,rand=0,cap=9,above=6,bmiss=0,gapMean=38,gapMax=78;T_GAO:n=15,rand=2,cap=2,above=11,bmiss=0,gapMean=18,gapMax=138
PROG|2|M2-MG_QT14-C1-R2
G|2|M3-MG_QT14-C0-R2|START|pos=MG_QT14|pair=%E5%A4%A7%E5%B8%88_vs_%E9%AB%98%E6%89%8B|hi=T_DA|lo=T_GAO|hiFirst=0|fen=2bak3C/4a4/c3b1n2/p8/2p1P1p2/5c2P/P1n3P2/2N1B1C1N/9/2BAKA3 b - - 0 1
GM|2|M3-MG_QT14-C0-R2|1|side=1|cfg=T_DA|kind=master|move=f4b4|hit=best|slot=1|gap=0|depth=25|nodes=3835409|legal=37|probs=mpv=1
GM|2|M3-MG_QT14-C0-R2|2|side=-1|cfg=T_GAO|kind=undefined|move=i2h4|hit=cap|slot=4|gap=24|depth=14|nodes=612987|legal=33|probs=cap=25,mcap=225,p=0.1,cls=normal,legal=33,accN=4,bandN=4,gaps=1:0,2:8,3:21,4:24,5:31,6:38,7:42,8:48
GM|2|M3-MG_QT14-C0-R2|3|side=1|cfg=T_DA|kind=master|move=b4i4|hit=best|slot=1|gap=0|depth=33|nodes=3824515|legal=39|probs=mpv=1
GM|2|M3-MG_QT14-C0-R2|4|side=-1|cfg=T_GAO|kind=undefined|move=d0e1|hit=cap|slot=8|gap=25|depth=14|nodes=637425|legal=35|probs=cap=25,mcap=225,p=0.1,cls=normal,legal=35,accN=8,bandN=0,gaps=1:0,2:3,3:3,4:9,5:10,6:12,7:23,8:25
GM|2|M3-MG_QT14-C0-R2|5|side=1|cfg=T_DA|kind=master|move=c3e4|hit=best|slot=1|gap=0|depth=29|nodes=3764704|legal=31|probs=mpv=1
GM|2|M3-MG_QT14-C0-R2|6|side=-1|cfg=T_GAO|kind=undefined|move=e5d5|hit=rand|slot=8|gap=33|depth=14|nodes=596084|legal=38|probs=cap=25,mcap=225,p=0.1,cls=normal,legal=38,accN=5,bandN=3,gaps=1:0,2:19,3:23,4:23,5:30,6:25,7:27,8:33,wouldBe=6,agap=33
GM|2|M3-MG_QT14-C0-R2|7|side=1|cfg=T_DA|kind=master|move=a7c7|hit=best|slot=1|gap=0|depth=26|nodes=4096974|legal=31|probs=mpv=1
GM|2|M3-MG_QT14-C0-R2|8|side=-1|cfg=T_GAO|kind=undefined|move=c2d4|hit=rand|slot=8|gap=99|depth=13|nodes=647543|legal=38|probs=cap=25,mcap=225,p=0.1,cls=normal,legal=38,accN=3,bandN=5,gaps=1:0,2:23,3:24,4:29,5:52,6:58,7:88,8:99,wouldBe=3,agap=99
GM|2|M3-MG_QT14-C0-R2|9|side=1|cfg=T_DA|kind=master|move=c5c4|hit=best|slot=1|gap=0|depth=24|nodes=4543223|legal=31|probs=mpv=1
GM|2|M3-MG_QT14-C0-R2|10|side=-1|cfg=T_GAO|kind=undefined|move=e2c4|hit=above|slot=1|gap=0|depth=15|nodes=656200|legal=33|probs=cap=25,mcap=225,p=0.1,cls=normal,legal=33,accN=1,bandN=0,gaps=1:0,2:242,3:249,4:264,5:265,6:269,7:280,8:283
GM|2|M3-MG_QT14-C0-R2|11|side=1|cfg=T_DA|kind=master|move=g5g4|hit=best|slot=1|gap=0|depth=23|nodes=4108253|legal=32|probs=mpv=1
GM|2|M3-MG_QT14-C0-R2|12|side=-1|cfg=T_GAO|kind=undefined|move=h4i2|hit=above|slot=1|gap=0|depth=13|nodes=710068|legal=37|probs=cap=25,mcap=225,p=0.1,cls=normal,legal=37,accN=1,bandN=3,gaps=1:0,2:46,3:69,4:217,5:229,6:246,7:249,8:253
GM|2|M3-MG_QT14-C0-R2|13|side=1|cfg=T_DA|kind=master|move=g4g3|hit=best|slot=1|gap=0|depth=22|nodes=3808282|legal=34|probs=mpv=1
GM|2|M3-MG_QT14-C0-R2|14|side=-1|cfg=T_GAO|kind=undefined|move=g2g7|hit=cap|slot=2|gap=22|depth=14|nodes=681430|legal=36|probs=cap=25,mcap=225,p=0.1,cls=normal,legal=36,accN=2,bandN=6,gaps=1:0,2:22,3:150,4:191,5:196,6:202,7:203,8:216
GM|2|M3-MG_QT14-C0-R2|15|side=1|cfg=T_DA|kind=master|move=c7g7|hit=best|slot=1|gap=0|depth=23|nodes=3907969|legal=32|probs=mpv=1
GM|2|M3-MG_QT14-C0-R2|16|side=-1|cfg=T_GAO|kind=undefined|move=d4e2|hit=above|slot=1|gap=0|depth=14|nodes=644407|legal=26|probs=cap=25,mcap=225,p=0.1,cls=normal,legal=26,accN=1,bandN=7,gaps=1:0,2:29,3:135,4:148,5:153,6:168,7:191,8:199
GM|2|M3-MG_QT14-C0-R2|17|side=1|cfg=T_DA|kind=master|move=g3h3|hit=best|slot=1|gap=0|depth=21|nodes=3647356|legal=33|probs=mpv=1
GM|2|M3-MG_QT14-C0-R2|18|side=-1|cfg=T_GAO|kind=undefined|move=e1d2|hit=above|slot=1|gap=0|depth=12|nodes=628129|legal=28|probs=cap=25,mcap=225,p=0.1,cls=normal,legal=28,accN=1,bandN=4,gaps=1:0,2:60,3:51,4:85,5:119,6:256,7:99864,8:99764
GM|2|M3-MG_QT14-C0-R2|19|side=1|cfg=T_DA|kind=master|move=e4d2|hit=best|slot=1|gap=0|depth=22|nodes=3529148|legal=38|probs=mpv=1
GM|2|M3-MG_QT14-C0-R2|20|side=-1|cfg=T_GAO|kind=undefined|move=e0d0|hit=cap|slot=2|gap=16|depth=16|nodes=557787|legal=2|probs=cap=25,mcap=225,p=0.1,cls=normal,legal=2,accN=2,bandN=0,gaps=1:0,2:16
GM|2|M3-MG_QT14-C0-R2|21|side=1|cfg=T_DA|kind=master|move=g7g0|hit=best|slot=1|gap=0|depth=23|nodes=3779854|legal=37|probs=mpv=1
GM|2|M3-MG_QT14-C0-R2|22|side=-1|cfg=T_GAO|kind=undefined|move=d0d1|hit=cap|slot=2|gap=15|depth=15|nodes=596842|legal=2|probs=cap=25,mcap=225,p=0.1,cls=normal,legal=2,accN=2,bandN=0,gaps=1:0,2:15
GM|2|M3-MG_QT14-C0-R2|23|side=1|cfg=T_DA|kind=master|move=d2c4|hit=best|slot=1|gap=0|depth=22|nodes=3869472|legal=35|probs=mpv=1
GM|2|M3-MG_QT14-C0-R2|24|side=-1|cfg=T_GAO|kind=undefined|move=i2g1|hit=cap|slot=2|gap=21|depth=12|nodes=646214|legal=26|probs=cap=25,mcap=225,p=0.1,cls=normal,legal=26,accN=2,bandN=6,gaps=1:0,2:21,3:40,4:43,5:28,6:47,7:49,8:53
GM|2|M3-MG_QT14-C0-R2|25|side=1|cfg=T_DA|kind=master|move=c4b2|hit=best|slot=1|gap=0|depth=23|nodes=3795897|legal=34|probs=mpv=1
GM|2|M3-MG_QT14-C0-R2|26|side=-1|cfg=T_GAO|kind=undefined|move=d1e1|hit=above|slot=1|gap=0|depth=16|nodes=568172|legal=2|probs=cap=25,mcap=225,p=0.1,cls=normal,legal=2,accN=1,bandN=1,gaps=1:0,2:29
GM|2|M3-MG_QT14-C0-R2|27|side=1|cfg=T_DA|kind=master|move=b2d3|hit=best|slot=1|gap=0|depth=24|nodes=3852246|legal=35|probs=mpv=1
GM|2|M3-MG_QT14-C0-R2|28|side=-1|cfg=T_GAO|kind=undefined|move=e1d1|hit=above|slot=1|gap=0|depth=16|nodes=539076|legal=2|probs=cap=25,mcap=225,p=0.1,cls=normal,legal=2,accN=1,bandN=1,gaps=1:0,2:29
GM|2|M3-MG_QT14-C0-R2|29|side=1|cfg=T_DA|kind=master|move=h3g3|hit=best|slot=1|gap=0|depth=22|nodes=4048955|legal=37|probs=mpv=1
GM|2|M3-MG_QT14-C0-R2|30|side=-1|cfg=T_GAO|kind=undefined|move=g1i2|hit=cap|slot=3|gap=22|depth=12|nodes=581219|legal=26|probs=cap=25,mcap=225,p=0.1,cls=normal,legal=26,accN=3,bandN=5,gaps=1:0,2:15,3:22,4:44,5:63,6:71,7:73,8:81
GM|2|M3-MG_QT14-C0-R2|31|side=1|cfg=T_DA|kind=master|move=g3g2|hit=best|slot=1|gap=0|depth=21|nodes=3703691|legal=36|probs=mpv=1
GM|2|M3-MG_QT14-C0-R2|32|side=-1|cfg=T_GAO|kind=undefined|move=i9i6|hit=cap|slot=5|gap=22|depth=12|nodes=594184|legal=26|probs=cap=25,mcap=225,p=0.1,cls=normal,legal=26,accN=4,bandN=4,gaps=1:0,2:2,3:20,4:28,5:22,6:27,7:27,8:32
GM|2|M3-MG_QT14-C0-R2|33|side=1|cfg=T_DA|kind=master|move=d3b2|hit=best|slot=1|gap=0|depth=28|nodes=3978301|legal=34|probs=mpv=1
GM|2|M3-MG_QT14-C0-R2|34|side=-1|cfg=T_GAO|kind=undefined|move=d1d2|hit=cap|slot=2|gap=10|depth=15|nodes=599780|legal=2|probs=cap=25,mcap=225,p=0.1,cls=normal,legal=2,accN=2,bandN=0,gaps=1:0,2:10
GM|2|M3-MG_QT14-C0-R2|35|side=1|cfg=T_DA|kind=master|move=b2c0|hit=best|slot=1|gap=0|depth=31|nodes=4079366|legal=32|probs=mpv=1
GM|2|M3-MG_QT14-C0-R2|36|side=-1|cfg=T_GAO|kind=undefined|move=d2d1|hit=above|slot=1|gap=0|depth=14|nodes=572536|legal=1|probs=cap=25,mcap=225,p=0.1,cls=normal,legal=1,accN=1,bandN=0,gaps=1:0
GM|2|M3-MG_QT14-C0-R2|37|side=1|cfg=T_DA|kind=master|move=i4i3|hit=best|slot=1|gap=0|depth=28|nodes=4215481|legal=29|probs=mpv=1
GM|2|M3-MG_QT14-C0-R2|38|side=-1|cfg=T_GAO|kind=undefined|move=f0e1|hit=cap|slot=4|gap=17|depth=12|nodes=638156|legal=27|probs=cap=25,mcap=225,p=0.1,cls=normal,legal=27,accN=4,bandN=4,gaps=1:0,2:7,3:14,4:17,5:27,6:28,7:30,8:35
GM|2|M3-MG_QT14-C0-R2|39|side=1|cfg=T_DA|kind=master|move=g2h2|hit=best|slot=1|gap=0|depth=26|nodes=4013022|legal=31|probs=mpv=1
GM|2|M3-MG_QT14-C0-R2|40|side=-1|cfg=T_GAO|kind=undefined|move=e2c3|hit=cap|slot=4|gap=20|depth=13|nodes=634735|legal=28|probs=cap=25,mcap=225,p=0.1,cls=normal,legal=28,accN=4,bandN=4,gaps=1:0,2:4,3:15,4:20,5:29,6:32,7:33,8:36
GM|2|M3-MG_QT14-C0-R2|41|side=1|cfg=T_DA|kind=master|move=c0b2|hit=best|slot=1|gap=0|depth=29|nodes=3740220|legal=38|probs=mpv=1
GM|2|M3-MG_QT14-C0-R2|42|side=-1|cfg=T_GAO|kind=undefined|move=d1d2|hit=cap|slot=2|gap=25|depth=15|nodes=563904|legal=2|probs=cap=25,mcap=225,p=0.1,cls=normal,legal=2,accN=2,bandN=0,gaps=1:0,2:25
GM|2|M3-MG_QT14-C0-R2|43|side=1|cfg=T_DA|kind=master|move=h2i2|hit=best|slot=1|gap=0|depth=29|nodes=3910785|legal=43|probs=mpv=1
GM|2|M3-MG_QT14-C0-R2|44|side=-1|cfg=T_GAO|kind=undefined|move=i6i2|hit=cap|slot=4|gap=21|depth=12|nodes=638611|legal=28|probs=cap=25,mcap=225,p=0.1,cls=normal,legal=28,accN=7,bandN=1,gaps=1:0,2:6,3:14,4:21,5:47,6:0,7:3,8:19
GM|2|M3-MG_QT14-C0-R2|45|side=1|cfg=T_DA|kind=master|move=g0g2|hit=best|slot=1|gap=0|depth=29|nodes=4055163|legal=44|probs=mpv=1
GM|2|M3-MG_QT14-C0-R2|46|side=-1|cfg=T_GAO|kind=undefined|move=c3a4|hit=rand|slot=3|gap=50|depth=11|nodes=608327|legal=16|probs=cap=25,mcap=225,p=0.1,cls=normal,legal=16,accN=7,bandN=1,gaps=1:0,2:12,3:50,4:3,5:3,6:4,7:19,8:23,wouldBe=8,agap=50
GM|2|M3-MG_QT14-C0-R2|47|side=1|cfg=T_DA|kind=master|move=i3f3|hit=best|slot=1|gap=0|depth=31|nodes=4179849|legal=40|probs=mpv=1
GM|2|M3-MG_QT14-C0-R2|48|side=-1|cfg=T_GAO|kind=undefined|move=d2e2|hit=above|slot=1|gap=0|depth=14|nodes=628082|legal=19|probs=cap=0,mcap=700,p=0.1,cls=hard,legal=19,accN=1,bandN=0,gaps=1:0,2:99242,3:99242,4:99242,5:99242,6:99242,7:99242,8:99242
GM|2|M3-MG_QT14-C0-R2|49|side=1|cfg=T_DA|kind=master|move=e9f9|hit=best|slot=1|gap=0|depth=32|nodes=4497466|legal=42|probs=mpv=1
GM|2|M3-MG_QT14-C0-R2|50|side=-1|cfg=T_GAO|kind=undefined|move=e1d2|hit=above|slot=1|gap=0|depth=14|nodes=646042|legal=21|probs=cap=0,mcap=700,p=0.1,cls=hard,legal=21,accN=1,bandN=0,gaps=1:0,2:99312,3:99312,4:99312,5:99212,6:99212,7:99212,8:99212
GM|2|M3-MG_QT14-C0-R2|51|side=1|cfg=T_DA|kind=master|move=f3f2|hit=best|slot=1|gap=0|depth=30|nodes=4341603|legal=42|probs=mpv=1
GM|2|M3-MG_QT14-C0-R2|52|side=-1|cfg=T_GAO|kind=undefined|move=e2e1|hit=above|slot=1|gap=0|depth=15|nodes=626714|legal=1|probs=cap=25,mcap=225,p=0.1,cls=normal,legal=1,accN=1,bandN=0,gaps=1:0
GM|2|M3-MG_QT14-C0-R2|53|side=1|cfg=T_DA|kind=master|move=f2i2|hit=best|slot=1|gap=0|depth=27|nodes=4600363|legal=36|probs=mpv=1
GM|2|M3-MG_QT14-C0-R2|54|side=-1|cfg=T_GAO|kind=undefined|move=a4c3|hit=cap|slot=3|gap=4|depth=12|nodes=688416|legal=7|probs=cap=25,mcap=225,p=0.1,cls=normal,legal=7,accN=4,bandN=3,gaps=1:0,2:2,3:4,4:31,5:0,6:64,7:81
GM|2|M3-MG_QT14-C0-R2|55|side=1|cfg=T_DA|kind=master|move=b2c0|hit=best|slot=1|gap=0|depth=28|nodes=4446265|legal=38|probs=mpv=1
GM|2|M3-MG_QT14-C0-R2|56|side=-1|cfg=T_GAO|kind=undefined|move=e1e0|hit=above|slot=1|gap=0|depth=14|nodes=617846|legal=2|probs=cap=25,mcap=225,p=0.1,cls=normal,legal=2,accN=1,bandN=1,gaps=1:0,2:35
GM|2|M3-MG_QT14-C0-R2|57|side=1|cfg=T_DA|kind=master|move=i2d2|hit=best|slot=1|gap=0|depth=27|nodes=4626680|legal=36|probs=mpv=1
GM|2|M3-MG_QT14-C0-R2|58|side=-1|cfg=T_GAO|kind=undefined|move=d5d6|hit=above|slot=1|gap=0|depth=10|nodes=657582|legal=12|probs=cap=25,mcap=225,p=0.1,cls=normal,legal=12,accN=1,bandN=7,gaps=1:0,2:44,3:46,4:49,5:54,6:63,7:95,8:99
GM|2|M3-MG_QT14-C0-R2|59|side=1|cfg=T_DA|kind=master|move=d2b2|hit=best|slot=1|gap=0|depth=29|nodes=4528535|legal=34|probs=mpv=1
GM|2|M3-MG_QT14-C0-R2|60|side=-1|cfg=T_GAO|kind=undefined|move=c3d1|hit=above|slot=1|gap=0|depth=12|nodes=730003|legal=13|probs=cap=25,mcap=225,p=0.1,cls=normal,legal=13,accN=2,bandN=2,gaps=1:0,2:0,3:27,4:65,5:99881,6:99081,7:99081,8:99081
GM|2|M3-MG_QT14-C0-R2|61|side=1|cfg=T_DA|kind=master|move=b2b8|hit=best|slot=1|gap=0|depth=39|nodes=4186739|legal=40|probs=mpv=1
GM|2|M3-MG_QT14-C0-R2|62|side=-1|cfg=T_GAO|kind=undefined|move=d6e6|hit=bmiss|slot=1|gap=0|depth=22|nodes=784700|legal=11|probs=cap=25,mcap=225,p=0.1,cls=normal,legal=11,accN=8,bandN=0,gaps=1:0,2:0,3:0,4:0,5:0,6:0,7:0,8:0,band=0
GM|2|M3-MG_QT14-C0-R2|63|side=1|cfg=T_DA|kind=master|move=g2a2|hit=best|slot=1|gap=0|depth=42|nodes=3944559|legal=41|probs=mpv=1
GM|2|M3-MG_QT14-C0-R2|64|side=-1|cfg=T_GAO|kind=undefined|move=e0d0|hit=above|slot=1|gap=0|depth=30|nodes=840176|legal=11|probs=cap=25,mcap=225,p=0.1,cls=normal,legal=11,accN=8,bandN=0,gaps=1:0,2:0,3:0,4:0,5:0,6:0,7:0,8:0
GM|2|M3-MG_QT14-C0-R2|65|side=1|cfg=T_DA|kind=master|move=a2a0|hit=best|slot=1|gap=0|depth=45|nodes=4077601|legal=33|probs=mpv=1
GM|2|M3-MG_QT14-C0-R2|66|side=-1|cfg=T_GAO|kind=undefined|move=d1b0|hit=above|slot=1|gap=0|depth=43|nodes=685428|legal=1|probs=cap=25,mcap=225,p=0.1,cls=normal,legal=1,accN=1,bandN=0,gaps=1:0
GM|2|M3-MG_QT14-C0-R2|67|side=1|cfg=T_DA|kind=master|move=c0d2|hit=best|slot=1|gap=0|depth=55|nodes=4529750|legal=23|probs=mpv=1
GM|2|M3-MG_QT14-C0-R2|68|side=-1|cfg=T_GAO|kind=undefined|move=d0d1|hit=above|slot=1|gap=0|depth=43|nodes=788154|legal=4|probs=cap=25,mcap=225,p=0.1,cls=normal,legal=4,accN=4,bandN=0,gaps=1:0,2:0,3:0,4:0
GM|2|M3-MG_QT14-C0-R2|69|side=1|cfg=T_DA|kind=master|move=d2b1|hit=best|slot=1|gap=0|depth=60|nodes=5287828|legal=27|probs=mpv=1
GM|2|M3-MG_QT14-C0-R2|70|side=-1|cfg=T_GAO|kind=undefined|move=d1e1|hit=above|slot=1|gap=0|depth=48|nodes=835826|legal=5|probs=cap=25,mcap=225,p=0.1,cls=normal,legal=5,accN=5,bandN=0,gaps=1:0,2:0,3:0,4:0,5:0
GM|2|M3-MG_QT14-C0-R2|71|side=1|cfg=T_DA|kind=master|move=b8b0|hit=best|slot=1|gap=0|depth=68|nodes=7053143|legal=25|probs=mpv=1
GM|2|M3-MG_QT14-C0-R2|72|side=-1|cfg=T_GAO|kind=undefined|move=a3a4|hit=above|slot=1|gap=0|depth=46|nodes=993645|legal=6|probs=cap=25,mcap=225,p=0.1,cls=normal,legal=6,accN=6,bandN=0,gaps=1:0,2:0,3:0,4:0,5:0,6:0
GM|2|M3-MG_QT14-C0-R2|73|side=1|cfg=T_DA|kind=master|move=b1a3|hit=best|slot=1|gap=0|depth=70|nodes=8710760|legal=23|probs=mpv=1
GM|2|M3-MG_QT14-C0-R2|74|side=-1|cfg=T_GAO|kind=undefined|move=e6d6|hit=above|slot=1|gap=0|depth=47|nodes=1047764|legal=6|probs=cap=25,mcap=225,p=0.1,cls=normal,legal=6,accN=6,bandN=0,gaps=1:0,2:0,3:0,4:0,5:0,6:0
GM|2|M3-MG_QT14-C0-R2|75|side=1|cfg=T_DA|kind=master|move=a0a4|hit=best|slot=1|gap=0|depth=103|nodes=15766488|legal=30|probs=mpv=1
GM|2|M3-MG_QT14-C0-R2|76|side=-1|cfg=T_GAO|kind=undefined|move=e1e2|hit=above|slot=1|gap=0|depth=66|nodes=1809123|legal=6|probs=cap=25,mcap=225,p=0.1,cls=normal,legal=6,accN=6,bandN=0,gaps=1:0,2:0,3:0,4:0,5:0,6:0
GM|2|M3-MG_QT14-C0-R2|77|side=1|cfg=T_DA|kind=master|move=a3c4|hit=best|slot=1|gap=0|depth=245|nodes=7048988|legal=37|probs=mpv=1
GM|2|M3-MG_QT14-C0-R2|78|side=-1|cfg=T_GAO|kind=undefined|move=d6d7|hit=above|slot=1|gap=0|depth=245|nodes=2069480|legal=4|probs=cap=25,mcap=225,p=0.1,cls=normal,legal=4,accN=4,bandN=0,gaps=1:0,2:0,3:0,4:0
GM|2|M3-MG_QT14-C0-R2|79|side=1|cfg=T_DA|kind=master|move=c4e3|hit=best|slot=1|gap=0|depth=245|nodes=696096|legal=40|probs=mpv=1
GM|2|M3-MG_QT14-C0-R2|80|side=-1|cfg=T_GAO|kind=undefined|move=d7e7|hit=above|slot=1|gap=0|depth=245|nodes=312553|legal=5|probs=cap=25,mcap=225,p=0.1,cls=normal,legal=5,accN=5,bandN=0,gaps=1:0,2:0,3:0,4:0,5:0
GM|2|M3-MG_QT14-C0-R2|81|side=1|cfg=T_DA|kind=master|move=b0b2|hit=best|slot=1|gap=0|depth=245|nodes=64299|legal=43|probs=mpv=1
GM|2|M3-MG_QT14-C0-R2|82|side=-1|cfg=T_GAO|kind=undefined|move=e2d2|hit=above|slot=1|gap=0|depth=245|nodes=22663|legal=5|probs=cap=25,mcap=225,p=0.1,cls=normal,legal=5,accN=5,bandN=0,gaps=1:0,2:0,3:0,4:0,5:0
GM|2|M3-MG_QT14-C0-R2|83|side=1|cfg=T_DA|kind=master|move=a4a2|hit=best|slot=1|gap=0|depth=245|nodes=38251|legal=39|probs=mpv=1
GE|2|M3-MG_QT14-C0-R2|END|winner=hi|reason=%E5%B0%86%E6%AD%BB|plies=83|tierMoves=83|invalid=0|crit=0|hiSide=-1|stats=T_DA:n=42,rand=0,cap=0,above=0,bmiss=0,gapMean=0,gapMax=0;T_GAO:n=41,rand=3,cap=14,above=23,bmiss=1,gapMean=11,gapMax=99
PROG|2|M3-MG_QT14-C0-R2
G|2|M3-MG_QB3-C1-R2|START|pos=MG_QB3|pair=%E5%A4%A7%E5%B8%88_vs_%E9%AB%98%E6%89%8B|hi=T_DA|lo=T_GAO|hiFirst=0|fen=1n1a1abnr/r3k4/4b4/pcp3pcp/4p4/2C6/P1P1P1P1P/B5N1B/3N4R/R2AKA1C1 w - - 0 1
GM|2|M3-MG_QB3-C1-R2|1|side=-1|cfg=T_GAO|kind=undefined|move=c4a4|hit=cap|slot=3|gap=22|depth=12|nodes=621024|legal=39|probs=cap=25,mcap=225,p=0.1,cls=normal,legal=39,accN=3,bandN=5,gaps=1:0,2:18,3:22,4:42,5:87,6:118,7:126,8:132
GM|2|M3-MG_QB3-C1-R2|2|side=1|cfg=T_DA|kind=master|move=a8d8|hit=best|slot=1|gap=0|depth=18|nodes=3454558|legal=39|probs=mpv=1
GM|2|M3-MG_QB3-C1-R2|3|side=-1|cfg=T_GAO|kind=undefined|move=a0b0|hit=above|slot=1|gap=0|depth=10|nodes=632850|legal=40|probs=cap=25,mcap=225,p=0.1,cls=normal,legal=40,accN=1,bandN=7,gaps=1:0,2:42,3:83,4:119,5:132,6:135,7:141,8:148
GM|2|M3-MG_QB3-C1-R2|4|side=1|cfg=T_DA|kind=master|move=d8b8|hit=best|slot=1|gap=0|depth=18|nodes=3229384|legal=40|probs=mpv=1
GM|2|M3-MG_QB3-C1-R2|5|side=-1|cfg=T_GAO|kind=undefined|move=a4i4|hit=cap|slot=7|gap=25|depth=11|nodes=596884|legal=44|probs=cap=25,mcap=225,p=0.1,cls=normal,legal=44,accN=4,bandN=4,gaps=1:0,2:7,3:33,4:39,5:41,6:15,7:25,8:41
GM|2|M3-MG_QB3-C1-R2|6|side=1|cfg=T_DA|kind=master|move=h9i7|hit=best|slot=1|gap=0|depth=21|nodes=3164980|legal=34|probs=mpv=1
GM|2|M3-MG_QB3-C1-R2|7|side=-1|cfg=T_GAO|kind=undefined|move=d1f2|hit=above|slot=1|gap=0|depth=10|nodes=637054|legal=44|probs=cap=25,mcap=225,p=0.1,cls=normal,legal=44,accN=1,bandN=7,gaps=1:0,2:68,3:72,4:74,5:75,6:94,7:97,8:124
GM|2|M3-MG_QB3-C1-R2|8|side=1|cfg=T_DA|kind=master|move=g6g5|hit=best|slot=1|gap=0|depth=19|nodes=3560660|legal=34|probs=mpv=1
GM|2|M3-MG_QB3-C1-R2|9|side=-1|cfg=T_GAO|kind=undefined|move=h0h5|hit=above|slot=1|gap=0|depth=12|nodes=634023|legal=50|probs=cap=25,mcap=225,p=0.1,cls=normal,legal=50,accN=1,bandN=7,gaps=1:0,2:39,3:84,4:86,5:93,6:100,7:137,8:131
GM|2|M3-MG_QB3-C1-R2|10|side=1|cfg=T_DA|kind=master|move=e5e4|hit=best|slot=1|gap=0|depth=21|nodes=3500019|legal=33|probs=mpv=1
GM|2|M3-MG_QB3-C1-R2|11|side=-1|cfg=T_GAO|kind=undefined|move=f2e4|hit=above|slot=1|gap=0|depth=13|nodes=633086|legal=45|probs=cap=25,mcap=225,p=0.1,cls=normal,legal=45,accN=1,bandN=7,gaps=1:0,2:58,3:73,4:80,5:101,6:112,7:138,8:151
GM|2|M3-MG_QB3-C1-R2|12|side=1|cfg=T_DA|kind=master|move=h6e6|hit=best|slot=1|gap=0|depth=19|nodes=3557421|legal=32|probs=mpv=1
GM|2|M3-MG_QB3-C1-R2|13|side=-1|cfg=T_GAO|kind=undefined|move=g3g4|hit=cap|slot=2|gap=15|depth=12|nodes=639135|legal=44|probs=cap=25,mcap=225,p=0.1,cls=normal,legal=44,accN=2,bandN=6,gaps=1:0,2:15,3:29,4:34,5:47,6:56,7:79,8:81
GM|2|M3-MG_QB3-C1-R2|14|side=1|cfg=T_DA|kind=master|move=g5g4|hit=best|slot=1|gap=0|depth=21|nodes=3775140|legal=31|probs=mpv=1
GM|2|M3-MG_QB3-C1-R2|15|side=-1|cfg=T_GAO|kind=undefined|move=i2g4|hit=above|slot=1|gap=0|depth=12|nodes=591086|legal=50|probs=cap=25,mcap=225,p=0.1,cls=normal,legal=50,accN=1,bandN=7,gaps=1:0,2:26,3:34,4:44,5:58,6:61,7:79,8:81
GM|2|M3-MG_QB3-C1-R2|16|side=1|cfg=T_DA|kind=master|move=e8e9|hit=best|slot=1|gap=0|depth=20|nodes=3693448|legal=31|probs=mpv=1
GM|2|M3-MG_QB3-C1-R2|17|side=-1|cfg=T_GAO|kind=undefined|move=g2f4|hit=above|slot=1|gap=0|depth=11|nodes=570277|legal=51|probs=cap=25,mcap=225,p=0.1,cls=normal,legal=51,accN=1,bandN=7,gaps=1:0,2:29,3:49,4:65,5:67,6:68,7:85,8:89
GM|2|M3-MG_QB3-C1-R2|18|side=1|cfg=T_DA|kind=master|move=i9i8|hit=best|slot=1|gap=0|depth=22|nodes=3699723|legal=36|probs=mpv=1
GM|2|M3-MG_QB3-C1-R2|19|side=-1|cfg=T_GAO|kind=undefined|move=a2c0|hit=rand|slot=7|gap=63|depth=11|nodes=627116|legal=51|probs=cap=25,mcap=225,p=0.1,cls=normal,legal=51,accN=4,bandN=4,gaps=1:0,2:14,3:20,4:24,5:27,6:39,7:63,8:72,wouldBe=4,agap=63
GM|2|M3-MG_QB3-C1-R2|20|side=1|cfg=T_DA|kind=master|move=i8g8|hit=best|slot=1|gap=0|depth=19|nodes=3417865|legal=39|probs=mpv=1
GM|2|M3-MG_QB3-C1-R2|21|side=-1|cfg=T_GAO|kind=undefined|move=i1f1|hit=cap|slot=3|gap=17|depth=11|nodes=651470|legal=50|probs=cap=25,mcap=225,p=0.1,cls=normal,legal=50,accN=3,bandN=5,gaps=1:0,2:15,3:17,4:34,5:38,6:60,7:66,8:72
GM|2|M3-MG_QB3-C1-R2|22|side=1|cfg=T_DA|kind=master|move=b8f8|hit=best|slot=1|gap=0|depth=23|nodes=3857356|legal=40|probs=mpv=1
GM|2|M3-MG_QB3-C1-R2|23|side=-1|cfg=T_GAO|kind=undefined|move=h5e5|hit=cap|slot=2|gap=6|depth=11|nodes=660115|legal=50|probs=cap=25,mcap=225,p=0.1,cls=normal,legal=50,accN=2,bandN=6,gaps=1:0,2:6,3:31,4:62,5:64,6:124,7:106,8:121
GM|2|M3-MG_QB3-C1-R2|24|side=1|cfg=T_DA|kind=master|move=g8g4|hit=best|slot=1|gap=0|depth=27|nodes=3657492|legal=33|probs=mpv=1
GM|2|M3-MG_QB3-C1-R2|25|side=-1|cfg=T_GAO|kind=undefined|move=c0e2|hit=cap|slot=4|gap=20|depth=13|nodes=677051|legal=41|probs=cap=25,mcap=225,p=0.1,cls=normal,legal=41,accN=4,bandN=1,gaps=1:0,2:0,3:15,4:20,5:131,6:227,7:265,8:330
GM|2|M3-MG_QB3-C1-R2|26|side=1|cfg=T_DA|kind=master|move=g4f4|hit=best|slot=1|gap=0|depth=26|nodes=3740967|legal=42|probs=mpv=1
GM|2|M3-MG_QB3-C1-R2|27|side=-1|cfg=T_GAO|kind=undefined|move=f1f4|hit=above|slot=1|gap=0|depth=15|nodes=628439|legal=41|probs=cap=0,mcap=700,p=0.1,cls=hard,legal=41,accN=1,bandN=7,gaps=1:0,2:570,3:582,4:591,5:615,6:624,7:632,8:604
GM|2|M3-MG_QB3-C1-R2|28|side=1|cfg=T_DA|kind=master|move=f8f4|hit=best|slot=1|gap=0|depth=27|nodes=3777301|legal=31|probs=mpv=1
GM|2|M3-MG_QB3-C1-R2|29|side=-1|cfg=T_GAO|kind=undefined|move=i4i7|hit=above|slot=1|gap=0|depth=13|nodes=631879|legal=31|probs=cap=25,mcap=225,p=0.1,cls=normal,legal=31,accN=1,bandN=1,gaps=1:0,2:48,3:395,4:412,5:446,6:438,7:450,8:471
GM|2|M3-MG_QB3-C1-R2|30|side=1|cfg=T_DA|kind=master|move=f9e8|hit=best|slot=1|gap=0|depth=25|nodes=3591429|legal=29|probs=mpv=1
GM|2|M3-MG_QB3-C1-R2|31|side=-1|cfg=T_GAO|kind=undefined|move=i7i9|hit=above|slot=1|gap=0|depth=13|nodes=682677|legal=33|probs=cap=25,mcap=225,p=0.1,cls=normal,legal=33,accN=1,bandN=4,gaps=1:0,2:58,3:75,4:197,5:217,6:366,7:402,8:405
GM|2|M3-MG_QB3-C1-R2|32|side=1|cfg=T_DA|kind=master|move=g9i7|hit=best|slot=1|gap=0|depth=28|nodes=3631197|legal=3|probs=mpv=1
GM|2|M3-MG_QB3-C1-R2|33|side=-1|cfg=T_GAO|kind=undefined|move=i9i6|hit=cap|slot=4|gap=13|depth=12|nodes=615499|legal=34|probs=cap=25,mcap=225,p=0.1,cls=normal,legal=34,accN=4,bandN=4,gaps=1:0,2:0,3:4,4:13,5:56,6:59,7:62,8:75
GM|2|M3-MG_QB3-C1-R2|34|side=1|cfg=T_DA|kind=master|move=e9f9|hit=best|slot=1|gap=0|depth=22|nodes=3896896|legal=40|probs=mpv=1
GM|2|M3-MG_QB3-C1-R2|35|side=-1|cfg=T_GAO|kind=undefined|move=i6c6|hit=above|slot=1|gap=0|depth=12|nodes=681231|legal=34|probs=cap=25,mcap=225,p=0.1,cls=normal,legal=34,accN=1,bandN=7,gaps=1:0,2:38,3:89,4:66,5:77,6:109,7:117,8:125
GM|2|M3-MG_QB3-C1-R2|36|side=1|cfg=T_DA|kind=master|move=f4f0|hit=best|slot=1|gap=0|depth=24|nodes=4035846|legal=39|probs=mpv=1
GM|2|M3-MG_QB3-C1-R2|37|side=-1|cfg=T_GAO|kind=undefined|move=e0e1|hit=above|slot=1|gap=0|depth=19|nodes=620764|legal=1|probs=cap=25,mcap=225,p=0.1,cls=normal,legal=1,accN=1,bandN=0,gaps=1:0
GM|2|M3-MG_QB3-C1-R2|38|side=1|cfg=T_DA|kind=master|move=f0f1|hit=best|slot=1|gap=0|depth=21|nodes=3849525|legal=40|probs=mpv=1
GM|2|M3-MG_QB3-C1-R2|39|side=-1|cfg=T_GAO|kind=undefined|move=e1e0|hit=above|slot=1|gap=0|depth=16|nodes=568008|legal=1|probs=cap=25,mcap=225,p=0.1,cls=normal,legal=1,accN=1,bandN=0,gaps=1:0
GM|2|M3-MG_QB3-C1-R2|40|side=1|cfg=T_DA|kind=master|move=f1f0|hit=best|slot=1|gap=0|depth=23|nodes=3900303|legal=43|probs=mpv=1
GM|2|M3-MG_QB3-C1-R2|41|side=-1|cfg=T_GAO|kind=undefined|move=e0e1|hit=above|slot=1|gap=0|depth=18|nodes=554385|legal=1|probs=cap=25,mcap=225,p=0.1,cls=normal,legal=1,accN=1,bandN=0,gaps=1:0
GM|2|M3-MG_QB3-C1-R2|42|side=1|cfg=T_DA|kind=master|move=f0f1|hit=best|slot=1|gap=0|depth=24|nodes=3970546|legal=40|probs=mpv=1
GM|2|M3-MG_QB3-C1-R2|43|side=-1|cfg=T_GAO|kind=undefined|move=e1e0|hit=above|slot=1|gap=0|depth=17|nodes=559184|legal=1|probs=cap=25,mcap=225,p=0.1,cls=normal,legal=1,accN=1,bandN=0,gaps=1:0
GM|2|M3-MG_QB3-C1-R2|44|side=1|cfg=T_DA|kind=master|move=f1f0|hit=best|slot=1|gap=0|depth=25|nodes=3949922|legal=43|probs=mpv=1
GE|2|M3-MG_QB3-C1-R2|END|winner=lo|reason=%E9%BB%91%E6%96%B9%E9%95%BF%E5%B0%86%E9%BB%91%E6%96%B9%E8%B4%9F|plies=44|tierMoves=44|invalid=0|crit=0|hiSide=-1|stats=T_GAO:n=22,rand=1,cap=7,above=14,bmiss=0,gapMean=8,gapMax=63;T_DA:n=22,rand=0,cap=0,above=0,bmiss=0,gapMean=0,gapMax=0
PROG|2|M3-MG_QB3-C1-R2
G|2|M4-MG_QB3-C0-R2|START|pos=MG_QB3|pair=%E9%AB%98%E6%89%8B_vs_%E4%B8%9A%E4%BD%99|hi=T_GAO|lo=T_YOU|hiFirst=1|fen=1n1a1abnr/r3k4/4b4/pcp3pcp/4p4/2C6/P1P1P1P1P/B5N1B/3N4R/R2AKA1C1 w - - 0 1
GM|2|M4-MG_QB3-C0-R2|1|side=-1|cfg=T_GAO|kind=undefined|move=i1h1|hit=above|slot=1|gap=0|depth=10|nodes=614416|legal=39|probs=cap=25,mcap=225,p=0.1,cls=normal,legal=39,accN=1,bandN=7,gaps=1:0,2:32,3:38,4:126,5:128,6:136,7:157,8:160
GM|2|M4-MG_QB3-C0-R2|2|side=1|cfg=T_YOU|kind=undefined|move=h9g7|hit=rand|slot=5|gap=148|depth=13|nodes=575328|legal=39|probs=cap=80,mcap=280,p=0.5,cls=normal,legal=39,accN=1,bandN=7,gaps=1:0,2:127,3:131,4:145,5:148,6:154,7:174,8:177,wouldBe=1,agap=148
GM|2|M4-MG_QB3-C0-R2|3|side=-1|cfg=T_GAO|kind=undefined|move=a0b0|hit=cap|slot=3|gap=17|depth=12|nodes=508557|legal=38|probs=cap=25,mcap=225,p=0.1,cls=normal,legal=38,accN=3,bandN=4,gaps=1:0,2:5,3:17,4:94,5:119,6:155,7:170,8:230
GM|2|M4-MG_QB3-C0-R2|4|side=1|cfg=T_YOU|kind=undefined|move=a8d8|hit=cap|slot=7|gap=78|depth=12|nodes=517349|legal=41|probs=cap=80,mcap=280,p=0.5,cls=normal,legal=41,accN=7,bandN=1,gaps=1:0,2:21,3:24,4:37,5:49,6:59,7:78,8:92
GM|2|M4-MG_QB3-C0-R2|5|side=-1|cfg=T_GAO|kind=undefined|move=h1h6|hit=cap|slot=2|gap=21|depth=13|nodes=510554|legal=42|probs=cap=25,mcap=225,p=0.1,cls=normal,legal=42,accN=2,bandN=5,gaps=1:0,2:21,3:36,4:93,5:169,6:190,7:208,8:226
GM|2|M4-MG_QB3-C0-R2|6|side=1|cfg=T_YOU|kind=undefined|move=g6g5|hit=cap|slot=8|gap=57|depth=12|nodes=490348|legal=35|probs=cap=80,mcap=280,p=0.5,cls=normal,legal=35,accN=8,bandN=0,gaps=1:0,2:0,3:4,4:11,5:22,6:31,7:45,8:57
GM|2|M4-MG_QB3-C0-R2|7|side=-1|cfg=T_GAO|kind=undefined|move=b0b6|hit=cap|slot=2|gap=21|depth=13|nodes=462033|legal=52|probs=cap=25,mcap=225,p=0.1,cls=normal,legal=52,accN=2,bandN=6,gaps=1:0,2:21,3:47,4:74,5:92,6:92,7:95,8:103
GM|2|M4-MG_QB3-C0-R2|8|side=1|cfg=T_YOU|kind=undefined|move=d8d1|hit=bmiss|slot=8|gap=44|depth=11|nodes=455614|legal=29|probs=cap=80,mcap=280,p=0.5,cls=normal,legal=29,accN=8,bandN=0,gaps=1:0,2:26,3:31,4:0,5:13,6:21,7:33,8:44,band=0
GM|2|M4-MG_QB3-C0-R2|9|side=-1|cfg=T_GAO|kind=undefined|move=h6h8|hit=above|slot=1|gap=0|depth=11|nodes=476721|legal=52|probs=cap=25,mcap=225,p=0.1,cls=normal,legal=52,accN=1,bandN=7,gaps=1:0,2:94,3:96,4:97,5:100,6:100,7:108,8:111
GM|2|M4-MG_QB3-C0-R2|10|side=1|cfg=T_YOU|kind=undefined|move=e8e9|hit=bmiss|slot=1|gap=0|depth=14|nodes=463208|legal=1|probs=cap=80,mcap=280,p=0.5,cls=normal,legal=1,accN=1,bandN=0,gaps=1:0,band=0
GM|2|M4-MG_QB3-C0-R2|11|side=-1|cfg=T_GAO|kind=undefined|move=c4i4|hit=above|slot=1|gap=0|depth=12|nodes=482810|legal=56|probs=cap=25,mcap=225,p=0.1,cls=normal,legal=56,accN=1,bandN=7,gaps=1:0,2:116,3:118,4:119,5:127,6:129,7:140,8:148
GM|2|M4-MG_QB3-C0-R2|12|side=1|cfg=T_YOU|kind=undefined|move=g5g4|hit=cap|slot=7|gap=35|depth=12|nodes=518389|legal=37|probs=cap=80,mcap=280,p=0.5,cls=normal,legal=37,accN=8,bandN=0,gaps=1:0,2:5,3:11,4:23,5:24,6:30,7:35,8:4
GM|2|M4-MG_QB3-C0-R2|13|side=-1|cfg=T_GAO|kind=undefined|move=g3g4|hit=cap|slot=4|gap=22|depth=12|nodes=498567|legal=51|probs=cap=25,mcap=225,p=0.1,cls=normal,legal=51,accN=4,bandN=4,gaps=1:0,2:9,3:9,4:22,5:42,6:45,7:55,8:61
GM|2|M4-MG_QB3-C0-R2|14|side=1|cfg=T_YOU|kind=undefined|move=i9i7|hit=bmiss|slot=3|gap=28|depth=12|nodes=500058|legal=37|probs=cap=80,mcap=280,p=0.5,cls=normal,legal=37,accN=8,bandN=0,gaps=1:0,2:17,3:28,4:12,5:16,6:21,7:22,8:24,band=0
GM|2|M4-MG_QB3-C0-R2|15|side=-1|cfg=T_GAO|kind=undefined|move=b6b8|hit=cap|slot=6|gap=22|depth=12|nodes=516670|legal=52|probs=cap=25,mcap=225,p=0.1,cls=normal,legal=52,accN=7,bandN=1,gaps=1:0,2:1,3:6,4:8,5:21,6:22,7:11,8:31
GM|2|M4-MG_QB3-C0-R2|16|side=1|cfg=T_YOU|kind=undefined|move=d1d2|hit=cap|slot=5|gap=38|depth=12|nodes=493267|legal=35|probs=cap=80,mcap=280,p=0.5,cls=normal,legal=35,accN=8,bandN=0,gaps=1:0,2:11,3:26,4:28,5:38,6:36,7:23,8:28
GM|2|M4-MG_QB3-C0-R2|17|side=-1|cfg=T_GAO|kind=undefined|move=d0e1|hit=cap|slot=2|gap=13|depth=12|nodes=490518|legal=55|probs=cap=25,mcap=225,p=0.1,cls=normal,legal=55,accN=2,bandN=6,gaps=1:0,2:13,3:27,4:27,5:35,6:41,7:50,8:54
GM|2|M4-MG_QB3-C0-R2|18|side=1|cfg=T_YOU|kind=undefined|move=d2c2|hit=cap|slot=8|gap=33|depth=12|nodes=483194|legal=33|probs=cap=80,mcap=280,p=0.5,cls=normal,legal=33,accN=8,bandN=0,gaps=1:0,2:4,3:5,4:5,5:14,6:19,7:24,8:33
GM|2|M4-MG_QB3-C0-R2|19|side=-1|cfg=T_GAO|kind=undefined|move=i4i7|hit=above|slot=1|gap=0|depth=12|nodes=530681|legal=55|probs=cap=25,mcap=225,p=0.1,cls=normal,legal=55,accN=1,bandN=7,gaps=1:0,2:34,3:37,4:56,5:62,6:64,7:64,8:68
GM|2|M4-MG_QB3-C0-R2|20|side=1|cfg=T_YOU|kind=undefined|move=c6c5|hit=cap|slot=8|gap=31|depth=11|nodes=553305|legal=25|probs=cap=80,mcap=280,p=0.5,cls=normal,legal=25,accN=8,bandN=0,gaps=1:0,2:5,3:9,4:14,5:24,6:24,7:25,8:31
GM|2|M4-MG_QB3-C0-R2|21|side=-1|cfg=T_GAO|kind=undefined|move=i7i9|hit=cap|slot=2|gap=15|depth=11|nodes=555143|legal=57|probs=cap=25,mcap=225,p=0.1,cls=normal,legal=57,accN=2,bandN=6,gaps=1:0,2:15,3:40,4:46,5:49,6:51,7:57,8:63
GM|2|M4-MG_QB3-C0-R2|22|side=1|cfg=T_YOU|kind=undefined|move=b9d8|hit=cap|slot=7|gap=47|depth=10|nodes=583272|legal=23|probs=cap=80,mcap=280,p=0.5,cls=normal,legal=23,accN=6,bandN=2,gaps=1:0,2:26,3:149,4:0,5:41,6:45,7:47,8:94
GM|2|M4-MG_QB3-C0-R2|23|side=-1|cfg=T_GAO|kind=undefined|move=h8d8|hit=bmiss|slot=1|gap=0|depth=14|nodes=671912|legal=53|probs=cap=25,mcap=225,p=0.1,cls=normal,legal=53,accN=1,bandN=0,gaps=1:0,2:496,3:605,4:630,5:719,6:722,7:743,8:761,band=0
GM|2|M4-MG_QB3-C0-R2|24|side=1|cfg=T_YOU|kind=undefined|move=g7h9|hit=bmiss|slot=1|gap=0|depth=20|nodes=647560|legal=21|probs=cap=80,mcap=280,p=0.5,cls=normal,legal=21,accN=8,bandN=0,gaps=1:0,2:0,3:0,4:0,5:0,6:0,7:0,8:0,band=0
GM|2|M4-MG_QB3-C0-R2|25|side=-1|cfg=T_GAO|kind=undefined|move=d8h8|hit=above|slot=1|gap=0|depth=14|nodes=680289|legal=54|probs=cap=25,mcap=225,p=0.1,cls=normal,legal=54,accN=1,bandN=0,gaps=1:0,2:312,3:339,4:442,5:507,6:582,7:611,8:640
GM|2|M4-MG_QB3-C0-R2|26|side=1|cfg=T_YOU|kind=undefined|move=c2g2|hit=bmiss|slot=1|gap=0|depth=29|nodes=859501|legal=17|probs=cap=80,mcap=280,p=0.5,cls=normal,legal=17,accN=8,bandN=0,gaps=1:0,2:0,3:0,4:0,5:0,6:0,7:0,8:0,band=0
GM|2|M4-MG_QB3-C0-R2|27|side=-1|cfg=T_GAO|kind=undefined|move=h0h9|hit=above|slot=1|gap=0|depth=13|nodes=604358|legal=54|probs=cap=25,mcap=225,p=0.1,cls=normal,legal=54,accN=1,bandN=1,gaps=1:0,2:100,3:600,4:97829,5:97830,6:97902,7:97903,8:98066
GM|2|M4-MG_QB3-C0-R2|28|side=1|cfg=T_YOU|kind=undefined|move=g2a2|hit=above|slot=1|gap=0|depth=101|nodes=2154228|legal=19|probs=cap=80,mcap=280,p=0.5,cls=normal,legal=19,accN=8,bandN=0,gaps=1:0,2:0,3:0,4:0,5:0,6:0,7:0,8:0
GM|2|M4-MG_QB3-C0-R2|29|side=-1|cfg=T_GAO|kind=undefined|move=h8f8|hit=above|slot=1|gap=0|depth=45|nodes=1300226|legal=43|probs=cap=25,mcap=225,p=0.1,cls=normal,legal=43,accN=3,bandN=5,gaps=1:0,2:0,3:0,4:100,5:100,6:100,7:100,8:100
GM|2|M4-MG_QB3-C0-R2|30|side=1|cfg=T_YOU|kind=undefined|move=a2a0|hit=above|slot=1|gap=0|depth=245|nodes=159546|legal=18|probs=cap=80,mcap=280,p=0.5,cls=normal,legal=18,accN=8,bandN=0,gaps=1:0,2:0,3:0,4:0,5:0,6:0,7:0,8:0
GM|2|M4-MG_QB3-C0-R2|31|side=-1|cfg=T_GAO|kind=undefined|move=e1d0|hit=above|slot=1|gap=0|depth=245|nodes=96301|legal=2|probs=cap=25,mcap=225,p=0.1,cls=normal,legal=2,accN=1,bandN=1,gaps=1:0,2:100
GM|2|M4-MG_QB3-C0-R2|32|side=1|cfg=T_YOU|kind=undefined|move=a0d0|hit=above|slot=1|gap=0|depth=245|nodes=101183|legal=13|probs=cap=80,mcap=280,p=0.5,cls=normal,legal=13,accN=8,bandN=0,gaps=1:0,2:0,3:0,4:0,5:0,6:0,7:0,8:0
GM|2|M4-MG_QB3-C0-R2|33|side=-1|cfg=T_GAO|kind=undefined|move=e0d0|hit=above|slot=1|gap=0|depth=245|nodes=56148|legal=2|probs=cap=25,mcap=225,p=0.1,cls=normal,legal=2,accN=1,bandN=1,gaps=1:0,2:100
GM|2|M4-MG_QB3-C0-R2|34|side=1|cfg=T_YOU|kind=undefined|move=c5c4|hit=above|slot=1|gap=0|depth=245|nodes=39980|legal=7|probs=cap=80,mcap=280,p=0.5,cls=normal,legal=7,accN=7,bandN=0,gaps=1:0,2:0,3:0,4:0,5:0,6:0,7:0
GM|2|M4-MG_QB3-C0-R2|35|side=-1|cfg=T_GAO|kind=undefined|move=e3e4|hit=rand|slot=5|gap=100|depth=245|nodes=450491|legal=49|probs=cap=25,mcap=225,p=0.1,cls=normal,legal=49,accN=2,bandN=6,gaps=1:0,2:0,3:100,4:100,5:100,6:100,7:100,8:100,wouldBe=1,agap=100
GM|2|M4-MG_QB3-C0-R2|36|side=1|cfg=T_YOU|kind=undefined|move=c4c3|hit=bmiss|slot=1|gap=0|depth=245|nodes=64477|legal=10|probs=cap=80,mcap=280,p=0.5,cls=normal,legal=10,accN=8,bandN=0,gaps=1:0,2:0,3:0,4:0,5:0,6:0,7:0,8:0,band=0
GM|2|M4-MG_QB3-C0-R2|37|side=-1|cfg=T_GAO|kind=undefined|move=f8f9|hit=above|slot=1|gap=0|depth=245|nodes=451720|legal=48|probs=cap=25,mcap=225,p=0.1,cls=normal,legal=48,accN=2,bandN=6,gaps=1:0,2:0,3:100,4:100,5:100,6:100,7:100,8:100
GE|2|M4-MG_QB3-C0-R2|END|winner=hi|reason=%E5%B0%86%E6%AD%BB|plies=37|tierMoves=37|invalid=0|crit=0|hiSide=1|stats=T_GAO:n=19,rand=1,cap=7,above=10,bmiss=1,gapMean=12,gapMax=100;T_YOU:n=18,rand=1,cap=7,above=4,bmiss=6,gapMean=30,gapMax=148
PROG|2|M4-MG_QB3-C0-R2
G|2|M4-INIT-C1-R2|START|pos=INIT|pair=%E9%AB%98%E6%89%8B_vs_%E4%B8%9A%E4%BD%99|hi=T_GAO|lo=T_YOU|hiFirst=0|fen=rnbakabnr/9/1c5c1/p1p1p1p1p/9/9/P1P1P1P1P/1C5C1/9/RNBAKABNR w - - 0 1
GM|2|M4-INIT-C1-R2|1|side=-1|cfg=T_YOU|kind=undefined|move=b2f2|hit=cap|slot=8|gap=22|depth=12|nodes=565231|legal=44|probs=cap=80,mcap=280,p=0.5,cls=opening,legal=44,accN=8,bandN=0,gaps=1:0,2:1,3:4,4:5,5:8,6:14,7:16,8:22
GM|2|M4-INIT-C1-R2|2|side=1|cfg=T_GAO|kind=undefined|move=b9a7|hit=cap|slot=8|gap=11|depth=14|nodes=568609|legal=45|probs=cap=25,mcap=225,p=0.1,cls=opening,legal=45,accN=8,bandN=0,gaps=1:0,2:0,3:0,4:0,5:0,6:1,7:1,8:11
GM|2|M4-INIT-C1-R2|3|side=-1|cfg=T_YOU|kind=undefined|move=d0e1|hit=cap|slot=8|gap=23|depth=12|nodes=594731|legal=41|probs=cap=80,mcap=280,p=0.5,cls=opening,legal=41,accN=8,bandN=0,gaps=1:0,2:6,3:9,4:11,5:14,6:13,7:17,8:23
GM|2|M4-INIT-C1-R2|4|side=1|cfg=T_GAO|kind=undefined|move=b7d7|hit=bmiss|slot=7|gap=20|depth=14|nodes=620886|legal=43|probs=cap=25,mcap=225,p=0.1,cls=opening,legal=43,accN=8,bandN=0,gaps=1:0,2:12,3:14,4:15,5:19,6:19,7:20,8:20,band=0
GM|2|M4-INIT-C1-R2|5|side=-1|cfg=T_YOU|kind=undefined|move=c3c4|hit=bmiss|slot=8|gap=15|depth=14|nodes=633434|legal=41|probs=cap=80,mcap=280,p=0.5,cls=opening,legal=41,accN=8,bandN=0,gaps=1:0,2:3,3:7,4:11,5:6,6:10,7:14,8:15,band=0
GM|2|M4-INIT-C1-R2|6|side=1|cfg=T_GAO|kind=undefined|move=h7f7|hit=cap|slot=6|gap=13|depth=15|nodes=632403|legal=42|probs=cap=25,mcap=225,p=0.1,cls=opening,legal=42,accN=8,bandN=0,gaps=1:0,2:0,3:5,4:6,5:7,6:13,7:13,8:13
GM|2|M4-INIT-C1-R2|7|side=-1|cfg=T_YOU|kind=undefined|move=i3i4|hit=cap|slot=8|gap=20|depth=14|nodes=627827|legal=41|probs=cap=80,mcap=280,p=0.5,cls=opening,legal=41,accN=8,bandN=0,gaps=1:0,2:3,3:4,4:7,5:9,6:11,7:17,8:20
GM|2|M4-INIT-C1-R2|8|side=1|cfg=T_GAO|kind=undefined|move=g6g5|hit=cap|slot=8|gap=17|depth=14|nodes=641454|legal=40|probs=cap=25,mcap=225,p=0.1,cls=opening,legal=40,accN=8,bandN=0,gaps=1:0,2:12,3:10,4:10,5:10,6:12,7:13,8:17
GM|2|M4-INIT-C1-R2|9|side=-1|cfg=T_YOU|kind=undefined|move=h2h6|hit=bmiss|slot=8|gap=36|depth=15|nodes=669033|legal=42|probs=cap=80,mcap=280,p=0.5,cls=opening,legal=42,accN=8,bandN=0,gaps=1:0,2:15,3:15,4:17,5:23,6:27,7:32,8:36,band=0
GM|2|M4-INIT-C1-R2|10|side=1|cfg=T_GAO|kind=undefined|move=d9e8|hit=bmiss|slot=8|gap=15|depth=15|nodes=638362|legal=40|probs=cap=25,mcap=225,p=0.1,cls=opening,legal=40,accN=8,bandN=0,gaps=1:0,2:4,3:2,4:4,5:5,6:6,7:11,8:15,band=0
GM|2|M4-INIT-C1-R2|11|side=-1|cfg=T_YOU|kind=undefined|move=b0a2|hit=bmiss|slot=8|gap=35|depth=15|nodes=630319|legal=45|probs=cap=80,mcap=280,p=0.5,cls=opening,legal=45,accN=8,bandN=0,gaps=1:0,2:3,3:5,4:9,5:12,6:30,7:34,8:35,band=0
GM|2|M4-INIT-C1-R2|12|side=1|cfg=T_GAO|kind=undefined|move=i9i7|hit=cap|slot=7|gap=24|depth=12|nodes=649560|legal=40|probs=cap=25,mcap=225,p=0.1,cls=opening,legal=40,accN=7,bandN=1,gaps=1:0,2:7,3:10,4:19,5:21,6:23,7:24,8:43
GM|2|M4-INIT-C1-R2|13|side=-1|cfg=T_YOU|kind=undefined|move=a2b0|hit=cap|slot=8|gap=65|depth=12|nodes=611487|legal=44|probs=cap=80,mcap=280,p=0.5,cls=opening,legal=44,accN=8,bandN=0,gaps=1:0,2:36,3:57,4:58,5:61,6:56,7:63,8:65
GM|2|M4-INIT-C1-R2|14|side=1|cfg=T_GAO|kind=undefined|move=a9b9|hit=cap|slot=6|gap=19|depth=13|nodes=656418|legal=39|probs=cap=25,mcap=225,p=0.1,cls=opening,legal=39,accN=6,bandN=2,gaps=1:0,2:4,3:4,4:13,5:16,6:19,7:32,8:33
GM|2|M4-INIT-C1-R2|15|side=-1|cfg=T_YOU|kind=undefined|move=i0i2|hit=rand|slot=6|gap=102|depth=13|nodes=630707|legal=45|probs=cap=80,mcap=280,p=0.5,cls=opening,legal=45,accN=3,bandN=5,gaps=1:0,2:3,3:80,4:94,5:98,6:102,7:146,8:158,wouldBe=3,agap=102
GM|2|M4-INIT-C1-R2|16|side=1|cfg=T_GAO|kind=undefined|move=c9e7|hit=cap|slot=3|gap=16|depth=12|nodes=579179|legal=46|probs=cap=25,mcap=225,p=0.1,cls=opening,legal=46,accN=3,bandN=5,gaps=1:0,2:0,3:16,4:55,5:62,6:68,7:73,8:80
GM|2|M4-INIT-C1-R2|17|side=-1|cfg=T_YOU|kind=undefined|move=i4i5|hit=cap|slot=7|gap=79|depth=10|nodes=638918|legal=44|probs=cap=80,mcap=280,p=0.5,cls=opening,legal=44,accN=7,bandN=1,gaps=1:0,2:24,3:32,4:73,5:73,6:77,7:79,8:98
GM|2|M4-INIT-C1-R2|18|side=1|cfg=T_GAO|kind=undefined|move=i6i5|hit=above|slot=1|gap=0|depth=14|nodes=635750|legal=46|probs=cap=25,mcap=225,p=0.1,cls=opening,legal=46,accN=1,bandN=4,gaps=1:0,2:147,3:216,4:220,5:225,6:227,7:233,8:232
GM|2|M4-INIT-C1-R2|19|side=-1|cfg=T_YOU|kind=undefined|move=i2h2|hit=rand|slot=6|gap=116|depth=13|nodes=556835|legal=46|probs=cap=80,mcap=280,p=0.5,cls=opening,legal=46,accN=2,bandN=6,gaps=1:0,2:72,3:83,4:109,5:110,6:116,7:122,8:143,wouldBe=2,agap=116
GM|2|M4-INIT-C1-R2|20|side=1|cfg=T_GAO|kind=undefined|move=b9b5|hit=rand|slot=5|gap=120|depth=12|nodes=611952|legal=47|probs=cap=25,mcap=225,p=0.1,cls=opening,legal=47,accN=1,bandN=7,gaps=1:0,2:44,3:75,4:110,5:120,6:127,7:139,8:144,wouldBe=1,agap=120
GM|2|M4-INIT-C1-R2|21|side=-1|cfg=T_YOU|kind=undefined|move=h0g2|hit=rand|slot=7|gap=87|depth=13|nodes=618286|legal=44|probs=cap=80,mcap=280,p=0.5,cls=opening,legal=44,accN=6,bandN=2,gaps=1:0,2:63,3:72,4:74,5:76,6:78,7:87,8:82,wouldBe=6,agap=87
GM|2|M4-INIT-C1-R2|22|side=1|cfg=T_GAO|kind=undefined|move=h9g7|hit=above|slot=1|gap=0|depth=12|nodes=546573|legal=50|probs=cap=25,mcap=225,p=0.1,cls=opening,legal=50,accN=1,bandN=7,gaps=1:0,2:32,3:69,4:72,5:91,6:102,7:121,8:124
GM|2|M4-INIT-C1-R2|23|side=-1|cfg=T_YOU|kind=undefined|move=f2e2|hit=cap|slot=5|gap=49|depth=12|nodes=567604|legal=43|probs=cap=80,mcap=280,p=0.5,cls=opening,legal=43,accN=8,bandN=0,gaps=1:0,2:30,3:32,4:35,5:49,6:28,7:28,8:36
GM|2|M4-INIT-C1-R2|24|side=1|cfg=T_GAO|kind=undefined|move=b5b1|hit=above|slot=1|gap=0|depth=13|nodes=530326|legal=52|probs=cap=25,mcap=225,p=0.1,cls=opening,legal=52,accN=1,bandN=7,gaps=1:0,2:49,3:58,4:64,5:86,6:97,7:106,8:109
GM|2|M4-INIT-C1-R2|25|side=-1|cfg=T_YOU|kind=undefined|move=e1d0|hit=cap|slot=8|gap=76|depth=12|nodes=510109|legal=34|probs=cap=80,mcap=280,p=0.5,cls=opening,legal=34,accN=8,bandN=0,gaps=1:0,2:20,3:50,4:57,5:52,6:60,7:73,8:76
GM|2|M4-INIT-C1-R2|26|side=1|cfg=T_GAO|kind=undefined|move=i7h7|hit=cap|slot=3|gap=25|depth=12|nodes=502651|legal=54|probs=cap=25,mcap=225,p=0.1,cls=opening,legal=54,accN=3,bandN=5,gaps=1:0,2:16,3:25,4:33,5:35,6:44,7:48,8:51
GM|2|M4-INIT-C1-R2|27|side=-1|cfg=T_YOU|kind=undefined|move=g2e1|hit=cap|slot=7|gap=58|depth=11|nodes=508626|legal=31|probs=cap=80,mcap=280,p=0.5,cls=opening,legal=31,accN=8,bandN=0,gaps=1:0,2:6,3:6,4:30,5:42,6:48,7:58,8:16
GM|2|M4-INIT-C1-R2|28|side=1|cfg=T_GAO|kind=undefined|move=d7d6|hit=above|slot=1|gap=0|depth=13|nodes=478804|legal=49|probs=cap=25,mcap=225,p=0.1,cls=opening,legal=49,accN=1,bandN=7,gaps=1:0,2:28,3:34,4:47,5:51,6:58,7:65,8:78
GM|2|M4-INIT-C1-R2|29|side=-1|cfg=T_YOU|kind=undefined|move=h6h4|hit=bmiss|slot=8|gap=18|depth=12|nodes=497096|legal=31|probs=cap=80,mcap=280,p=0.5,cls=opening,legal=31,accN=8,bandN=0,gaps=1:0,2:8,3:3,4:3,5:8,6:13,7:16,8:18,band=0
GM|2|M4-INIT-C1-R2|30|side=1|cfg=T_GAO|kind=undefined|move=g7f5|hit=cap|slot=2|gap=17|depth=12|nodes=491965|legal=49|probs=cap=25,mcap=225,p=0.1,cls=opening,legal=49,accN=2,bandN=6,gaps=1:0,2:17,3:67,4:77,5:78,6:84,7:93,8:99
GM|2|M4-INIT-C1-R2|31|side=-1|cfg=T_YOU|kind=undefined|move=h4h5|hit=bmiss|slot=8|gap=34|depth=12|nodes=471933|legal=30|probs=cap=80,mcap=280,p=0.5,cls=opening,legal=30,accN=8,bandN=0,gaps=1:0,2:4,3:14,4:22,5:23,6:24,7:28,8:34,band=0
GM|2|M4-INIT-C1-R2|32|side=1|cfg=T_GAO|kind=undefined|move=f5g3|hit=above|slot=1|gap=0|depth=12|nodes=483698|legal=47|probs=cap=25,mcap=225,p=0.1,cls=opening,legal=47,accN=1,bandN=7,gaps=1:0,2:26,3:28,4:33,5:39,6:49,7:53,8:54
GM|2|M4-INIT-C1-R2|33|side=-1|cfg=T_YOU|kind=undefined|move=a3a4|hit=bmiss|slot=7|gap=52|depth=11|nodes=466174|legal=25|probs=cap=80,mcap=280,p=0.5,cls=opening,legal=25,accN=8,bandN=0,gaps=1:0,2:14,3:23,4:33,5:35,6:38,7:52,8:33,band=0
GM|2|M4-INIT-C1-R2|34|side=1|cfg=T_GAO|kind=undefined|move=h7h5|hit=above|slot=1|gap=0|depth=12|nodes=482226|legal=55|probs=cap=25,mcap=225,p=0.1,cls=opening,legal=55,accN=1,bandN=7,gaps=1:0,2:35,3:45,4:55,5:56,6:64,7:74,8:74
GM|2|M4-INIT-C1-R2|35|side=-1|cfg=T_YOU|kind=undefined|move=h2f2|hit=cap|slot=3|gap=57|depth=13|nodes=482680|legal=24|probs=cap=80,mcap=280,p=0.5,cls=opening,legal=24,accN=3,bandN=5,gaps=1:0,2:45,3:57,4:83,5:173,6:196,7:244,8:263
GM|2|M4-INIT-C1-R2|36|side=1|cfg=T_GAO|kind=undefined|move=g3h1|hit=above|slot=1|gap=0|depth=11|nodes=470777|legal=58|probs=cap=25,mcap=225,p=0.1,cls=opening,legal=58,accN=1,bandN=7,gaps=1:0,2:34,3:34,4:35,5:52,6:56,7:41,8:46
GM|2|M4-INIT-C1-R2|37|side=-1|cfg=T_YOU|kind=undefined|move=f2f4|hit=cap|slot=4|gap=59|depth=11|nodes=484948|legal=22|probs=cap=80,mcap=280,p=0.5,cls=opening,legal=22,accN=4,bandN=3,gaps=1:0,2:33,3:58,4:59,5:122,6:109,7:114,8:99497
GM|2|M4-INIT-C1-R2|38|side=1|cfg=T_GAO|kind=undefined|move=f7g7|hit=cap|slot=2|gap=10|depth=11|nodes=505536|legal=51|probs=cap=25,mcap=225,p=0.1,cls=opening,legal=51,accN=2,bandN=6,gaps=1:0,2:10,3:29,4:31,5:35,6:39,7:42,8:50
GM|2|M4-INIT-C1-R2|39|side=-1|cfg=T_YOU|kind=undefined|move=f4f3|hit=cap|slot=8|gap=37|depth=11|nodes=505540|legal=30|probs=cap=80,mcap=280,p=0.5,cls=opening,legal=30,accN=7,bandN=1,gaps=1:0,2:8,3:30,4:31,5:88,6:24,7:27,8:37
GM|2|M4-INIT-C1-R2|40|side=1|cfg=T_GAO|kind=undefined|move=h5h3|hit=above|slot=1|gap=0|depth=11|nodes=515979|legal=51|probs=cap=25,mcap=225,p=0.1,cls=opening,legal=51,accN=1,bandN=7,gaps=1:0,2:26,3:40,4:54,5:64,6:80,7:89,8:105
GM|2|M4-INIT-C1-R2|41|side=-1|cfg=T_YOU|kind=undefined|move=f3f5|hit=bmiss|slot=3|gap=16|depth=12|nodes=489770|legal=27|probs=cap=80,mcap=280,p=0.5,cls=opening,legal=27,accN=3,bandN=0,gaps=1:0,2:12,3:16,4:319,5:442,6:799,7:1048,8:99864,band=0
GM|2|M4-INIT-C1-R2|42|side=1|cfg=T_GAO|kind=undefined|move=b1b5|hit=above|slot=1|gap=0|depth=11|nodes=506214|legal=55|probs=cap=25,mcap=225,p=0.1,cls=opening,legal=55,accN=1,bandN=7,gaps=1:0,2:51,3:53,4:83,5:83,6:91,7:97,8:113
GM|2|M4-INIT-C1-R2|43|side=-1|cfg=T_YOU|kind=undefined|move=e1g2|hit=rand|slot=4|gap=118|depth=11|nodes=500237|legal=33|probs=cap=80,mcap=280,p=0.5,cls=opening,legal=33,accN=3,bandN=1,gaps=1:0,2:6,3:38,4:118,5:311,6:358,7:375,8:407,wouldBe=3,agap=118
GM|2|M4-INIT-C1-R2|44|side=1|cfg=T_GAO|kind=undefined|move=b5f5|hit=above|slot=1|gap=0|depth=12|nodes=531860|legal=56|probs=cap=25,mcap=225,p=0.1,cls=opening,legal=56,accN=1,bandN=0,gaps=1:0,2:290,3:299,4:313,5:318,6:318,7:319,8:321
GM|2|M4-INIT-C1-R2|45|side=-1|cfg=T_YOU|kind=undefined|move=d0e1|hit=above|slot=1|gap=0|depth=12|nodes=535900|legal=25|probs=cap=80,mcap=280,p=0.5,cls=opening,legal=25,accN=1,bandN=1,gaps=1:0,2:243,3:353,4:1272,5:1364,6:99504,7:99304,8:99304
GM|2|M4-INIT-C1-R2|46|side=1|cfg=T_GAO|kind=undefined|move=g7g2|hit=above|slot=1|gap=0|depth=12|nodes=503571|legal=56|probs=cap=25,mcap=225,p=0.1,cls=opening,legal=56,accN=1,bandN=7,gaps=1:0,2:54,3:70,4:87,5:104,6:118,7:122,8:133
GM|2|M4-INIT-C1-R2|47|side=-1|cfg=T_YOU|kind=undefined|move=c4c5|hit=cap|slot=6|gap=64|depth=12|nodes=456058|legal=19|probs=cap=80,mcap=280,p=0.5,cls=opening,legal=19,accN=6,bandN=2,gaps=1:0,2:0,3:0,4:10,5:21,6:64,7:207,8:220
GM|2|M4-INIT-C1-R2|48|side=1|cfg=T_GAO|kind=undefined|move=f5f0|hit=above|slot=1|gap=0|depth=12|nodes=519059|legal=54|probs=cap=25,mcap=225,p=0.1,cls=opening,legal=54,accN=1,bandN=1,gaps=1:0,2:187,3:245,4:264,5:312,6:320,7:360,8:442
GM|2|M4-INIT-C1-R2|49|side=-1|cfg=T_YOU|kind=undefined|move=e1f0|hit=bmiss|slot=1|gap=0|depth=13|nodes=495333|legal=1|probs=cap=80,mcap=280,p=0.5,cls=opening,legal=1,accN=1,bandN=0,gaps=1:0,band=0
GM|2|M4-INIT-C1-R2|50|side=1|cfg=T_GAO|kind=undefined|move=h1f2|hit=above|slot=1|gap=0|depth=13|nodes=508876|legal=43|probs=cap=25,mcap=225,p=0.1,cls=opening,legal=43,accN=1,bandN=0,gaps=1:0,2:407,3:477,4:478,5:514,6:518,7:531,8:572
GM|2|M4-INIT-C1-R2|51|side=-1|cfg=T_YOU|kind=undefined|move=e0d0|hit=bmiss|slot=1|gap=0|depth=14|nodes=490339|legal=2|probs=cap=80,mcap=280,p=0.5,cls=opening,legal=2,accN=1,bandN=0,gaps=1:0,2:98513,band=0
GM|2|M4-INIT-C1-R2|52|side=1|cfg=T_GAO|kind=undefined|move=h3e3|hit=above|slot=1|gap=0|depth=12|nodes=536384|legal=44|probs=cap=25,mcap=225,p=0.1,cls=opening,legal=44,accN=1,bandN=0,gaps=1:0,2:309,3:413,4:417,5:419,6:467,7:473,8:486
GM|2|M4-INIT-C1-R2|53|side=-1|cfg=T_YOU|kind=undefined|move=d0d1|hit=bmiss|slot=1|gap=0|depth=14|nodes=551511|legal=19|probs=cap=80,mcap=280,p=0.5,cls=opening,legal=19,accN=1,bandN=0,gaps=1:0,2:374,3:630,4:98608,5:98608,6:98608,7:98608,8:98608,band=0
GM|2|M4-INIT-C1-R2|54|side=1|cfg=T_GAO|kind=undefined|move=g2e2|hit=above|slot=1|gap=0|depth=13|nodes=485112|legal=41|probs=cap=25,mcap=225,p=0.1,cls=opening,legal=41,accN=1,bandN=0,gaps=1:0,2:252,3:275,4:277,5:286,6:302,7:318,8:357
GM|2|M4-INIT-C1-R2|55|side=-1|cfg=T_YOU|kind=undefined|move=g0e2|hit=above|slot=1|gap=0|depth=11|nodes=506585|legal=15|probs=cap=80,mcap=280,p=0.5,cls=opening,legal=15,accN=1,bandN=5,gaps=1:0,2:213,3:430,4:444,5:114,6:124,7:156,8:169
GM|2|M4-INIT-C1-R2|56|side=1|cfg=T_GAO|kind=undefined|move=e3e2|hit=above|slot=1|gap=0|depth=12|nodes=533690|legal=37|probs=cap=25,mcap=225,p=0.1,cls=opening,legal=37,accN=1,bandN=2,gaps=1:0,2:49,3:87,4:315,5:349,6:350,7:388,8:395
GM|2|M4-INIT-C1-R2|57|side=-1|cfg=T_YOU|kind=undefined|move=f0e1|hit=above|slot=1|gap=0|depth=15|nodes=619014|legal=11|probs=cap=80,mcap=280,p=0.5,cls=opening,legal=11,accN=1,bandN=0,gaps=1:0,2:336,3:99053,4:98853,5:98753,6:98753,7:98653,8:98653
GM|2|M4-INIT-C1-R2|58|side=1|cfg=T_GAO|kind=undefined|move=f2e4|hit=above|slot=1|gap=0|depth=13|nodes=554575|legal=34|probs=cap=25,mcap=225,p=0.1,cls=opening,legal=34,accN=1,bandN=0,gaps=1:0,2:231,3:255,4:317,5:449,6:515,7:522,8:567
GM|2|M4-INIT-C1-R2|59|side=-1|cfg=T_YOU|kind=undefined|move=d1d0|hit=above|slot=1|gap=0|depth=23|nodes=600974|legal=13|probs=cap=80,mcap=280,p=0.5,cls=opening,legal=13,accN=1,bandN=0,gaps=1:0,2:98743,3:98743,4:98643,5:98243,6:98243,7:98243,8:98243
GM|2|M4-INIT-C1-R2|60|side=1|cfg=T_GAO|kind=undefined|move=e4d2|hit=above|slot=1|gap=0|depth=14|nodes=592050|legal=37|probs=cap=25,mcap=225,p=0.1,cls=opening,legal=37,accN=1,bandN=1,gaps=1:0,2:103,3:736,4:876,5:902,6:970,7:1015,8:1025
GM|2|M4-INIT-C1-R2|61|side=-1|cfg=T_YOU|kind=undefined|move=c5d5|hit=bmiss|slot=1|gap=0|depth=29|nodes=565623|legal=1|probs=cap=80,mcap=280,p=0.5,cls=opening,legal=1,accN=1,bandN=0,gaps=1:0,band=0
GM|2|M4-INIT-C1-R2|62|side=1|cfg=T_GAO|kind=undefined|move=e2e1|hit=above|slot=1|gap=0|depth=14|nodes=655558|legal=30|probs=cap=25,mcap=225,p=0.1,cls=opening,legal=30,accN=1,bandN=1,gaps=1:0,2:189,3:1080,4:1115,5:1112,6:1114,7:1118,8:1118
GM|2|M4-INIT-C1-R2|63|side=-1|cfg=T_YOU|kind=undefined|move=b0c2|hit=bmiss|slot=1|gap=0|depth=24|nodes=578205|legal=9|probs=cap=80,mcap=280,p=0.5,cls=opening,legal=9,accN=1,bandN=0,gaps=1:0,2:98138,3:98138,4:98138,5:98138,6:98138,7:98138,8:98138,band=0
GM|2|M4-INIT-C1-R2|64|side=1|cfg=T_GAO|kind=undefined|move=d6d8|hit=above|slot=1|gap=0|depth=13|nodes=581322|legal=35|probs=cap=25,mcap=225,p=0.1,cls=opening,legal=35,accN=1,bandN=1,gaps=1:0,2:107,3:301,4:491,5:758,6:892,7:899,8:909
GM|2|M4-INIT-C1-R2|65|side=-1|cfg=T_YOU|kind=undefined|move=c0e2|hit=rand|slot=2|gap=225|depth=15|nodes=619153|legal=13|probs=cap=80,mcap=280,p=0.5,cls=opening,legal=13,accN=1,bandN=1,gaps=1:0,2:225,3:98914,4:98814,5:98714,6:98514,7:98514,8:98514,wouldBe=1,agap=225
GM|2|M4-INIT-C1-R2|66|side=1|cfg=T_GAO|kind=undefined|move=e1e2|hit=above|slot=1|gap=0|depth=12|nodes=576670|legal=33|probs=cap=25,mcap=225,p=0.1,cls=opening,legal=33,accN=1,bandN=3,gaps=1:0,2:50,3:133,4:188,5:320,6:325,7:330,8:373
GM|2|M4-INIT-C1-R2|67|side=-1|cfg=T_YOU|kind=undefined|move=d0d1|hit=bmiss|slot=1|gap=0|depth=23|nodes=678653|legal=13|probs=cap=80,mcap=280,p=0.5,cls=opening,legal=13,accN=8,bandN=0,gaps=1:0,2:0,3:0,4:0,5:0,6:0,7:0,8:0,band=0
GM|2|M4-INIT-C1-R2|68|side=1|cfg=T_GAO|kind=undefined|move=e2e3|hit=bmiss|slot=1|gap=0|depth=14|nodes=597900|legal=30|probs=cap=25,mcap=225,p=0.1,cls=opening,legal=30,accN=1,bandN=0,gaps=1:0,2:97087,3:97162,4:97609,5:97655,6:97659,7:97659,8:97690,band=0
GM|2|M4-INIT-C1-R2|69|side=-1|cfg=T_YOU|kind=undefined|move=c2d4|hit=bmiss|slot=1|gap=0|depth=46|nodes=1180846|legal=20|probs=cap=80,mcap=280,p=0.5,cls=opening,legal=20,accN=8,bandN=0,gaps=1:0,2:0,3:0,4:0,5:0,6:0,7:0,8:0,band=0
GM|2|M4-INIT-C1-R2|70|side=1|cfg=T_GAO|kind=undefined|move=d2f3|hit=above|slot=1|gap=0|depth=11|nodes=563453|legal=39|probs=cap=25,mcap=225,p=0.1,cls=opening,legal=39,accN=1,bandN=0,gaps=1:0,2:97461,3:97954,4:98046,5:98091,6:98042,7:98181,8:98181
GM|2|M4-INIT-C1-R2|71|side=-1|cfg=T_YOU|kind=undefined|move=d1d0|hit=bmiss|slot=1|gap=0|depth=95|nodes=2231797|legal=15|probs=cap=80,mcap=280,p=0.5,cls=opening,legal=15,accN=8,bandN=0,gaps=1:0,2:0,3:0,4:0,5:0,6:0,7:0,8:0,band=0
GM|2|M4-INIT-C1-R2|72|side=1|cfg=T_GAO|kind=undefined|move=e3e4|hit=above|slot=1|gap=0|depth=18|nodes=660198|legal=34|probs=cap=25,mcap=225,p=0.1,cls=opening,legal=34,accN=2,bandN=4,gaps=1:0,2:0,3:100,4:100,5:200,6:200,7:300,8:300
GM|2|M4-INIT-C1-R2|73|side=-1|cfg=T_YOU|kind=undefined|move=a0a3|hit=bmiss|slot=1|gap=0|depth=176|nodes=2380482|legal=8|probs=cap=80,mcap=280,p=0.5,cls=opening,legal=8,accN=8,bandN=0,gaps=1:0,2:0,3:0,4:0,5:0,6:0,7:0,8:0,band=0
GM|2|M4-INIT-C1-R2|74|side=1|cfg=T_GAO|kind=undefined|move=e4d4|hit=above|slot=1|gap=0|depth=12|nodes=586356|legal=37|probs=cap=25,mcap=225,p=0.1,cls=opening,legal=37,accN=1,bandN=0,gaps=1:0,2:1000,3:97403,4:97446,5:97658,6:98229,7:98249,8:98319
GM|2|M4-INIT-C1-R2|75|side=-1|cfg=T_YOU|kind=undefined|move=a3d3|hit=above|slot=1|gap=0|depth=245|nodes=48318|legal=2|probs=cap=80,mcap=280,p=0.5,cls=opening,legal=2,accN=2,bandN=0,gaps=1:0,2:0
GM|2|M4-INIT-C1-R2|76|side=1|cfg=T_GAO|kind=undefined|move=d4d3|hit=above|slot=1|gap=0|depth=87|nodes=2020927|legal=35|probs=cap=25,mcap=225,p=0.1,cls=opening,legal=35,accN=1,bandN=7,gaps=1:0,2:200,3:200,4:200,5:200,6:200,7:200,8:200
GM|2|M4-INIT-C1-R2|77|side=-1|cfg=T_YOU|kind=undefined|move=d0e0|hit=above|slot=1|gap=0|depth=245|nodes=1968|legal=1|probs=cap=80,mcap=280,p=0.5,cls=opening,legal=1,accN=1,bandN=0,gaps=1:0
GM|2|M4-INIT-C1-R2|78|side=1|cfg=T_GAO|kind=undefined|move=d3d0|hit=above|slot=1|gap=0|depth=62|nodes=2023188|legal=35|probs=cap=25,mcap=225,p=0.1,cls=opening,legal=35,accN=1,bandN=5,gaps=1:0,2:100,3:200,4:200,5:200,6:200,7:300,8:300
GE|2|M4-INIT-C1-R2|END|winner=hi|reason=%E5%B0%86%E6%AD%BB|plies=78|tierMoves=78|invalid=0|crit=0|hiSide=-1|stats=T_YOU:n=39,rand=5,cap=12,above=6,bmiss=16,gapMean=38,gapMax=225;T_GAO:n=39,rand=1,cap=9,above=26,bmiss=3,gapMean=8,gapMax=120
PROG|2|M4-INIT-C1-R2
G|2|M5-INIT-C0-R2|START|pos=INIT|pair=%E5%A4%A7%E5%B8%88_vs_%E8%BF%9B%E9%98%B6|hi=T_DA|lo=T_JIN|hiFirst=1|fen=rnbakabnr/9/1c5c1/p1p1p1p1p/9/9/P1P1P1P1P/1C5C1/9/RNBAKABNR w - - 0 1
GM|2|M5-INIT-C0-R2|1|side=-1|cfg=T_DA|kind=master|move=h2e2|hit=best|slot=1|gap=0|depth=22|nodes=3282510|legal=44|probs=mpv=1
GM|2|M5-INIT-C0-R2|2|side=1|cfg=T_JIN|kind=undefined|move=f9e8|hit=cap|slot=8|gap=48|depth=13|nodes=581093|legal=45|probs=cap=80,mcap=280,p=0,cls=opening,legal=45,accN=8,bandN=0,gaps=1:0,2:5,3:7,4:12,5:20,6:33,7:44,8:48
GM|2|M5-INIT-C0-R2|3|side=-1|cfg=T_DA|kind=master|move=h0g2|hit=best|slot=1|gap=0|depth=22|nodes=3421740|legal=35|probs=mpv=1
GM|2|M5-INIT-C0-R2|4|side=1|cfg=T_JIN|kind=undefined|move=b9c7|hit=cap|slot=7|gap=22|depth=12|nodes=592001|legal=47|probs=cap=80,mcap=280,p=0,cls=opening,legal=47,accN=8,bandN=0,gaps=1:0,2:0,3:0,4:9,5:18,6:19,7:22,8:19
GM|2|M5-INIT-C0-R2|5|side=-1|cfg=T_DA|kind=master|move=i0h0|hit=best|slot=1|gap=0|depth=21|nodes=3434785|legal=33|probs=mpv=1
GM|2|M5-INIT-C0-R2|6|side=1|cfg=T_JIN|kind=undefined|move=i6i5|hit=cap|slot=8|gap=59|depth=13|nodes=540464|legal=41|probs=cap=80,mcap=280,p=0,cls=opening,legal=41,accN=8,bandN=0,gaps=1:0,2:1,3:7,4:11,5:14,6:29,7:42,8:59
GM|2|M5-INIT-C0-R2|7|side=-1|cfg=T_DA|kind=master|move=b2c2|hit=best|slot=1|gap=0|depth=21|nodes=3616653|legal=37|probs=mpv=1
GM|2|M5-INIT-C0-R2|8|side=1|cfg=T_JIN|kind=undefined|move=h9i7|hit=cap|slot=7|gap=55|depth=13|nodes=641286|legal=43|probs=cap=80,mcap=280,p=0,cls=opening,legal=43,accN=7,bandN=1,gaps=1:0,2:10,3:15,4:17,5:22,6:45,7:55,8:81
GM|2|M5-INIT-C0-R2|9|side=-1|cfg=T_DA|kind=master|move=c3c4|hit=best|slot=1|gap=0|depth=23|nodes=3317510|legal=32|probs=mpv=1
GM|2|M5-INIT-C0-R2|10|side=1|cfg=T_JIN|kind=undefined|move=h7g7|hit=cap|slot=8|gap=68|depth=12|nodes=598483|legal=41|probs=cap=80,mcap=280,p=0,cls=opening,legal=41,accN=8,bandN=0,gaps=1:0,2:33,3:46,4:46,5:53,6:63,7:63,8:68
GM|2|M5-INIT-C0-R2|11|side=-1|cfg=T_DA|kind=master|move=c4c5|hit=best|slot=1|gap=0|depth=24|nodes=3553011|legal=35|probs=mpv=1
GM|2|M5-INIT-C0-R2|12|side=1|cfg=T_JIN|kind=undefined|move=b7b3|hit=cap|slot=6|gap=72|depth=13|nodes=549839|legal=36|probs=cap=80,mcap=280,p=0,cls=opening,legal=36,accN=6,bandN=2,gaps=1:0,2:14,3:25,4:35,5:45,6:72,7:107,8:84
GM|2|M5-INIT-C0-R2|13|side=-1|cfg=T_DA|kind=master|move=c5c6|hit=best|slot=1|gap=0|depth=21|nodes=3288943|legal=38|probs=mpv=1
GM|2|M5-INIT-C0-R2|14|side=1|cfg=T_JIN|kind=undefined|move=a6a5|hit=cap|slot=2|gap=71|depth=13|nodes=559356|legal=38|probs=cap=80,mcap=280,p=0,cls=opening,legal=38,accN=3,bandN=5,gaps=1:0,2:71,3:64,4:88,5:93,6:93,7:95,8:107
GM|2|M5-INIT-C0-R2|15|side=-1|cfg=T_DA|kind=master|move=c6c7|hit=best|slot=1|gap=0|depth=22|nodes=3160365|legal=39|probs=mpv=1
GM|2|M5-INIT-C0-R2|16|side=1|cfg=T_JIN|kind=undefined|move=b3d3|hit=cap|slot=8|gap=31|depth=12|nodes=534746|legal=37|probs=cap=80,mcap=280,p=0,cls=opening,legal=37,accN=8,bandN=0,gaps=1:0,2:0,3:8,4:15,5:27,6:27,7:29,8:31
GM|2|M5-INIT-C0-R2|17|side=-1|cfg=T_DA|kind=master|move=c7c8|hit=best|slot=1|gap=0|depth=25|nodes=3200705|legal=40|probs=mpv=1
GM|2|M5-INIT-C0-R2|18|side=1|cfg=T_JIN|kind=undefined|move=e8d7|hit=cap|slot=8|gap=61|depth=12|nodes=468272|legal=39|probs=cap=80,mcap=280,p=0,cls=opening,legal=39,accN=8,bandN=0,gaps=1:0,2:24,3:27,4:30,5:33,6:52,7:49,8:61
GM|2|M5-INIT-C0-R2|19|side=-1|cfg=T_DA|kind=master|move=c2c9|hit=best|slot=1|gap=0|depth=23|nodes=3295367|legal=41|probs=mpv=1
GM|2|M5-INIT-C0-R2|20|side=1|cfg=T_JIN|kind=undefined|move=a9c9|hit=cap|slot=3|gap=75|depth=12|nodes=446624|legal=3|probs=cap=80,mcap=280,p=0,cls=opening,legal=3,accN=3,bandN=0,gaps=1:0,2:36,3:75
GM|2|M5-INIT-C0-R2|21|side=-1|cfg=T_DA|kind=master|move=c8c9|hit=best|slot=1|gap=0|depth=22|nodes=3131823|legal=35|probs=mpv=1
GM|2|M5-INIT-C0-R2|22|side=1|cfg=T_JIN|kind=undefined|move=a5a4|hit=cap|slot=8|gap=38|depth=12|nodes=513518|legal=27|probs=cap=80,mcap=280,p=0,cls=opening,legal=27,accN=8,bandN=0,gaps=1:0,2:8,3:10,4:21,5:23,6:24,7:30,8:38
GM|2|M5-INIT-C0-R2|23|side=-1|cfg=T_DA|kind=master|move=b0c2|hit=best|slot=1|gap=0|depth=21|nodes=3123889|legal=34|probs=mpv=1
GM|2|M5-INIT-C0-R2|24|side=1|cfg=T_JIN|kind=undefined|move=e6e5|hit=cap|slot=8|gap=27|depth=12|nodes=504201|legal=28|probs=cap=80,mcap=280,p=0,cls=opening,legal=28,accN=8,bandN=0,gaps=1:0,2:14,3:5,4:11,5:12,6:16,7:22,8:27
GM|2|M5-INIT-C0-R2|25|side=-1|cfg=T_DA|kind=master|move=c2d4|hit=best|slot=1|gap=0|depth=21|nodes=3254057|legal=35|probs=mpv=1
GM|2|M5-INIT-C0-R2|26|side=1|cfg=T_JIN|kind=undefined|move=e9f9|hit=cap|slot=6|gap=57|depth=11|nodes=458394|legal=25|probs=cap=80,mcap=280,p=0,cls=opening,legal=25,accN=8,bandN=0,gaps=1:0,2:9,3:33,4:37,5:53,6:57,7:16,8:22
GM|2|M5-INIT-C0-R2|27|side=-1|cfg=T_DA|kind=master|move=c9d9|hit=best|slot=1|gap=0|depth=21|nodes=3297903|legal=39|probs=mpv=1
GM|2|M5-INIT-C0-R2|28|side=1|cfg=T_JIN|kind=undefined|move=f9f8|hit=cap|slot=8|gap=68|depth=11|nodes=526911|legal=23|probs=cap=80,mcap=280,p=0,cls=opening,legal=23,accN=7,bandN=1,gaps=1:0,2:57,3:184,4:57,5:59,6:66,7:67,8:68
GM|2|M5-INIT-C0-R2|29|side=-1|cfg=T_DA|kind=master|move=h0h8|hit=best|slot=1|gap=0|depth=35|nodes=3474203|legal=39|probs=mpv=1
GM|2|M5-INIT-C0-R2|30|side=1|cfg=T_JIN|kind=undefined|move=g7g8|hit=above|slot=1|gap=0|depth=11|nodes=578597|legal=4|probs=cap=80,mcap=280,p=0,cls=opening,legal=4,accN=1,bandN=0,gaps=1:0,2:476,3:643,4:99256
GM|2|M5-INIT-C0-R2|31|side=-1|cfg=T_DA|kind=master|move=e2e5|hit=best|slot=1|gap=0|depth=45|nodes=4311913|legal=41|probs=mpv=1
GM|2|M5-INIT-C0-R2|32|side=1|cfg=T_JIN|kind=undefined|move=f8e8|hit=above|slot=1|gap=0|depth=30|nodes=840099|legal=17|probs=cap=80,mcap=280,p=0,cls=opening,legal=17,accN=8,bandN=0,gaps=1:0,2:0,3:0,4:0,5:0,6:0,7:0,8:0
GM|2|M5-INIT-C0-R2|33|side=-1|cfg=T_DA|kind=master|move=a0b0|hit=best|slot=1|gap=0|depth=65|nodes=9338170|legal=46|probs=mpv=1
GM|2|M5-INIT-C0-R2|34|side=1|cfg=T_JIN|kind=undefined|move=d3b3|hit=above|slot=1|gap=0|depth=52|nodes=1377262|legal=17|probs=cap=80,mcap=280,p=0,cls=opening,legal=17,accN=8,bandN=0,gaps=1:0,2:0,3:0,4:0,5:0,6:0,7:0,8:0
GM|2|M5-INIT-C0-R2|35|side=-1|cfg=T_DA|kind=master|move=b0b3|hit=best|slot=1|gap=0|depth=197|nodes=16219490|legal=49|probs=mpv=1
GM|2|M5-INIT-C0-R2|36|side=1|cfg=T_JIN|kind=undefined|move=a4b4|hit=above|slot=1|gap=0|depth=170|nodes=2332710|legal=12|probs=cap=80,mcap=280,p=0,cls=opening,legal=12,accN=8,bandN=0,gaps=1:0,2:0,3:0,4:0,5:0,6:0,7:0,8:0
GM|2|M5-INIT-C0-R2|37|side=-1|cfg=T_DA|kind=master|move=b3b4|hit=best|slot=1|gap=0|depth=245|nodes=804576|legal=50|probs=mpv=1
GM|2|M5-INIT-C0-R2|38|side=1|cfg=T_JIN|kind=undefined|move=e8f8|hit=above|slot=1|gap=0|depth=245|nodes=640419|legal=10|probs=cap=80,mcap=280,p=0,cls=opening,legal=10,accN=8,bandN=0,gaps=1:0,2:0,3:0,4:0,5:0,6:0,7:0,8:0
GM|2|M5-INIT-C0-R2|39|side=-1|cfg=T_DA|kind=master|move=d4e6|hit=best|slot=1|gap=0|depth=245|nodes=80432|legal=58|probs=mpv=1
GM|2|M5-INIT-C0-R2|40|side=1|cfg=T_JIN|kind=undefined|move=f8f7|hit=above|slot=1|gap=0|depth=245|nodes=5381|legal=2|probs=cap=80,mcap=280,p=0,cls=opening,legal=2,accN=2,bandN=0,gaps=1:0,2:0
GM|2|M5-INIT-C0-R2|41|side=-1|cfg=T_DA|kind=master|move=b4f4|hit=best|slot=1|gap=0|depth=245|nodes=56871|legal=58|probs=mpv=1
GE|2|M5-INIT-C0-R2|END|winner=hi|reason=%E5%B0%86%E6%AD%BB|plies=41|tierMoves=41|invalid=0|crit=0|hiSide=1|stats=T_DA:n=21,rand=0,cap=0,above=0,bmiss=0,gapMean=0,gapMax=0;T_JIN:n=20,rand=0,cap=14,above=6,bmiss=0,gapMean=38,gapMax=75
PROG|2|M5-INIT-C0-R2
G|2|M5-MG_QT05-C1-R2|START|pos=MG_QT05|pair=%E5%A4%A7%E5%B8%88_vs_%E8%BF%9B%E9%98%B6|hi=T_DA|lo=T_JIN|hiFirst=1|fen=1nbak3r/4an3/c3b2c1/p4C2p/2p3p2/9/P1P1P1P1P/2N3C1N/9/2BAKABR1 b - - 0 1
GM|2|M5-MG_QT05-C1-R2|1|side=1|cfg=T_JIN|kind=undefined|move=f8e6|hit=cap|slot=8|gap=57|depth=10|nodes=616373|legal=33|probs=cap=80,mcap=280,p=0,cls=normal,legal=33,accN=8,bandN=0,gaps=1:0,2:3,3:5,4:5,5:28,6:32,7:44,8:57
GM|2|M5-MG_QT05-C1-R2|2|side=-1|cfg=T_DA|kind=master|move=e3e4|hit=best|slot=1|gap=0|depth=20|nodes=3383725|legal=40|probs=mpv=1
GM|2|M5-MG_QT05-C1-R2|3|side=1|cfg=T_JIN|kind=undefined|move=i9f9|hit=cap|slot=3|gap=72|depth=11|nodes=607876|legal=35|probs=cap=80,mcap=280,p=0,cls=normal,legal=35,accN=3,bandN=5,gaps=1:0,2:6,3:72,4:166,5:181,6:199,7:208,8:248
GM|2|M5-MG_QT05-C1-R2|4|side=-1|cfg=T_DA|kind=master|move=h0h6|hit=best|slot=1|gap=0|depth=22|nodes=3451120|legal=40|probs=mpv=1
GM|2|M5-MG_QT05-C1-R2|5|side=1|cfg=T_JIN|kind=undefined|move=e6f4|hit=cap|slot=2|gap=49|depth=14|nodes=580611|legal=28|probs=cap=80,mcap=280,p=0,cls=normal,legal=28,accN=2,bandN=6,gaps=1:0,2:49,3:165,4:168,5:179,6:185,7:208,8:213
GM|2|M5-MG_QT05-C1-R2|6|side=-1|cfg=T_DA|kind=master|move=g2g5|hit=best|slot=1|gap=0|depth=23|nodes=3794364|legal=41|probs=mpv=1
GM|2|M5-MG_QT05-C1-R2|7|side=1|cfg=T_JIN|kind=undefined|move=f4h5|hit=cap|slot=2|gap=79|depth=11|nodes=516817|legal=30|probs=cap=80,mcap=280,p=0,cls=normal,legal=30,accN=2,bandN=6,gaps=1:0,2:79,3:89,4:160,5:177,6:241,7:242,8:273
GM|2|M5-MG_QT05-C1-R2|8|side=-1|cfg=T_DA|kind=master|move=e4e5|hit=best|slot=1|gap=0|depth=20|nodes=3220731|legal=42|probs=mpv=1
GM|2|M5-MG_QT05-C1-R2|9|side=1|cfg=T_JIN|kind=undefined|move=e7g9|hit=cap|slot=8|gap=52|depth=11|nodes=516683|legal=26|probs=cap=80,mcap=280,p=0,cls=normal,legal=26,accN=8,bandN=0,gaps=1:0,2:16,3:27,4:40,5:50,6:0,7:48,8:52
GM|2|M5-MG_QT05-C1-R2|10|side=-1|cfg=T_DA|kind=master|move=g0e2|hit=best|slot=1|gap=0|depth=21|nodes=3201311|legal=42|probs=mpv=1
GM|2|M5-MG_QT05-C1-R2|11|side=1|cfg=T_JIN|kind=undefined|move=f9f7|hit=cap|slot=6|gap=32|depth=11|nodes=518083|legal=32|probs=cap=80,mcap=280,p=0,cls=normal,legal=32,accN=8,bandN=0,gaps=1:0,2:5,3:11,4:13,5:17,6:32,7:1,8:24
GM|2|M5-MG_QT05-C1-R2|12|side=-1|cfg=T_DA|kind=master|move=f6e6|hit=best|slot=1|gap=0|depth=26|nodes=3151623|legal=41|probs=mpv=1
GM|2|M5-MG_QT05-C1-R2|13|side=1|cfg=T_JIN|kind=undefined|move=g9e7|hit=cap|slot=2|gap=60|depth=11|nodes=485867|legal=7|probs=cap=80,mcap=280,p=0,cls=normal,legal=7,accN=2,bandN=5,gaps=1:0,2:60,3:111,4:115,5:159,6:185,7:154
GM|2|M5-MG_QT05-C1-R2|14|side=-1|cfg=T_DA|kind=master|move=h6h5|hit=best|slot=1|gap=0|depth=27|nodes=3253094|legal=38|probs=mpv=1
GM|2|M5-MG_QT05-C1-R2|15|side=1|cfg=T_JIN|kind=undefined|move=a7c7|hit=cap|slot=6|gap=76|depth=11|nodes=462146|legal=26|probs=cap=80,mcap=280,p=0,cls=normal,legal=26,accN=8,bandN=0,gaps=1:0,2:35,3:46,4:58,5:66,6:76,7:3,8:73
GM|2|M5-MG_QT05-C1-R2|16|side=-1|cfg=T_DA|kind=master|move=f0e1|hit=best|slot=1|gap=0|depth=23|nodes=3268803|legal=41|probs=mpv=1
GM|2|M5-MG_QT05-C1-R2|17|side=1|cfg=T_JIN|kind=undefined|move=f7g7|hit=cap|slot=6|gap=66|depth=11|nodes=472885|legal=27|probs=cap=80,mcap=280,p=0,cls=normal,legal=27,accN=8,bandN=0,gaps=1:0,2:17,3:21,4:21,5:38,6:66,7:38,8:49
GM|2|M5-MG_QT05-C1-R2|18|side=-1|cfg=T_DA|kind=master|move=c2e3|hit=best|slot=1|gap=0|depth=19|nodes=3029236|legal=38|probs=mpv=1
GM|2|M5-MG_QT05-C1-R2|19|side=1|cfg=T_JIN|kind=undefined|move=c7c6|hit=cap|slot=4|gap=42|depth=11|nodes=476594|legal=21|probs=cap=80,mcap=280,p=0,cls=normal,legal=21,accN=8,bandN=0,gaps=1:0,2:2,3:13,4:42,5:10,6:10,7:10,8:20
GM|2|M5-MG_QT05-C1-R2|20|side=-1|cfg=T_DA|kind=master|move=e3f5|hit=best|slot=1|gap=0|depth=24|nodes=3342381|legal=40|probs=mpv=1
GM|2|M5-MG_QT05-C1-R2|21|side=1|cfg=T_JIN|kind=undefined|move=g7g9|hit=cap|slot=2|gap=49|depth=13|nodes=574856|legal=21|probs=cap=80,mcap=280,p=0,cls=normal,legal=21,accN=2,bandN=6,gaps=1:0,2:49,3:105,4:146,5:155,6:155,7:210,8:239
GM|2|M5-MG_QT05-C1-R2|22|side=-1|cfg=T_DA|kind=master|move=h5h7|hit=best|slot=1|gap=0|depth=27|nodes=3566958|legal=36|probs=mpv=1
GM|2|M5-MG_QT05-C1-R2|23|side=1|cfg=T_JIN|kind=undefined|move=g9f9|hit=cap|slot=5|gap=69|depth=11|nodes=537019|legal=19|probs=cap=80,mcap=280,p=0,cls=normal,legal=19,accN=8,bandN=0,gaps=1:0,2:40,3:46,4:68,5:69,6:42,7:60,8:63
GM|2|M5-MG_QT05-C1-R2|24|side=-1|cfg=T_DA|kind=master|move=f5g7|hit=best|slot=1|gap=0|depth=23|nodes=3669028|legal=44|probs=mpv=1
GM|2|M5-MG_QT05-C1-R2|25|side=1|cfg=T_JIN|kind=undefined|move=f9i9|hit=cap|slot=2|gap=23|depth=12|nodes=596544|legal=23|probs=cap=80,mcap=280,p=0,cls=normal,legal=23,accN=2,bandN=0,gaps=1:0,2:23,3:388,4:302,5:310,6:313,7:315,8:320
GM|2|M5-MG_QT05-C1-R2|26|side=-1|cfg=T_DA|kind=master|move=h7h9|hit=best|slot=1|gap=0|depth=26|nodes=3563596|legal=43|probs=mpv=1
GM|2|M5-MG_QT05-C1-R2|27|side=1|cfg=T_JIN|kind=undefined|move=i9h9|hit=above|slot=1|gap=0|depth=20|nodes=598125|legal=1|probs=cap=80,mcap=280,p=0,cls=normal,legal=1,accN=1,bandN=0,gaps=1:0
GM|2|M5-MG_QT05-C1-R2|28|side=-1|cfg=T_DA|kind=master|move=g7h9|hit=best|slot=1|gap=0|depth=26|nodes=3921936|legal=35|probs=mpv=1
GM|2|M5-MG_QT05-C1-R2|29|side=1|cfg=T_JIN|kind=undefined|move=c6c7|hit=cap|slot=8|gap=46|depth=11|nodes=551707|legal=12|probs=cap=80,mcap=280,p=0,cls=normal,legal=12,accN=8,bandN=0,gaps=1:0,2:0,3:6,4:8,5:25,6:31,7:44,8:46
GM|2|M5-MG_QT05-C1-R2|30|side=-1|cfg=T_DA|kind=master|move=i3i4|hit=best|slot=1|gap=0|depth=25|nodes=3497395|legal=35|probs=mpv=1
GM|2|M5-MG_QT05-C1-R2|31|side=1|cfg=T_JIN|kind=undefined|move=c7c8|hit=cap|slot=6|gap=27|depth=11|nodes=542180|legal=12|probs=cap=80,mcap=280,p=0,cls=normal,legal=12,accN=6,bandN=2,gaps=1:0,2:8,3:19,4:0,5:10,6:27,7:88,8:88
GM|2|M5-MG_QT05-C1-R2|32|side=-1|cfg=T_DA|kind=master|move=g5g7|hit=best|slot=1|gap=0|depth=25|nodes=3566361|legal=36|probs=mpv=1
GM|2|M5-MG_QT05-C1-R2|33|side=1|cfg=T_JIN|kind=undefined|move=a6a5|hit=cap|slot=6|gap=78|depth=11|nodes=561911|legal=13|probs=cap=80,mcap=280,p=0,cls=normal,legal=13,accN=7,bandN=1,gaps=1:0,2:33,3:33,4:53,5:60,6:78,7:112,8:33
GM|2|M5-MG_QT05-C1-R2|34|side=-1|cfg=T_DA|kind=master|move=g7i7|hit=best|slot=1|gap=0|depth=25|nodes=3572044|legal=35|probs=mpv=1
GM|2|M5-MG_QT05-C1-R2|35|side=1|cfg=T_JIN|kind=undefined|move=e9f9|hit=above|slot=1|gap=0|depth=13|nodes=534651|legal=13|probs=cap=0,mcap=700,p=0,cls=hard,legal=13,accN=1,bandN=0,gaps=1:0,2:98739,3:98739,4:98739,5:98739,6:98739,7:98739,8:98739
GM|2|M5-MG_QT05-C1-R2|36|side=-1|cfg=T_DA|kind=master|move=h9g7|hit=best|slot=1|gap=0|depth=21|nodes=3561574|legal=31|probs=mpv=1
GM|2|M5-MG_QT05-C1-R2|37|side=1|cfg=T_JIN|kind=undefined|move=f9f8|hit=above|slot=1|gap=0|depth=14|nodes=493962|legal=2|probs=cap=0,mcap=700,p=0,cls=hard,legal=2,accN=1,bandN=0,gaps=1:0,2:98841
GM|2|M5-MG_QT05-C1-R2|38|side=-1|cfg=T_DA|kind=master|move=i2h4|hit=best|slot=1|gap=0|depth=25|nodes=3550207|legal=35|probs=mpv=1
GM|2|M5-MG_QT05-C1-R2|39|side=1|cfg=T_JIN|kind=undefined|move=b9a7|hit=cap|slot=3|gap=71|depth=11|nodes=562558|legal=16|probs=cap=80,mcap=280,p=0,cls=normal,legal=16,accN=4,bandN=4,gaps=1:0,2:70,3:71,4:87,5:105,6:127,7:51,8:89
GM|2|M5-MG_QT05-C1-R2|40|side=-1|cfg=T_DA|kind=master|move=h4i6|hit=best|slot=1|gap=0|depth=57|nodes=6154955|legal=38|probs=mpv=1
GM|2|M5-MG_QT05-C1-R2|41|side=1|cfg=T_JIN|kind=undefined|move=e8d7|hit=above|slot=1|gap=0|depth=11|nodes=524710|legal=15|probs=cap=80,mcap=280,p=0,cls=normal,legal=15,accN=1,bandN=1,gaps=1:0,2:806,3:4810,4:256,5:375,6:99144,7:99044,8:98944
GM|2|M5-MG_QT05-C1-R2|42|side=-1|cfg=T_DA|kind=master|move=i7i8|hit=best|slot=1|gap=0|depth=245|nodes=8469013|legal=32|probs=mpv=1
GM|2|M5-MG_QT05-C1-R2|43|side=1|cfg=T_JIN|kind=undefined|move=f8f7|hit=above|slot=1|gap=0|depth=245|nodes=959436|legal=17|probs=cap=80,mcap=280,p=0,cls=normal,legal=17,accN=8,bandN=0,gaps=1:0,2:0,3:0,4:0,5:0,6:0,7:0,8:0
GM|2|M5-MG_QT05-C1-R2|44|side=-1|cfg=T_DA|kind=master|move=e6h6|hit=best|slot=1|gap=0|depth=245|nodes=658263|legal=34|probs=mpv=1
GM|2|M5-MG_QT05-C1-R2|45|side=1|cfg=T_JIN|kind=undefined|move=a5a4|hit=above|slot=1|gap=0|depth=245|nodes=640142|legal=20|probs=cap=80,mcap=280,p=0,cls=normal,legal=20,accN=8,bandN=0,gaps=1:0,2:0,3:0,4:0,5:0,6:0,7:0,8:0
GM|2|M5-MG_QT05-C1-R2|46|side=-1|cfg=T_DA|kind=master|move=h6h7|hit=best|slot=1|gap=0|depth=245|nodes=55119|legal=43|probs=mpv=1
GM|2|M5-MG_QT05-C1-R2|47|side=1|cfg=T_JIN|kind=undefined|move=f7f8|hit=above|slot=1|gap=0|depth=245|nodes=7752|legal=1|probs=cap=80,mcap=280,p=0,cls=normal,legal=1,accN=1,bandN=0,gaps=1:0
GM|2|M5-MG_QT05-C1-R2|48|side=-1|cfg=T_DA|kind=master|move=i6h8|hit=best|slot=1|gap=0|depth=245|nodes=38250|legal=39|probs=mpv=1
GE|2|M5-MG_QT05-C1-R2|END|winner=hi|reason=%E5%B0%86%E6%AD%BB|plies=48|tierMoves=48|invalid=0|crit=0|hiSide=1|stats=T_JIN:n=24,rand=0,cap=17,above=7,bmiss=0,gapMean=40,gapMax=79;T_DA:n=24,rand=0,cap=0,above=0,bmiss=0,gapMean=0,gapMax=0
PROG|2|M5-MG_QT05-C1-R2
G|2|M6-MG_QT05-C0-R2|START|pos=MG_QT05|pair=%E4%B8%9A%E4%BD%99_vs_%E5%85%A5%E9%97%A8|hi=T_YOU|lo=T_RUKN|hiFirst=0|fen=1nbak3r/4an3/c3b2c1/p4C2p/2p3p2/9/P1P1P1P1P/2N3C1N/9/2BAKABR1 b - - 0 1
GM|2|M6-MG_QT05-C0-R2|1|side=1|cfg=T_YOU|kind=undefined|move=b9c7|hit=cap|slot=7|gap=43|depth=13|nodes=617186|legal=33|probs=cap=80,mcap=280,p=0.5,cls=normal,legal=33,accN=8,bandN=0,gaps=1:0,2:1,3:1,4:6,5:32,6:39,7:43,8:43
GM|2|M6-MG_QT05-C0-R2|2|side=-1|cfg=T_RUKN|kind=builtin|move=h0h7|hit=builtin|slot=-|gap=-|depth=2|nodes=1530|legal=41|probs=rand=45
GM|2|M6-MG_QT05-C0-R2|3|side=1|cfg=T_YOU|kind=undefined|move=f8h7|hit=above|slot=1|gap=0|depth=12|nodes=573254|legal=25|probs=cap=0,mcap=700,p=0.5,cls=hard,legal=25,accN=1,bandN=0,gaps=1:0,2:973,3:1066,4:1080,5:1089,6:1092,7:1096,8:1110
GM|2|M6-MG_QT05-C0-R2|4|side=-1|cfg=T_RUKN|kind=builtin|move=g2h2|hit=builtin|slot=-|gap=-|depth=2|nodes=1511|legal=36|probs=rand=45
GM|2|M6-MG_QT05-C0-R2|5|side=1|cfg=T_YOU|kind=undefined|move=i9g9|hit=rand|slot=6|gap=88|depth=12|nodes=522313|legal=27|probs=cap=80,mcap=280,p=0.5,cls=normal,legal=27,accN=3,bandN=5,gaps=1:0,2:71,3:75,4:84,5:93,6:88,7:94,8:95,wouldBe=3,agap=88
GM|2|M6-MG_QT05-C0-R2|6|side=-1|cfg=T_RUKN|kind=builtin|move=f6f3|hit=builtin|slot=-|gap=-|depth=2|nodes=1512|legal=39|probs=rand=45
GM|2|M6-MG_QT05-C0-R2|7|side=1|cfg=T_YOU|kind=undefined|move=a7a9|hit=bmiss|slot=8|gap=78|depth=13|nodes=554890|legal=27|probs=cap=80,mcap=280,p=0.5,cls=normal,legal=27,accN=8,bandN=0,gaps=1:0,2:47,3:60,4:64,5:66,6:66,7:66,8:78,band=0
GM|2|M6-MG_QT05-C0-R2|8|side=-1|cfg=T_RUKN|kind=builtin|move=c0e2|hit=builtin|slot=-|gap=-|depth=2|nodes=1518|legal=33|probs=rand=45
GM|2|M6-MG_QT05-C0-R2|9|side=1|cfg=T_YOU|kind=undefined|move=c5c4|hit=cap|slot=8|gap=51|depth=12|nodes=537932|legal=28|probs=cap=80,mcap=280,p=0.5,cls=normal,legal=28,accN=8,bandN=0,gaps=1:0,2:17,3:24,4:26,5:35,6:43,7:47,8:51
GM|2|M6-MG_QT05-C0-R2|10|side=-1|cfg=T_RUKN|kind=builtin|move=h2g2|hit=builtin|slot=-|gap=-|depth=2|nodes=1530|legal=30|probs=rand=45
GM|2|M6-MG_QT05-C0-R2|11|side=1|cfg=T_YOU|kind=undefined|move=c7b5|hit=cap|slot=2|gap=69|depth=12|nodes=551956|legal=31|probs=cap=80,mcap=280,p=0.5,cls=normal,legal=31,accN=2,bandN=6,gaps=1:0,2:69,3:98,4:129,5:130,6:132,7:125,8:126
GM|2|M6-MG_QT05-C0-R2|12|side=-1|cfg=T_RUKN|kind=builtin|move=c3c4|hit=builtin|slot=-|gap=-|depth=2|nodes=1525|legal=27|probs=rand=45
GM|2|M6-MG_QT05-C0-R2|13|side=1|cfg=T_YOU|kind=undefined|move=b5d6|hit=rand|slot=5|gap=147|depth=13|nodes=570978|legal=29|probs=cap=80,mcap=280,p=0.5,cls=normal,legal=29,accN=1,bandN=7,gaps=1:0,2:122,3:142,4:146,5:147,6:148,7:149,8:153,wouldBe=1,agap=147
GM|2|M6-MG_QT05-C0-R2|14|side=-1|cfg=T_RUKN|kind=builtin|move=e0e1|hit=builtin|slot=-|gap=-|depth=2|nodes=1518|legal=28|probs=rand=45
GM|2|M6-MG_QT05-C0-R2|15|side=1|cfg=T_YOU|kind=undefined|move=g9f9|hit=above|slot=1|gap=0|depth=12|nodes=524859|legal=29|probs=cap=80,mcap=280,p=0.5,cls=normal,legal=29,accN=1,bandN=7,gaps=1:0,2:99,3:113,4:114,5:99,6:103,7:106,8:106
GM|2|M6-MG_QT05-C0-R2|16|side=-1|cfg=T_RUKN|kind=builtin|move=g2g1|hit=builtin|slot=-|gap=-|depth=2|nodes=1518|legal=26|probs=rand=45
GM|2|M6-MG_QT05-C0-R2|17|side=1|cfg=T_YOU|kind=undefined|move=a9a8|hit=cap|slot=7|gap=74|depth=12|nodes=511894|legal=32|probs=cap=80,mcap=280,p=0.5,cls=normal,legal=32,accN=7,bandN=1,gaps=1:0,2:32,3:83,4:59,5:66,6:67,7:74,8:74
GM|2|M6-MG_QT05-C0-R2|18|side=-1|cfg=T_RUKN|kind=builtin|move=a3a4|hit=builtin|slot=-|gap=-|depth=2|nodes=1533|legal=26|probs=rand=45
GM|2|M6-MG_QT05-C0-R2|19|side=1|cfg=T_YOU|kind=undefined|move=g5g4|hit=cap|slot=7|gap=79|depth=12|nodes=553884|legal=34|probs=cap=80,mcap=280,p=0.5,cls=normal,legal=34,accN=6,bandN=2,gaps=1:0,2:40,3:74,4:84,5:75,6:77,7:79,8:88
GM|2|M6-MG_QT05-C0-R2|20|side=-1|cfg=T_RUKN|kind=builtin|move=f3f7|hit=builtin|slot=-|gap=-|depth=2|nodes=1501|legal=27|probs=rand=45
GM|2|M6-MG_QT05-C0-R2|21|side=1|cfg=T_YOU|kind=undefined|move=g4f4|hit=cap|slot=7|gap=65|depth=12|nodes=514083|legal=34|probs=cap=80,mcap=280,p=0.5,cls=normal,legal=34,accN=7,bandN=1,gaps=1:0,2:22,3:33,4:38,5:45,6:55,7:65,8:88
GM|2|M6-MG_QT05-C0-R2|22|side=-1|cfg=T_RUKN|kind=builtin|move=g1f1|hit=builtin|slot=-|gap=-|depth=2|nodes=1510|legal=24|probs=rand=45
GM|2|M6-MG_QT05-C0-R2|23|side=1|cfg=T_YOU|kind=undefined|move=i6i5|hit=cap|slot=7|gap=74|depth=12|nodes=547844|legal=34|probs=cap=80,mcap=280,p=0.5,cls=normal,legal=34,accN=7,bandN=1,gaps=1:0,2:23,3:40,4:44,5:63,6:70,7:74,8:87
GM|2|M6-MG_QT05-C0-R2|24|side=-1|cfg=T_RUKN|kind=builtin|move=c2d4|hit=builtin|slot=-|gap=-|depth=2|nodes=1522|legal=25|probs=rand=45
GM|2|M6-MG_QT05-C0-R2|25|side=1|cfg=T_YOU|kind=undefined|move=e8d7|hit=bmiss|slot=8|gap=76|depth=12|nodes=572191|legal=33|probs=cap=80,mcap=280,p=0.5,cls=normal,legal=33,accN=8,bandN=0,gaps=1:0,2:32,3:33,4:38,5:41,6:45,7:47,8:76,band=0
GM|2|M6-MG_QT05-C0-R2|26|side=-1|cfg=T_RUKN|kind=builtin|move=f1f2|hit=builtin|slot=-|gap=-|depth=2|nodes=1513|legal=26|probs=rand=45
GM|2|M6-MG_QT05-C0-R2|27|side=1|cfg=T_YOU|kind=undefined|move=f4f3|hit=bmiss|slot=8|gap=78|depth=12|nodes=573829|legal=38|probs=cap=80,mcap=280,p=0.5,cls=normal,legal=38,accN=8,bandN=0,gaps=1:0,2:22,3:25,4:46,5:59,6:66,7:73,8:78,band=0
GM|2|M6-MG_QT05-C0-R2|28|side=-1|cfg=T_RUKN|kind=builtin|move=f2g2|hit=builtin|slot=-|gap=-|depth=2|nodes=1515|legal=25|probs=rand=45
GM|2|M6-MG_QT05-C0-R2|29|side=1|cfg=T_YOU|kind=undefined|move=f3f2|hit=cap|slot=6|gap=79|depth=12|nodes=522458|legal=38|probs=cap=80,mcap=280,p=0.5,cls=normal,legal=38,accN=3,bandN=5,gaps=1:0,2:85,3:86,4:91,5:72,6:79,7:110,8:119
GM|2|M6-MG_QT05-C0-R2|30|side=-1|cfg=T_RUKN|kind=builtin|move=g2g1|hit=builtin|slot=-|gap=-|depth=2|nodes=1524|legal=25|probs=rand=45
GM|2|M6-MG_QT05-C0-R2|31|side=1|cfg=T_YOU|kind=undefined|move=f2f1|hit=cap|slot=4|gap=78|depth=12|nodes=571446|legal=38|probs=cap=80,mcap=280,p=0.5,cls=normal,legal=38,accN=5,bandN=3,gaps=1:0,2:74,3:76,4:78,5:73,6:82,7:109,8:111
GM|2|M6-MG_QT05-C0-R2|32|side=-1|cfg=T_RUKN|kind=builtin|move=e1f1|hit=builtin|slot=-|gap=-|depth=2|nodes=225|legal=3|probs=rand=45
GM|2|M6-MG_QT05-C0-R2|33|side=1|cfg=T_YOU|kind=undefined|move=i5i4|hit=rand|slot=7|gap=101|depth=12|nodes=538046|legal=35|probs=cap=80,mcap=280,p=0.5,cls=normal,legal=35,accN=6,bandN=2,gaps=1:0,2:2,3:41,4:59,5:59,6:78,7:101,8:113,wouldBe=6,agap=101
GM|2|M6-MG_QT05-C0-R2|34|side=-1|cfg=T_RUKN|kind=builtin|move=d4f3|hit=builtin|slot=-|gap=-|depth=2|nodes=1502|legal=26|probs=rand=45
GM|2|M6-MG_QT05-C0-R2|35|side=1|cfg=T_YOU|kind=undefined|move=a8e8|hit=rand|slot=2|gap=89|depth=12|nodes=541353|legal=37|probs=cap=80,mcap=280,p=0.5,cls=normal,legal=37,accN=1,bandN=7,gaps=1:0,2:89,3:85,4:88,5:90,6:92,7:118,8:118,wouldBe=1,agap=89
GM|2|M6-MG_QT05-C0-R2|36|side=-1|cfg=T_RUKN|kind=builtin|move=f7f6|hit=builtin|slot=-|gap=-|depth=2|nodes=1501|legal=23|probs=rand=45
GM|2|M6-MG_QT05-C0-R2|37|side=1|cfg=T_YOU|kind=undefined|move=c9a7|hit=rand|slot=7|gap=144|depth=11|nodes=539998|legal=32|probs=cap=80,mcap=280,p=0.5,cls=normal,legal=32,accN=1,bandN=7,gaps=1:0,2:104,3:143,4:151,5:186,6:187,7:144,8:188,wouldBe=1,agap=144
GM|2|M6-MG_QT05-C0-R2|38|side=-1|cfg=T_RUKN|kind=builtin|move=f6f8|hit=builtin|slot=-|gap=-|depth=2|nodes=1510|legal=26|probs=rand=45
GM|2|M6-MG_QT05-C0-R2|39|side=1|cfg=T_YOU|kind=undefined|move=i4i3|hit=cap|slot=2|gap=32|depth=13|nodes=523617|legal=28|probs=cap=80,mcap=280,p=0.5,cls=normal,legal=28,accN=2,bandN=6,gaps=1:0,2:32,3:105,4:114,5:115,6:147,7:155,8:165
GM|2|M6-MG_QT05-C0-R2|40|side=-1|cfg=T_RUKN|kind=builtin|move=g1g2|hit=builtin|slot=-|gap=-|depth=2|nodes=1413|legal=23|probs=rand=45
GM|2|M6-MG_QT05-C0-R2|41|side=1|cfg=T_YOU|kind=undefined|move=f9f8|hit=above|slot=1|gap=0|depth=13|nodes=584167|legal=28|probs=cap=80,mcap=280,p=0.5,cls=normal,legal=28,accN=1,bandN=7,gaps=1:0,2:125,3:144,4:145,5:147,6:156,7:164,8:170
GM|2|M6-MG_QT05-C0-R2|42|side=-1|cfg=T_RUKN|kind=builtin|move=c4c5|hit=builtin|slot=-|gap=-|depth=2|nodes=938|legal=14|probs=rand=45
GM|2|M6-MG_QT05-C0-R2|43|side=1|cfg=T_YOU|kind=undefined|move=f8f9|hit=rand|slot=6|gap=115|depth=12|nodes=581223|legal=33|probs=cap=80,mcap=280,p=0.5,cls=normal,legal=33,accN=4,bandN=4,gaps=1:0,2:17,3:66,4:75,5:108,6:115,7:115,8:122,wouldBe=4,agap=115
GM|2|M6-MG_QT05-C0-R2|44|side=-1|cfg=T_RUKN|kind=builtin|move=i2g1|hit=builtin|slot=-|gap=-|depth=2|nodes=1301|legal=17|probs=rand=45
GM|2|M6-MG_QT05-C0-R2|45|side=1|cfg=T_YOU|kind=undefined|move=d6b7|hit=rand|slot=4|gap=202|depth=13|nodes=583605|legal=38|probs=cap=80,mcap=280,p=0.5,cls=normal,legal=38,accN=1,bandN=7,gaps=1:0,2:187,3:197,4:202,5:213,6:216,7:221,8:223,wouldBe=1,agap=202
GM|2|M6-MG_QT05-C0-R2|46|side=-1|cfg=T_RUKN|kind=builtin|move=a4a5|hit=builtin|slot=-|gap=-|depth=2|nodes=1422|legal=18|probs=rand=45
GM|2|M6-MG_QT05-C0-R2|47|side=1|cfg=T_YOU|kind=undefined|move=a7c5|hit=rand|slot=8|gap=179|depth=12|nodes=579819|legal=39|probs=cap=80,mcap=280,p=0.5,cls=normal,legal=39,accN=1,bandN=7,gaps=1:0,2:144,3:174,4:178,5:181,6:183,7:202,8:179,wouldBe=1,agap=179
GM|2|M6-MG_QT05-C0-R2|48|side=-1|cfg=T_RUKN|kind=builtin|move=g2f2|hit=builtin|slot=-|gap=-|depth=2|nodes=1166|legal=16|probs=rand=45
GM|2|M6-MG_QT05-C0-R2|49|side=1|cfg=T_YOU|kind=undefined|move=b7a5|hit=rand|slot=7|gap=141|depth=12|nodes=549265|legal=36|probs=cap=80,mcap=280,p=0.5,cls=normal,legal=36,accN=3,bandN=5,gaps=1:0,2:27,3:35,4:93,5:91,6:121,7:141,8:147,wouldBe=3,agap=141
GM|2|M6-MG_QT05-C0-R2|50|side=-1|cfg=T_RUKN|kind=builtin|move=f2f9|hit=builtin|slot=-|gap=-|depth=2|nodes=1127|legal=17|probs=rand=45
GM|2|M6-MG_QT05-C0-R2|51|side=1|cfg=T_YOU|kind=undefined|move=e8f8|hit=bmiss|slot=2|gap=74|depth=13|nodes=652160|legal=25|probs=cap=80,mcap=280,p=0.5,cls=normal,legal=25,accN=2,bandN=0,gaps=1:0,2:74,3:333,4:411,5:440,6:441,7:494,8:497,band=0
GM|2|M6-MG_QT05-C0-R2|52|side=-1|cfg=T_RUKN|kind=builtin|move=f3e1|hit=builtin|slot=-|gap=-|depth=2|nodes=256|legal=4|probs=rand=45
GM|2|M6-MG_QT05-C0-R2|53|side=1|cfg=T_YOU|kind=undefined|move=h7g9|hit=rand|slot=6|gap=160|depth=13|nodes=603126|legal=32|probs=cap=80,mcap=280,p=0.5,cls=normal,legal=32,accN=1,bandN=7,gaps=1:0,2:120,3:123,4:128,5:157,6:160,7:165,8:181,wouldBe=1,agap=160
GM|2|M6-MG_QT05-C0-R2|54|side=-1|cfg=T_RUKN|kind=builtin|move=e1c2|hit=builtin|slot=-|gap=-|depth=2|nodes=795|legal=13|probs=rand=45
GM|2|M6-MG_QT05-C0-R2|55|side=1|cfg=T_YOU|kind=undefined|move=e7g5|hit=bmiss|slot=8|gap=68|depth=13|nodes=628799|legal=30|probs=cap=80,mcap=280,p=0.5,cls=normal,legal=30,accN=8,bandN=0,gaps=1:0,2:28,3:31,4:46,5:46,6:63,7:66,8:68,band=0
GM|2|M6-MG_QT05-C0-R2|56|side=-1|cfg=T_RUKN|kind=builtin|move=d0e1|hit=builtin|slot=-|gap=-|depth=2|nodes=1260|legal=20|probs=rand=45
GM|2|M6-MG_QT05-C0-R2|57|side=1|cfg=T_YOU|kind=undefined|move=c5e7|hit=bmiss|slot=8|gap=51|depth=14|nodes=615277|legal=31|probs=cap=80,mcap=280,p=0.5,cls=normal,legal=31,accN=8,bandN=0,gaps=1:0,2:8,3:14,4:37,5:46,6:47,7:50,8:51,band=0
GM|2|M6-MG_QT05-C0-R2|58|side=-1|cfg=T_RUKN|kind=builtin|move=c2d4|hit=builtin|slot=-|gap=-|depth=2|nodes=1161|legal=19|probs=rand=45
GM|2|M6-MG_QT05-C0-R2|59|side=1|cfg=T_YOU|kind=undefined|move=d7e8|hit=cap|slot=6|gap=36|depth=13|nodes=595927|legal=30|probs=cap=80,mcap=280,p=0.5,cls=normal,legal=30,accN=6,bandN=2,gaps=1:0,2:2,3:16,4:12,5:31,6:36,7:95,8:117
GM|2|M6-MG_QT05-C0-R2|60|side=-1|cfg=T_RUKN|kind=builtin|move=e3e4|hit=builtin|slot=-|gap=-|depth=2|nodes=918|legal=18|probs=rand=45
GM|2|M6-MG_QT05-C0-R2|61|side=1|cfg=T_YOU|kind=undefined|move=e8f7|hit=cap|slot=8|gap=47|depth=14|nodes=566121|legal=25|probs=cap=80,mcap=280,p=0.5,cls=normal,legal=25,accN=8,bandN=0,gaps=1:0,2:0,3:11,4:14,5:17,6:18,7:18,8:47
GM|2|M6-MG_QT05-C0-R2|62|side=-1|cfg=T_RUKN|kind=builtin|move=g1f3|hit=builtin|slot=-|gap=-|depth=2|nodes=94|legal=2|probs=rand=45
GM|2|M6-MG_QT05-C0-R2|63|side=1|cfg=T_YOU|kind=undefined|move=i3i2|hit=rand|slot=8|gap=102|depth=12|nodes=529074|legal=23|probs=cap=80,mcap=280,p=0.5,cls=normal,legal=23,accN=7,bandN=1,gaps=1:0,2:10,3:10,4:16,5:27,6:39,7:44,8:102,wouldBe=7,agap=102
GM|2|M6-MG_QT05-C0-R2|64|side=-1|cfg=T_RUKN|kind=builtin|move=e1d2|hit=builtin|slot=-|gap=-|depth=2|nodes=750|legal=16|probs=rand=45
GM|2|M6-MG_QT05-C0-R2|65|side=1|cfg=T_YOU|kind=undefined|move=e7c5|hit=cap|slot=8|gap=75|depth=13|nodes=573214|legal=23|probs=cap=80,mcap=280,p=0.5,cls=normal,legal=23,accN=8,bandN=0,gaps=1:0,2:7,3:11,4:38,5:40,6:64,7:73,8:75
GM|2|M6-MG_QT05-C0-R2|66|side=-1|cfg=T_RUKN|kind=builtin|move=f9d9|hit=builtin|slot=-|gap=-|depth=2|nodes=782|legal=16|probs=rand=45
GM|2|M6-MG_QT05-C0-R2|67|side=1|cfg=T_YOU|kind=undefined|move=f7e8|hit=cap|slot=2|gap=72|depth=14|nodes=639477|legal=26|probs=cap=80,mcap=280,p=0.5,cls=normal,legal=26,accN=2,bandN=3,gaps=1:0,2:72,3:150,4:166,5:175,6:413,7:426,8:559
GM|2|M6-MG_QT05-C0-R2|68|side=-1|cfg=T_RUKN|kind=builtin|move=f1e1|hit=builtin|slot=-|gap=-|depth=2|nodes=287|legal=5|probs=rand=45
GM|2|M6-MG_QT05-C0-R2|69|side=1|cfg=T_YOU|kind=undefined|move=g9f7|hit=bmiss|slot=3|gap=23|depth=14|nodes=611135|legal=27|probs=cap=80,mcap=280,p=0.5,cls=normal,legal=27,accN=3,bandN=0,gaps=1:0,2:1,3:23,4:466,5:498,6:529,7:648,8:649,band=0
GM|2|M6-MG_QT05-C0-R2|70|side=-1|cfg=T_RUKN|kind=builtin|move=d9a9|hit=builtin|slot=-|gap=-|depth=2|nodes=1111|legal=23|probs=rand=45
GM|2|M6-MG_QT05-C0-R2|71|side=1|cfg=T_YOU|kind=undefined|move=f8f3|hit=above|slot=1|gap=0|depth=15|nodes=648809|legal=23|probs=cap=80,mcap=280,p=0.5,cls=normal,legal=23,accN=1,bandN=0,gaps=1:0,2:413,3:422,4:422,5:425,6:428,7:453,8:464
GM|2|M6-MG_QT05-C0-R2|72|side=-1|cfg=T_RUKN|kind=builtin|move=a9a5|hit=builtin|slot=-|gap=-|depth=2|nodes=1119|legal=19|probs=rand=45
GM|2|M6-MG_QT05-C0-R2|73|side=1|cfg=T_YOU|kind=undefined|move=f3e3|hit=cap|slot=2|gap=3|depth=15|nodes=680536|legal=28|probs=cap=80,mcap=280,p=0.5,cls=normal,legal=28,accN=2,bandN=0,gaps=1:0,2:3,3:360,4:387,5:401,6:406,7:412,8:419
GM|2|M6-MG_QT05-C0-R2|74|side=-1|cfg=T_RUKN|kind=builtin|move=e1d1|hit=builtin|slot=-|gap=-|depth=2|nodes=241|legal=5|probs=rand=45
GM|2|M6-MG_QT05-C0-R2|75|side=1|cfg=T_YOU|kind=undefined|move=e3d3|hit=bmiss|slot=2|gap=11|depth=16|nodes=717746|legal=23|probs=cap=80,mcap=280,p=0.5,cls=normal,legal=23,accN=2,bandN=0,gaps=1:0,2:11,3:392,4:405,5:413,6:421,7:423,8:435,band=0
GM|2|M6-MG_QT05-C0-R2|76|side=-1|cfg=T_RUKN|kind=builtin|move=d1e1|hit=builtin|slot=-|gap=-|depth=2|nodes=96|legal=2|probs=rand=45
GM|2|M6-MG_QT05-C0-R2|77|side=1|cfg=T_YOU|kind=undefined|move=a6a5|hit=bmiss|slot=1|gap=0|depth=15|nodes=660311|legal=23|probs=cap=80,mcap=280,p=0.5,cls=normal,legal=23,accN=2,bandN=0,gaps=1:0,2:0,3:376,4:390,5:403,6:404,7:407,8:410,band=0
GM|2|M6-MG_QT05-C0-R2|78|side=-1|cfg=T_RUKN|kind=builtin|move=e1f1|hit=builtin|slot=-|gap=-|depth=2|nodes=563|legal=11|probs=rand=45
GM|2|M6-MG_QT05-C0-R2|79|side=1|cfg=T_YOU|kind=undefined|move=g5i7|hit=rand|slot=8|gap=89|depth=14|nodes=655751|legal=23|probs=cap=80,mcap=280,p=0.5,cls=normal,legal=23,accN=7,bandN=1,gaps=1:0,2:9,3:29,4:56,5:60,6:61,7:64,8:89,wouldBe=7,agap=89
GM|2|M6-MG_QT05-C0-R2|80|side=-1|cfg=T_RUKN|kind=builtin|move=e4e5|hit=builtin|slot=-|gap=-|depth=2|nodes=689|legal=13|probs=rand=45
GM|2|M6-MG_QT05-C0-R2|81|side=1|cfg=T_YOU|kind=undefined|move=f7g5|hit=bmiss|slot=8|gap=74|depth=13|nodes=679875|legal=24|probs=cap=80,mcap=280,p=0.5,cls=normal,legal=24,accN=8,bandN=0,gaps=1:0,2:4,3:27,4:50,5:60,6:61,7:69,8:74,band=0
GM|2|M6-MG_QT05-C0-R2|82|side=-1|cfg=T_RUKN|kind=builtin|move=e5f5|hit=builtin|slot=-|gap=-|depth=2|nodes=903|legal=17|probs=rand=45
GM|2|M6-MG_QT05-C0-R2|83|side=1|cfg=T_YOU|kind=undefined|move=g5h7|hit=rand|slot=6|gap=84|depth=14|nodes=672403|legal=23|probs=cap=80,mcap=280,p=0.5,cls=normal,legal=23,accN=5,bandN=1,gaps=1:0,2:33,3:56,4:65,5:68,6:84,7:416,8:419,wouldBe=5,agap=84
GM|2|M6-MG_QT05-C0-R2|84|side=-1|cfg=T_RUKN|kind=builtin|move=f5f6|hit=builtin|slot=-|gap=-|depth=2|nodes=844|legal=16|probs=rand=45
GM|2|M6-MG_QT05-C0-R2|85|side=1|cfg=T_YOU|kind=undefined|move=h7g5|hit=cap|slot=8|gap=63|depth=14|nodes=643306|legal=24|probs=cap=80,mcap=280,p=0.5,cls=normal,legal=24,accN=8,bandN=0,gaps=1:0,2:11,3:15,4:39,5:40,6:44,7:49,8:63
GM|2|M6-MG_QT05-C0-R2|86|side=-1|cfg=T_RUKN|kind=builtin|move=d4f5|hit=builtin|slot=-|gap=-|depth=2|nodes=923|legal=17|probs=rand=45
GM|2|M6-MG_QT05-C0-R2|87|side=1|cfg=T_YOU|kind=undefined|move=g5f3|hit=bmiss|slot=7|gap=60|depth=14|nodes=646836|legal=29|probs=cap=80,mcap=280,p=0.5,cls=normal,legal=29,accN=8,bandN=0,gaps=1:0,2:7,3:33,4:47,5:49,6:53,7:60,8:60,band=0
GM|2|M6-MG_QT05-C0-R2|88|side=-1|cfg=T_RUKN|kind=builtin|move=f6e6|hit=builtin|slot=-|gap=-|depth=2|nodes=822|legal=14|probs=rand=45
GM|2|M6-MG_QT05-C0-R2|89|side=1|cfg=T_YOU|kind=undefined|move=d3a3|hit=cap|slot=8|gap=52|depth=13|nodes=641955|legal=30|probs=cap=80,mcap=280,p=0.5,cls=normal,legal=30,accN=8,bandN=0,gaps=1:0,2:1,3:39,4:42,5:47,6:50,7:51,8:52
GM|2|M6-MG_QT05-C0-R2|90|side=-1|cfg=T_RUKN|kind=builtin|move=d2e1|hit=builtin|slot=-|gap=-|depth=2|nodes=947|legal=17|probs=rand=45
GM|2|M6-MG_QT05-C0-R2|91|side=1|cfg=T_YOU|kind=undefined|move=f3g1|hit=cap|slot=5|gap=67|depth=14|nodes=627858|legal=28|probs=cap=80,mcap=280,p=0.5,cls=normal,legal=28,accN=5,bandN=3,gaps=1:0,2:26,3:53,4:64,5:67,6:88,7:99,8:100
GM|2|M6-MG_QT05-C0-R2|92|side=-1|cfg=T_RUKN|kind=builtin|move=e6d6|hit=builtin|slot=-|gap=-|depth=2|nodes=955|legal=19|probs=rand=45
GM|2|M6-MG_QT05-C0-R2|93|side=1|cfg=T_YOU|kind=undefined|move=i2i1|hit=cap|slot=7|gap=9|depth=13|nodes=640004|legal=24|probs=cap=80,mcap=280,p=0.5,cls=normal,legal=24,accN=8,bandN=0,gaps=1:0,2:0,3:2,4:2,5:6,6:8,7:9,8:9
GM|2|M6-MG_QT05-C0-R2|94|side=-1|cfg=T_RUKN|kind=builtin|move=f5h6|hit=builtin|slot=-|gap=-|depth=2|nodes=918|legal=18|probs=rand=45
GM|2|M6-MG_QT05-C0-R2|95|side=1|cfg=T_YOU|kind=undefined|move=a5a4|hit=bmiss|slot=8|gap=24|depth=13|nodes=618533|legal=23|probs=cap=80,mcap=280,p=0.5,cls=normal,legal=23,accN=8,bandN=0,gaps=1:0,2:2,3:3,4:6,5:7,6:19,7:21,8:24,band=0
GM|2|M6-MG_QT05-C0-R2|96|side=-1|cfg=T_RUKN|kind=builtin|move=h6g8|hit=builtin|slot=-|gap=-|depth=2|nodes=758|legal=18|probs=rand=45
GM|2|M6-MG_QT05-C0-R2|97|side=1|cfg=T_YOU|kind=undefined|move=e9d9|hit=above|slot=1|gap=0|depth=20|nodes=590675|legal=1|probs=cap=80,mcap=280,p=0.5,cls=normal,legal=1,accN=1,bandN=0,gaps=1:0
GM|2|M6-MG_QT05-C0-R2|98|side=-1|cfg=T_RUKN|kind=builtin|move=e1d2|hit=builtin|slot=-|gap=-|depth=2|nodes=824|legal=18|probs=rand=45
GM|2|M6-MG_QT05-C0-R2|99|side=1|cfg=T_YOU|kind=undefined|move=a4b4|hit=bmiss|slot=8|gap=35|depth=14|nodes=652654|legal=22|probs=cap=80,mcap=280,p=0.5,cls=normal,legal=22,accN=8,bandN=0,gaps=1:0,2:2,3:29,4:29,5:31,6:32,7:34,8:35,band=0
GM|2|M6-MG_QT05-C0-R2|100|side=-1|cfg=T_RUKN|kind=builtin|move=d6e6|hit=builtin|slot=-|gap=-|depth=2|nodes=1116|legal=18|probs=rand=45
GM|2|M6-MG_QT05-C0-R2|101|side=1|cfg=T_YOU|kind=undefined|move=b4a4|hit=cap|slot=8|gap=29|depth=13|nodes=642067|legal=31|probs=cap=80,mcap=280,p=0.5,cls=normal,legal=31,accN=8,bandN=0,gaps=1:0,2:0,3:17,4:21,5:25,6:25,7:25,8:29
GM|2|M6-MG_QT05-C0-R2|102|side=-1|cfg=T_RUKN|kind=builtin|move=g8f6|hit=builtin|slot=-|gap=-|depth=2|nodes=858|legal=18|probs=rand=45
GM|2|M6-MG_QT05-C0-R2|103|side=1|cfg=T_YOU|kind=undefined|move=a3e3|hit=bmiss|slot=8|gap=47|depth=13|nodes=627928|legal=24|probs=cap=80,mcap=280,p=0.5,cls=normal,legal=24,accN=8,bandN=0,gaps=1:0,2:16,3:36,4:38,5:40,6:45,7:46,8:47,band=0
GM|2|M6-MG_QT05-C0-R2|104|side=-1|cfg=T_RUKN|kind=builtin|move=f6g8|hit=builtin|slot=-|gap=-|depth=2|nodes=812|legal=16|probs=rand=45
GM|2|M6-MG_QT05-C0-R2|105|side=1|cfg=T_YOU|kind=undefined|move=e3e4|hit=bmiss|slot=8|gap=41|depth=13|nodes=645271|legal=23|probs=cap=80,mcap=280,p=0.5,cls=normal,legal=23,accN=8,bandN=0,gaps=1:0,2:4,3:37,4:23,5:24,6:28,7:31,8:41,band=0
GM|2|M6-MG_QT05-C0-R2|106|side=-1|cfg=T_RUKN|kind=builtin|move=g8i9|hit=builtin|slot=-|gap=-|depth=2|nodes=887|legal=17|probs=rand=45
GM|2|M6-MG_QT05-C0-R2|107|side=1|cfg=T_YOU|kind=undefined|move=e4d4|hit=rand|slot=7|gap=84|depth=13|nodes=662533|legal=26|probs=cap=80,mcap=280,p=0.5,cls=normal,legal=26,accN=6,bandN=2,gaps=1:0,2:29,3:42,4:49,5:65,6:68,7:84,8:88,wouldBe=6,agap=84
GM|2|M6-MG_QT05-C0-R2|108|side=-1|cfg=T_RUKN|kind=builtin|move=e2c0|hit=builtin|slot=-|gap=-|depth=2|nodes=814|legal=14|probs=rand=45
GM|2|M6-MG_QT05-C0-R2|109|side=1|cfg=T_YOU|kind=undefined|move=i1i0|hit=bmiss|slot=8|gap=71|depth=13|nodes=650442|legal=29|probs=cap=80,mcap=280,p=0.5,cls=normal,legal=29,accN=8,bandN=0,gaps=1:0,2:20,3:25,4:30,5:66,6:61,7:66,8:71,band=0
GM|2|M6-MG_QT05-C0-R2|110|side=-1|cfg=T_RUKN|kind=builtin|move=g0i2|hit=builtin|slot=-|gap=-|depth=2|nodes=713|legal=13|probs=rand=45
GM|2|M6-MG_QT05-C0-R2|111|side=1|cfg=T_YOU|kind=undefined|move=i7g9|hit=cap|slot=8|gap=19|depth=12|nodes=595248|legal=27|probs=cap=80,mcap=280,p=0.5,cls=normal,legal=27,accN=8,bandN=0,gaps=1:0,2:6,3:12,4:9,5:12,6:16,7:17,8:19
GM|2|M6-MG_QT05-C0-R2|112|side=-1|cfg=T_RUKN|kind=builtin|move=f1f2|hit=builtin|slot=-|gap=-|depth=2|nodes=762|legal=14|probs=rand=45
GM|2|M6-MG_QT05-C0-R2|113|side=1|cfg=T_YOU|kind=undefined|move=d4c4|hit=cap|slot=6|gap=17|depth=13|nodes=634792|legal=29|probs=cap=80,mcap=280,p=0.5,cls=normal,legal=29,accN=8,bandN=0,gaps=1:0,2:1,3:7,4:13,5:15,6:17,7:17,8:17
GM|2|M6-MG_QT05-C0-R2|114|side=-1|cfg=T_RUKN|kind=builtin|move=e6d6|hit=builtin|slot=-|gap=-|depth=2|nodes=699|legal=13|probs=rand=45
GM|2|M6-MG_QT05-C0-R2|115|side=1|cfg=T_YOU|kind=undefined|move=c4b4|hit=bmiss|slot=5|gap=22|depth=13|nodes=647155|legal=26|probs=cap=80,mcap=280,p=0.5,cls=normal,legal=26,accN=8,bandN=0,gaps=1:0,2:9,3:11,4:12,5:22,6:19,7:20,8:22,band=0
GM|2|M6-MG_QT05-C0-R2|116|side=-1|cfg=T_RUKN|kind=builtin|move=d2e1|hit=builtin|slot=-|gap=-|depth=2|nodes=805|legal=13|probs=rand=45
GM|2|M6-MG_QT05-C0-R2|117|side=1|cfg=T_YOU|kind=undefined|move=b4c4|hit=cap|slot=8|gap=33|depth=12|nodes=598096|legal=31|probs=cap=80,mcap=280,p=0.5,cls=normal,legal=31,accN=8,bandN=0,gaps=1:0,2:8,3:21,4:24,5:28,6:28,7:31,8:33
GM|2|M6-MG_QT05-C0-R2|118|side=-1|cfg=T_RUKN|kind=builtin|move=c0a2|hit=builtin|slot=-|gap=-|depth=2|nodes=681|legal=13|probs=rand=45
GM|2|M6-MG_QT05-C0-R2|119|side=1|cfg=T_YOU|kind=undefined|move=c4i4|hit=cap|slot=8|gap=80|depth=13|nodes=662721|legal=27|probs=cap=80,mcap=280,p=0.5,cls=normal,legal=27,accN=8,bandN=0,gaps=1:0,2:22,3:27,4:28,5:29,6:45,7:70,8:80
GM|2|M6-MG_QT05-C0-R2|120|side=-1|cfg=T_RUKN|kind=builtin|move=i9h7|hit=builtin|slot=-|gap=-|depth=2|nodes=723|legal=13|probs=rand=45
GM|2|M6-MG_QT05-C0-R2|121|side=1|cfg=T_YOU|kind=undefined|move=i4h4|hit=bmiss|slot=8|gap=65|depth=12|nodes=633330|legal=29|probs=cap=80,mcap=280,p=0.5,cls=normal,legal=29,accN=8,bandN=0,gaps=1:0,2:16,3:31,4:32,5:33,6:37,7:64,8:65,band=0
GM|2|M6-MG_QT05-C0-R2|122|side=-1|cfg=T_RUKN|kind=builtin|move=h7g9|hit=builtin|slot=-|gap=-|depth=2|nodes=999|legal=17|probs=rand=45
GM|2|M6-MG_QT05-C0-R2|123|side=1|cfg=T_YOU|kind=undefined|move=a4b4|hit=bmiss|slot=8|gap=73|depth=13|nodes=674298|legal=30|probs=cap=80,mcap=280,p=0.5,cls=normal,legal=30,accN=8,bandN=0,gaps=1:0,2:8,3:46,4:49,5:50,6:56,7:61,8:73,band=0
GM|2|M6-MG_QT05-C0-R2|124|side=-1|cfg=T_RUKN|kind=builtin|move=i2g0|hit=builtin|slot=-|gap=-|depth=2|nodes=877|legal=15|probs=rand=45
GM|2|M6-MG_QT05-C0-R2|125|side=1|cfg=T_YOU|kind=undefined|move=h4d4|hit=cap|slot=6|gap=61|depth=13|nodes=634554|legal=30|probs=cap=80,mcap=280,p=0.5,cls=normal,legal=30,accN=6,bandN=2,gaps=1:0,2:32,3:46,4:50,5:55,6:61,7:82,8:94
GM|2|M6-MG_QT05-C0-R2|126|side=-1|cfg=T_RUKN|kind=builtin|move=g9e8|hit=builtin|slot=-|gap=-|depth=2|nodes=783|legal=15|probs=rand=45
GM|2|M6-MG_QT05-C0-R2|127|side=1|cfg=T_YOU|kind=undefined|move=b4a4|hit=rand|slot=7|gap=94|depth=12|nodes=690116|legal=23|probs=cap=80,mcap=280,p=0.5,cls=normal,legal=23,accN=5,bandN=3,gaps=1:0,2:1,3:53,4:57,5:80,6:92,7:94,8:108,wouldBe=5,agap=94
GM|2|M6-MG_QT05-C0-R2|128|side=-1|cfg=T_RUKN|kind=builtin|move=a2c0|hit=builtin|slot=-|gap=-|depth=2|nodes=706|legal=16|probs=rand=45
GM|2|M6-MG_QT05-C0-R2|129|side=1|cfg=T_YOU|kind=undefined|move=a4b4|hit=cap|slot=5|gap=78|depth=13|nodes=705870|legal=23|probs=cap=80,mcap=280,p=0.5,cls=normal,legal=23,accN=5,bandN=3,gaps=1:0,2:18,3:52,4:66,5:78,6:94,7:115,8:118
GM|2|M6-MG_QT05-C0-R2|130|side=-1|cfg=T_RUKN|kind=builtin|move=e8c9|hit=builtin|slot=-|gap=-|depth=2|nodes=710|legal=16|probs=rand=45
GM|2|M6-MG_QT05-C0-R2|131|side=1|cfg=T_YOU|kind=undefined|move=b4b3|hit=rand|slot=8|gap=81|depth=13|nodes=694957|legal=23|probs=cap=80,mcap=280,p=0.5,cls=normal,legal=23,accN=7,bandN=1,gaps=1:0,2:4,3:33,4:43,5:71,6:66,7:73,8:81,wouldBe=7,agap=81
GM|2|M6-MG_QT05-C0-R2|132|side=-1|cfg=T_RUKN|kind=builtin|move=c0a2|hit=builtin|slot=-|gap=-|depth=2|nodes=712|legal=14|probs=rand=45
GM|2|M6-MG_QT05-C0-R2|133|side=1|cfg=T_YOU|kind=undefined|move=i0h0|hit=cap|slot=5|gap=66|depth=12|nodes=677572|legal=25|probs=cap=80,mcap=280,p=0.5,cls=normal,legal=25,accN=5,bandN=3,gaps=1:0,2:2,3:18,4:61,5:66,6:99,7:123,8:117
GM|2|M6-MG_QT05-C0-R2|134|side=-1|cfg=T_RUKN|kind=builtin|move=a2c0|hit=builtin|slot=-|gap=-|depth=2|nodes=713|legal=13|probs=rand=45
GM|2|M6-MG_QT05-C0-R2|135|side=1|cfg=T_YOU|kind=undefined|move=d9e9|hit=rand|slot=7|gap=119|depth=13|nodes=701531|legal=27|probs=cap=80,mcap=280,p=0.5,cls=normal,legal=27,accN=5,bandN=3,gaps=1:0,2:13,3:18,4:59,5:74,6:102,7:119,8:138,wouldBe=5,agap=119
GM|2|M6-MG_QT05-C0-R2|136|side=-1|cfg=T_RUKN|kind=builtin|move=c0e2|hit=builtin|slot=-|gap=-|depth=2|nodes=761|legal=15|probs=rand=45
GM|2|M6-MG_QT05-C0-R2|137|side=1|cfg=T_YOU|kind=undefined|move=c5a7|hit=cap|slot=8|gap=76|depth=12|nodes=641237|legal=26|probs=cap=80,mcap=280,p=0.5,cls=normal,legal=26,accN=8,bandN=0,gaps=1:0,2:2,3:14,4:24,5:67,6:68,7:75,8:76
GM|2|M6-MG_QT05-C0-R2|138|side=-1|cfg=T_RUKN|kind=builtin|move=c9b7|hit=builtin|slot=-|gap=-|depth=2|nodes=771|legal=15|probs=rand=45
GM|2|M6-MG_QT05-C0-R2|139|side=1|cfg=T_YOU|kind=undefined|move=e9e8|hit=cap|slot=8|gap=71|depth=13|nodes=667563|legal=28|probs=cap=80,mcap=280,p=0.5,cls=normal,legal=28,accN=8,bandN=0,gaps=1:0,2:2,3:6,4:17,5:43,6:56,7:58,8:71
GM|2|M6-MG_QT05-C0-R2|140|side=-1|cfg=T_RUKN|kind=builtin|move=f2f1|hit=builtin|slot=-|gap=-|depth=2|nodes=858|legal=16|probs=rand=45
GM|2|M6-MG_QT05-C0-R2|141|side=1|cfg=T_YOU|kind=undefined|move=b3c3|hit=cap|slot=4|gap=15|depth=13|nodes=660271|legal=26|probs=cap=80,mcap=280,p=0.5,cls=normal,legal=26,accN=4,bandN=4,gaps=1:0,2:1,3:8,4:15,5:91,6:96,7:104,8:107
GM|2|M6-MG_QT05-C0-R2|142|side=-1|cfg=T_RUKN|kind=builtin|move=e1f2|hit=builtin|slot=-|gap=-|depth=2|nodes=861|legal=17|probs=rand=45
GM|2|M6-MG_QT05-C0-R2|143|side=1|cfg=T_YOU|kind=undefined|move=d4i4|hit=rand|slot=2|gap=100|depth=15|nodes=769299|legal=27|probs=cap=80,mcap=280,p=0.5,cls=normal,legal=27,accN=1,bandN=1,gaps=1:0,2:100,3:98498,4:98733,5:98785,6:98787,7:98817,8:98836,wouldBe=1,agap=100
GM|2|M6-MG_QT05-C0-R2|144|side=-1|cfg=T_RUKN|kind=builtin|move=e2c0|hit=builtin|slot=-|gap=-|depth=2|nodes=922|legal=16|probs=rand=45
GM|2|M6-MG_QT05-C0-R2|145|side=1|cfg=T_YOU|kind=undefined|move=i4i1|hit=above|slot=1|gap=0|depth=42|nodes=1152029|legal=31|probs=cap=80,mcap=280,p=0.5,cls=normal,legal=31,accN=1,bandN=2,gaps=1:0,2:200,3:200,4:400,5:400,6:500,7:600,8:600
GE|2|M6-MG_QT05-C0-R2|END|winner=hi|reason=%E5%B0%86%E6%AD%BB|plies=145|tierMoves=73|invalid=0|crit=0|hiSide=-1|stats=T_YOU:n=73,rand=18,cap=30,above=6,bmiss=19,gapMean=64,gapMax=202;T_RUKN:n=72,rand=0,cap=0,above=0,bmiss=0,gapMean=0,gapMax=0
PROG|2|M6-MG_QT05-C0-R2
G|2|M6-MG_QT10-C1-R2|START|pos=MG_QT10|pair=%E4%B8%9A%E4%BD%99_vs_%E5%85%A5%E9%97%A8|hi=T_YOU|lo=T_RUKN|hiFirst=1|fen=2bakc2r/4an3/c3b4/p6RC/2p1P1p2/9/P1n3P1P/2N3C1N/9/2BAKAB2 b - - 0 1
GM|2|M6-MG_QT10-C1-R2|1|side=1|cfg=T_RUKN|kind=builtin|move=i9i6|hit=builtin|slot=-|gap=-|depth=2|nodes=1518|legal=29|probs=rand=45
GM|2|M6-MG_QT10-C1-R2|2|side=-1|cfg=T_YOU|kind=undefined|move=h6i6|hit=bmiss|slot=1|gap=0|depth=13|nodes=553356|legal=41|probs=cap=0,mcap=700,p=0.5,cls=hard,legal=41,accN=1,bandN=0,gaps=1:0,2:1102,3:1108,4:1127,5:1141,6:1143,7:1143,8:1192,band=0
GM|2|M6-MG_QT10-C1-R2|3|side=1|cfg=T_RUKN|kind=builtin|move=f8g6|hit=builtin|slot=-|gap=-|depth=2|nodes=1501|legal=25|probs=rand=45
GM|2|M6-MG_QT10-C1-R2|4|side=-1|cfg=T_YOU|kind=undefined|move=g0e2|hit=rand|slot=8|gap=236|depth=14|nodes=567850|legal=31|probs=cap=80,mcap=280,p=0.5,cls=normal,legal=31,accN=1,bandN=7,gaps=1:0,2:91,3:137,4:195,5:202,6:217,7:225,8:236,wouldBe=1,agap=236
GM|2|M6-MG_QT10-C1-R2|5|side=1|cfg=T_RUKN|kind=builtin|move=c3e2|hit=builtin|slot=-|gap=-|depth=2|nodes=1506|legal=34|probs=rand=45
GM|2|M6-MG_QT10-C1-R2|6|side=-1|cfg=T_YOU|kind=undefined|move=i6g6|hit=cap|slot=2|gap=53|depth=12|nodes=584452|legal=31|probs=cap=80,mcap=280,p=0.5,cls=normal,legal=31,accN=2,bandN=4,gaps=1:0,2:53,3:113,4:222,5:269,6:271,7:354,8:402
GM|2|M6-MG_QT10-C1-R2|7|side=1|cfg=T_RUKN|kind=builtin|move=g5g4|hit=builtin|slot=-|gap=-|depth=2|nodes=1527|legal=31|probs=rand=45
GM|2|M6-MG_QT10-C1-R2|8|side=-1|cfg=T_YOU|kind=undefined|move=c0e2|hit=above|slot=1|gap=0|depth=12|nodes=536139|legal=37|probs=cap=80,mcap=280,p=0.5,cls=normal,legal=37,accN=1,bandN=7,gaps=1:0,2:157,3:164,4:144,5:155,6:161,7:178,8:232
GM|2|M6-MG_QT10-C1-R2|9|side=1|cfg=T_RUKN|kind=builtin|move=a7a9|hit=builtin|slot=-|gap=-|depth=2|nodes=1532|legal=26|probs=rand=45
GM|2|M6-MG_QT10-C1-R2|10|side=-1|cfg=T_YOU|kind=undefined|move=i2h0|hit=cap|slot=6|gap=50|depth=12|nodes=561253|legal=39|probs=cap=80,mcap=280,p=0.5,cls=normal,legal=39,accN=8,bandN=0,gaps=1:0,2:4,3:22,4:31,5:34,6:50,7:36,8:39
GM|2|M6-MG_QT10-C1-R2|11|side=1|cfg=T_RUKN|kind=builtin|move=c9a7|hit=builtin|slot=-|gap=-|depth=2|nodes=1511|legal=25|probs=rand=45
GM|2|M6-MG_QT10-C1-R2|12|side=-1|cfg=T_YOU|kind=undefined|move=c2d4|hit=cap|slot=8|gap=42|depth=12|nodes=532235|legal=40|probs=cap=80,mcap=280,p=0.5,cls=normal,legal=40,accN=8,bandN=0,gaps=1:0,2:21,3:16,4:19,5:19,6:26,7:30,8:42
GM|2|M6-MG_QT10-C1-R2|13|side=1|cfg=T_RUKN|kind=builtin|move=f9f4|hit=builtin|slot=-|gap=-|depth=2|nodes=1530|legal=25|probs=rand=45
GM|2|M6-MG_QT10-C1-R2|14|side=-1|cfg=T_YOU|kind=undefined|move=e2c4|hit=bmiss|slot=8|gap=42|depth=12|nodes=548582|legal=41|probs=cap=80,mcap=280,p=0.5,cls=normal,legal=41,accN=8,bandN=0,gaps=1:0,2:4,3:30,4:6,5:9,6:22,7:41,8:42,band=0
GM|2|M6-MG_QT10-C1-R2|15|side=1|cfg=T_RUKN|kind=builtin|move=c5c4|hit=builtin|slot=-|gap=-|depth=2|nodes=1510|legal=25|probs=rand=45
GM|2|M6-MG_QT10-C1-R2|16|side=-1|cfg=T_YOU|kind=undefined|move=e0e1|hit=rand|slot=8|gap=89|depth=13|nodes=546663|legal=41|probs=cap=80,mcap=280,p=0.5,cls=normal,legal=41,accN=6,bandN=2,gaps=1:0,2:41,3:43,4:56,5:76,6:78,7:89,8:89,wouldBe=6,agap=89
GM|2|M6-MG_QT10-C1-R2|17|side=1|cfg=T_RUKN|kind=builtin|move=c4d4|hit=builtin|slot=-|gap=-|depth=2|nodes=1536|legal=28|probs=rand=45
GM|2|M6-MG_QT10-C1-R2|18|side=-1|cfg=T_YOU|kind=undefined|move=g2c2|hit=bmiss|slot=8|gap=43|depth=12|nodes=590220|legal=36|probs=cap=80,mcap=280,p=0.5,cls=normal,legal=36,accN=8,bandN=0,gaps=1:0,2:10,3:16,4:37,5:22,6:35,7:39,8:43,band=0
GM|2|M6-MG_QT10-C1-R2|19|side=1|cfg=T_RUKN|kind=builtin|move=f4f7|hit=builtin|slot=-|gap=-|depth=2|nodes=1521|legal=28|probs=rand=45
GM|2|M6-MG_QT10-C1-R2|20|side=-1|cfg=T_YOU|kind=undefined|move=g6i6|hit=bmiss|slot=7|gap=74|depth=12|nodes=601119|legal=43|probs=cap=80,mcap=280,p=0.5,cls=normal,legal=43,accN=8,bandN=0,gaps=1:0,2:19,3:40,4:50,5:50,6:50,7:74,8:68,band=0
GM|2|M6-MG_QT10-C1-R2|21|side=1|cfg=T_RUKN|kind=builtin|move=f7f3|hit=builtin|slot=-|gap=-|depth=2|nodes=1520|legal=30|probs=rand=45
GM|2|M6-MG_QT10-C1-R2|22|side=-1|cfg=T_YOU|kind=undefined|move=i6i4|hit=cap|slot=8|gap=57|depth=12|nodes=584415|legal=43|probs=cap=80,mcap=280,p=0.5,cls=normal,legal=43,accN=8,bandN=0,gaps=1:0,2:0,3:38,4:41,5:44,6:49,7:50,8:57
GM|2|M6-MG_QT10-C1-R2|23|side=1|cfg=T_RUKN|kind=builtin|move=f3f6|hit=builtin|slot=-|gap=-|depth=2|nodes=1507|legal=33|probs=rand=45
GM|2|M6-MG_QT10-C1-R2|24|side=-1|cfg=T_YOU|kind=undefined|move=c2b2|hit=cap|slot=8|gap=17|depth=13|nodes=620594|legal=36|probs=cap=80,mcap=280,p=0.5,cls=normal,legal=36,accN=8,bandN=0,gaps=1:0,2:0,3:7,4:7,5:8,6:9,7:13,8:17
GM|2|M6-MG_QT10-C1-R2|25|side=1|cfg=T_RUKN|kind=builtin|move=f6e6|hit=builtin|slot=-|gap=-|depth=2|nodes=1512|legal=34|probs=rand=45
GM|2|M6-MG_QT10-C1-R2|26|side=-1|cfg=T_YOU|kind=undefined|move=e5e6|hit=above|slot=1|gap=0|depth=14|nodes=589041|legal=6|probs=cap=80,mcap=280,p=0.5,cls=normal,legal=6,accN=1,bandN=5,gaps=1:0,2:117,3:172,4:183,5:184,6:255
GM|2|M6-MG_QT10-C1-R2|27|side=1|cfg=T_RUKN|kind=builtin|move=d4d3|hit=builtin|slot=-|gap=-|depth=2|nodes=1460|legal=20|probs=rand=45
GM|2|M6-MG_QT10-C1-R2|28|side=-1|cfg=T_YOU|kind=undefined|move=b2b9|hit=above|slot=1|gap=0|depth=13|nodes=613531|legal=36|probs=cap=80,mcap=280,p=0.5,cls=normal,legal=36,accN=1,bandN=7,gaps=1:0,2:168,3:180,4:122,5:134,6:143,7:151,8:159
GM|2|M6-MG_QT10-C1-R2|29|side=1|cfg=T_RUKN|kind=builtin|move=e7c9|hit=builtin|slot=-|gap=-|depth=2|nodes=118|legal=2|probs=rand=45
GM|2|M6-MG_QT10-C1-R2|30|side=-1|cfg=T_YOU|kind=undefined|move=e6e7|hit=above|slot=1|gap=0|depth=13|nodes=691678|legal=29|probs=cap=0,mcap=700,p=0.5,cls=hard,legal=29,accN=1,bandN=0,gaps=1:0,2:98191,3:98383,4:98434,5:98451,6:98472,7:98483,8:98483
GM|2|M6-MG_QT10-C1-R2|31|side=1|cfg=T_RUKN|kind=builtin|move=a6a5|hit=builtin|slot=-|gap=-|depth=2|nodes=759|legal=13|probs=rand=45
GM|2|M6-MG_QT10-C1-R2|32|side=-1|cfg=T_YOU|kind=undefined|move=i4i8|hit=rand|slot=3|gap=100|depth=36|nodes=920772|legal=29|probs=cap=80,mcap=280,p=0.5,cls=normal,legal=29,accN=2,bandN=1,gaps=1:0,2:0,3:100,4:300,5:400,6:400,7:400,8:400,wouldBe=1,agap=100
GM|2|M6-MG_QT10-C1-R2|33|side=1|cfg=T_RUKN|kind=builtin|move=a7c5|hit=builtin|slot=-|gap=-|depth=2|nodes=849|legal=13|probs=rand=45
GM|2|M6-MG_QT10-C1-R2|34|side=-1|cfg=T_YOU|kind=undefined|move=i8e8|hit=rand|slot=3|gap=100|depth=13|nodes=646019|legal=32|probs=cap=80,mcap=280,p=0.5,cls=normal,legal=32,accN=2,bandN=1,gaps=1:0,2:0,3:100,4:400,5:500,6:98931,7:98944,8:99006,wouldBe=1,agap=100
GM|2|M6-MG_QT10-C1-R2|35|side=1|cfg=T_RUKN|kind=builtin|move=e9f9|hit=builtin|slot=-|gap=-|depth=2|nodes=61|legal=1|probs=rand=45
GM|2|M6-MG_QT10-C1-R2|36|side=-1|cfg=T_YOU|kind=undefined|move=e7f7|hit=bmiss|slot=1|gap=0|depth=14|nodes=695386|legal=30|probs=cap=0,mcap=700,p=0.5,cls=hard,legal=30,accN=1,bandN=0,gaps=1:0,2:900,3:1100,4:98840,5:98847,6:98850,7:98851,8:98851,band=0
GM|2|M6-MG_QT10-C1-R2|37|side=1|cfg=T_RUKN|kind=builtin|move=a9a3|hit=builtin|slot=-|gap=-|depth=2|nodes=987|legal=13|probs=rand=45
GM|2|M6-MG_QT10-C1-R2|38|side=-1|cfg=T_YOU|kind=undefined|move=e8e9|hit=above|slot=1|gap=0|depth=245|nodes=396206|legal=38|probs=cap=80,mcap=280,p=0.5,cls=normal,legal=38,accN=3,bandN=5,gaps=1:0,2:0,3:0,4:100,5:100,6:100,7:100,8:100
GE|2|M6-MG_QT10-C1-R2|END|winner=hi|reason=%E5%B0%86%E6%AD%BB|plies=38|tierMoves=19|invalid=0|crit=0|hiSide=1|stats=T_RUKN:n=19,rand=0,cap=0,above=0,bmiss=0,gapMean=0,gapMax=0;T_YOU:n=19,rand=4,cap=5,above=5,bmiss=5,gapMean=48,gapMax=236
PROG|2|M6-MG_QT10-C1-R2
G|2|M7-MG_QT10-C0-R2|START|pos=MG_QT10|pair=%E8%BF%9B%E9%98%B6_vs_%E5%85%A5%E9%97%A8|hi=T_JIN|lo=T_RUKN|hiFirst=0|fen=2bakc2r/4an3/c3b4/p6RC/2p1P1p2/9/P1n3P1P/2N3C1N/9/2BAKAB2 b - - 0 1
GM|2|M7-MG_QT10-C0-R2|1|side=1|cfg=T_JIN|kind=undefined|move=c3e4|hit=cap|slot=8|gap=54|depth=13|nodes=618653|legal=29|probs=cap=80,mcap=280,p=0,cls=normal,legal=29,accN=8,bandN=0,gaps=1:0,2:18,3:20,4:33,5:39,6:49,7:53,8:54
GM|2|M7-MG_QT10-C0-R2|2|side=-1|cfg=T_RUKN|kind=builtin|move=c0a2|hit=builtin|slot=-|gap=-|depth=2|nodes=1517|legal=47|probs=rand=45
GM|2|M7-MG_QT10-C0-R2|3|side=1|cfg=T_JIN|kind=undefined|move=e4f2|hit=above|slot=1|gap=0|depth=15|nodes=632808|legal=27|probs=cap=80,mcap=280,p=0,cls=normal,legal=27,accN=1,bandN=7,gaps=1:0,2:100,3:101,4:104,5:209,6:232,7:251,8:258
GM|2|M7-MG_QT10-C0-R2|4|side=-1|cfg=T_RUKN|kind=builtin|move=e0e1|hit=builtin|slot=-|gap=-|depth=2|nodes=57|legal=1|probs=rand=45
GM|2|M7-MG_QT10-C0-R2|5|side=1|cfg=T_JIN|kind=undefined|move=a7b7|hit=cap|slot=4|gap=80|depth=11|nodes=572019|legal=28|probs=cap=80,mcap=280,p=0,cls=normal,legal=28,accN=4,bandN=4,gaps=1:0,2:26,3:63,4:80,5:86,6:89,7:109,8:130
GM|2|M7-MG_QT10-C0-R2|6|side=-1|cfg=T_RUKN|kind=builtin|move=g3g4|hit=builtin|slot=-|gap=-|depth=2|nodes=1520|legal=42|probs=rand=45
GM|2|M7-MG_QT10-C0-R2|7|side=1|cfg=T_JIN|kind=undefined|move=f2d3|hit=above|slot=1|gap=0|depth=13|nodes=560025|legal=35|probs=cap=80,mcap=280,p=0,cls=normal,legal=35,accN=1,bandN=7,gaps=1:0,2:102,3:110,4:112,5:94,6:133,7:141,8:144
GM|2|M7-MG_QT10-C0-R2|8|side=-1|cfg=T_RUKN|kind=builtin|move=g2d2|hit=builtin|slot=-|gap=-|depth=2|nodes=296|legal=4|probs=rand=45
GM|2|M7-MG_QT10-C0-R2|9|side=1|cfg=T_JIN|kind=undefined|move=b7d7|hit=cap|slot=4|gap=70|depth=11|nodes=557130|legal=35|probs=cap=80,mcap=280,p=0,cls=normal,legal=35,accN=4,bandN=4,gaps=1:0,2:10,3:62,4:70,5:113,6:120,7:130,8:141
GM|2|M7-MG_QT10-C0-R2|10|side=-1|cfg=T_RUKN|kind=builtin|move=h6h7|hit=builtin|slot=-|gap=-|depth=2|nodes=1505|legal=40|probs=rand=45
GM|2|M7-MG_QT10-C0-R2|11|side=1|cfg=T_JIN|kind=undefined|move=f8h7|hit=above|slot=1|gap=0|depth=13|nodes=509862|legal=31|probs=cap=80,mcap=280,p=0,cls=normal,legal=31,accN=1,bandN=1,gaps=1:0,2:82,3:333,4:363,5:397,6:444,7:476,8:525
GM|2|M7-MG_QT10-C0-R2|12|side=-1|cfg=T_RUKN|kind=builtin|move=a2c4|hit=builtin|slot=-|gap=-|depth=2|nodes=1527|legal=31|probs=rand=45
GM|2|M7-MG_QT10-C0-R2|13|side=1|cfg=T_JIN|kind=undefined|move=d7d2|hit=cap|slot=5|gap=77|depth=12|nodes=533352|legal=38|probs=cap=80,mcap=280,p=0,cls=normal,legal=38,accN=2,bandN=6,gaps=1:0,2:125,3:148,4:168,5:77,6:144,7:180,8:194
GM|2|M7-MG_QT10-C0-R2|14|side=-1|cfg=T_RUKN|kind=builtin|move=i3i4|hit=builtin|slot=-|gap=-|depth=2|nodes=1509|legal=30|probs=rand=45
GM|2|M7-MG_QT10-C0-R2|15|side=1|cfg=T_JIN|kind=undefined|move=d2g2|hit=cap|slot=4|gap=73|depth=12|nodes=532220|legal=36|probs=cap=80,mcap=280,p=0,cls=normal,legal=36,accN=4,bandN=4,gaps=1:0,2:23,3:64,4:73,5:188,6:230,7:252,8:266
GM|2|M7-MG_QT10-C0-R2|16|side=-1|cfg=T_RUKN|kind=builtin|move=e1f1|hit=builtin|slot=-|gap=-|depth=2|nodes=314|legal=4|probs=rand=45
GM|2|M7-MG_QT10-C0-R2|17|side=1|cfg=T_JIN|kind=undefined|move=i9i6|hit=above|slot=1|gap=0|depth=11|nodes=532292|legal=39|probs=cap=80,mcap=280,p=0,cls=normal,legal=39,accN=1,bandN=1,gaps=1:0,2:200,3:97952,4:98172,5:98175,6:98183,7:98189,8:98239
GM|2|M7-MG_QT10-C0-R2|18|side=-1|cfg=T_RUKN|kind=builtin|move=c2b0|hit=builtin|slot=-|gap=-|depth=2|nodes=1544|legal=18|probs=rand=45
GM|2|M7-MG_QT10-C0-R2|19|side=1|cfg=T_JIN|kind=undefined|move=i6f6|hit=above|slot=1|gap=0|depth=44|nodes=1391554|legal=51|probs=cap=80,mcap=280,p=0,cls=normal,legal=51,accN=1,bandN=7,gaps=1:0,2:200,3:200,4:200,5:200,6:200,7:200,8:200
GM|2|M7-MG_QT10-C0-R2|20|side=-1|cfg=T_RUKN|kind=builtin|move=e5f5|hit=builtin|slot=-|gap=-|depth=2|nodes=87|legal=1|probs=rand=45
GM|2|M7-MG_QT10-C0-R2|21|side=1|cfg=T_JIN|kind=undefined|move=f6f5|hit=above|slot=1|gap=0|depth=245|nodes=1808157|legal=43|probs=cap=80,mcap=280,p=0,cls=normal,legal=43,accN=1,bandN=7,gaps=1:0,2:200,3:200,4:200,5:200,6:200,7:200,8:200
GE|2|M7-MG_QT10-C0-R2|END|winner=hi|reason=%E5%B0%86%E6%AD%BB|plies=21|tierMoves=11|invalid=0|crit=0|hiSide=-1|stats=T_JIN:n=11,rand=0,cap=5,above=6,bmiss=0,gapMean=32,gapMax=80;T_RUKN:n=10,rand=0,cap=0,above=0,bmiss=0,gapMean=0,gapMax=0
PROG|2|M7-MG_QT10-C0-R2
G|2|M7-MG_QT14-C1-R2|START|pos=MG_QT14|pair=%E8%BF%9B%E9%98%B6_vs_%E5%85%A5%E9%97%A8|hi=T_JIN|lo=T_RUKN|hiFirst=1|fen=2bak3C/4a4/c3b1n2/p8/2p1P1p2/5c2P/P1n3P2/2N1B1C1N/9/2BAKA3 b - - 0 1
GM|2|M7-MG_QT14-C1-R2|1|side=1|cfg=T_RUKN|kind=builtin|move=c3e2|hit=builtin|slot=-|gap=-|depth=2|nodes=1523|legal=37|probs=rand=45
GM|2|M7-MG_QT14-C1-R2|2|side=-1|cfg=T_JIN|kind=undefined|move=c0e2|hit=above|slot=1|gap=0|depth=13|nodes=627801|legal=33|probs=cap=0,mcap=700,p=0,cls=hard,legal=33,accN=1,bandN=4,gaps=1:0,2:544,3:580,4:624,5:682,6:832,7:833,8:882
GM|2|M7-MG_QT14-C1-R2|3|side=1|cfg=T_RUKN|kind=builtin|move=f4e4|hit=builtin|slot=-|gap=-|depth=2|nodes=1523|legal=31|probs=rand=45
GM|2|M7-MG_QT14-C1-R2|4|side=-1|cfg=T_JIN|kind=undefined|move=e2g4|hit=cap|slot=3|gap=48|depth=13|nodes=545362|legal=8|probs=cap=80,mcap=280,p=0,cls=normal,legal=8,accN=3,bandN=4,gaps=1:0,2:16,3:48,4:96,5:116,6:121,7:169,8:100660
GM|2|M7-MG_QT14-C1-R2|5|side=1|cfg=T_RUKN|kind=builtin|move=g5g4|hit=builtin|slot=-|gap=-|depth=2|nodes=1454|legal=26|probs=rand=45
GM|2|M7-MG_QT14-C1-R2|6|side=-1|cfg=T_JIN|kind=undefined|move=g2g4|hit=cap|slot=2|gap=77|depth=14|nodes=578602|legal=28|probs=cap=80,mcap=280,p=0,cls=normal,legal=28,accN=2,bandN=6,gaps=1:0,2:77,3:108,4:175,5:179,6:189,7:224,8:231
GM|2|M7-MG_QT14-C1-R2|7|side=1|cfg=T_RUKN|kind=builtin|move=e4f4|hit=builtin|slot=-|gap=-|depth=2|nodes=1458|legal=26|probs=rand=45
GM|2|M7-MG_QT14-C1-R2|8|side=-1|cfg=T_JIN|kind=undefined|move=c2b4|hit=cap|slot=8|gap=70|depth=13|nodes=564895|legal=28|probs=cap=80,mcap=280,p=0,cls=normal,legal=28,accN=8,bandN=0,gaps=1:0,2:0,3:3,4:8,5:45,6:52,7:64,8:70
GM|2|M7-MG_QT14-C1-R2|9|side=1|cfg=T_RUKN|kind=builtin|move=c5c4|hit=builtin|slot=-|gap=-|depth=2|nodes=1503|legal=28|probs=rand=45
GM|2|M7-MG_QT14-C1-R2|10|side=-1|cfg=T_JIN|kind=undefined|move=b4c2|hit=cap|slot=4|gap=48|depth=13|nodes=563588|legal=27|probs=cap=80,mcap=280,p=0,cls=normal,legal=27,accN=4,bandN=1,gaps=1:0,2:22,3:34,4:48,5:117,6:365,7:398,8:451
GM|2|M7-MG_QT14-C1-R2|11|side=1|cfg=T_RUKN|kind=builtin|move=g7h5|hit=builtin|slot=-|gap=-|depth=2|nodes=1510|legal=30|probs=rand=45
GM|2|M7-MG_QT14-C1-R2|12|side=-1|cfg=T_JIN|kind=undefined|move=g4g9|hit=above|slot=1|gap=0|depth=12|nodes=571814|legal=32|probs=cap=0,mcap=700,p=0,cls=hard,legal=32,accN=1,bandN=0,gaps=1:0,2:99323,3:99346,4:99347,5:99352,6:99383,7:99388,8:99411
GE|2|M7-MG_QT14-C1-R2|END|winner=hi|reason=%E5%B0%86%E6%AD%BB|plies=12|tierMoves=6|invalid=0|crit=0|hiSide=1|stats=T_RUKN:n=6,rand=0,cap=0,above=0,bmiss=0,gapMean=0,gapMax=0;T_JIN:n=6,rand=0,cap=4,above=2,bmiss=0,gapMean=41,gapMax=77
PROG|2|M7-MG_QT14-C1-R2
DRV DONE games=16 round=2
