DRV: not isolated, registering SW (try 0)
DRV: not isolated, registering SW (try 1)
DRV: isolated ok, task=task_opts.json
DRV: engine ready
S|UCI_DUMP|CMD|uci
S|UCI_DUMP|OUT|id name Pikafish dev-20260922-nogit
S|UCI_DUMP|OUT|id author the Pikafish developers (see AUTHORS file)
S|UCI_DUMP|OUT|
S|UCI_DUMP|OUT|option name Debug Log File type string default <empty>
S|UCI_DUMP|OUT|option name NumaPolicy type string default auto
S|UCI_DUMP|OUT|option name Threads type spin default 1 min 1 max 1024
S|UCI_DUMP|OUT|option name Hash type spin default 16 min 1 max 33554432
S|UCI_DUMP|OUT|option name Clear Hash type button
S|UCI_DUMP|OUT|option name Ponder type check default false
S|UCI_DUMP|OUT|option name MultiPV type spin default 1 min 1 max 128
S|UCI_DUMP|OUT|option name Move Overhead type spin default 10 min 0 max 5000
S|UCI_DUMP|OUT|option name nodestime type spin default 0 min 0 max 10000
S|UCI_DUMP|OUT|option name UCI_ShowWDL type check default false
S|UCI_DUMP|OUT|option name EvalFile type string default pikafish.nnue
S|UCI_DUMP|OUT|uciok
S|UCI_DUMP|END|lines=15
S|ISREADY1|CMD|isready
S|ISREADY1|OUT|readyok
S|ISREADY1|END|lines=1
S|OPT_REPETITION|CMD|setoption name Repetition Rule value AsianRule
S|OPT_REPETITION|OUT|No such option: Repetition Rule
S|OPT_REPETITION|END|lines=1
S|OPT_DRAWRULE|CMD|setoption name Draw Rule value None
S|OPT_DRAWRULE|OUT|No such option: Draw Rule
S|OPT_DRAWRULE|END|lines=1
S|OPT_SIXTYMOVE|CMD|setoption name Sixty Move Rule value false
S|OPT_SIXTYMOVE|OUT|No such option: Sixty Move Rule
S|OPT_SIXTYMOVE|END|lines=1
S|OPT_LIMITSTRENGTH|CMD|setoption name UCI_LimitStrength value true
S|OPT_LIMITSTRENGTH|OUT|No such option: UCI_LimitStrength
S|OPT_LIMITSTRENGTH|END|lines=1
S|OPT_ELO1400|CMD|setoption name UCI_Elo value 1400
S|OPT_ELO1400|OUT|No such option: UCI_Elo
S|OPT_ELO1400|END|lines=1
S|OPT_SKILLLEVEL|CMD|setoption name Skill Level value 10
S|OPT_SKILLLEVEL|OUT|No such option: Skill Level
S|OPT_SKILLLEVEL|END|lines=1
S|OPT_THREADS1|CMD|setoption name Threads value 1
S|OPT_THREADS1|OUT|info string Using 1 thread
S|OPT_THREADS1|END|lines=1
S|OPT_HASH64|CMD|setoption name Hash value 64
S|OPT_HASH64|END|lines=0
S|OPT_BOGUS|CMD|setoption name Zzz Not A Real Option value 1
S|OPT_BOGUS|OUT|No such option: Zzz Not A Real Option
S|OPT_BOGUS|END|lines=1
S|ISREADY2|CMD|isready
S|ISREADY2|OUT|readyok
S|ISREADY2|END|lines=1
S|SEARCH_AFTER_OLD_OPTS|CMD|position fen rnbakabnr/9/1c5c1/p1p1p1p1p/9/9/P1P1P1P1P/1C5C1/9/RNBAKABNR w - - 0 1
S|SEARCH_AFTER_OLD_OPTS|CMD|go movetime 500
S|SEARCH_AFTER_OLD_OPTS|OUT|info string Available processors: 0-15
S|SEARCH_AFTER_OLD_OPTS|OUT|info string Using 1 thread
S|SEARCH_AFTER_OLD_OPTS|OUT|info string NNUE evaluation using pikafish.nnue (64MiB, (62083, 1024, 32, 32, 1))
S|SEARCH_AFTER_OLD_OPTS|OUT|info string Network replica 1: Local memory. Shared memory not supported by the OS. Local allocation fallback.
S|SEARCH_AFTER_OLD_OPTS|OUT|info depth 1 seldepth 3 multipv 1 score cp 22 nodes 53 nps 10600 hashfull 0 tbhits 0 time 5 pv b2e2
S|SEARCH_AFTER_OLD_OPTS|OUT|info depth 2 seldepth 3 multipv 1 score cp 22 nodes 98 nps 16333 hashfull 0 tbhits 0 time 6 pv b2e2
S|SEARCH_AFTER_OLD_OPTS|OUT|info depth 3 seldepth 4 multipv 1 score cp 119 nodes 158 nps 26333 hashfull 0 tbhits 0 time 6 pv b2e2
S|SEARCH_AFTER_OLD_OPTS|OUT|info depth 4 seldepth 3 multipv 1 score cp 137 nodes 215 nps 35833 hashfull 0 tbhits 0 time 6 pv b2e2
S|SEARCH_AFTER_OLD_OPTS|OUT|info depth 5 seldepth 5 multipv 1 score cp 36 nodes 899 nps 99888 hashfull 0 tbhits 0 time 9 pv b0c2 b9c7 h2e2
S|SEARCH_AFTER_OLD_OPTS|OUT|info depth 6 seldepth 8 multipv 1 score cp 47 nodes 1153 nps 104818 hashfull 0 tbhits 0 time 11 pv b2e2 b9c7 b0c2 a9b9 a0b0
S|SEARCH_AFTER_OLD_OPTS|OUT|info depth 7 seldepth 10 multipv 1 score cp 44 nodes 2184 nps 145600 hashfull 0 tbhits 0 time 15 pv b2e2 b9c7 b0c2 a9b9 a0b0 g9e7 h0g2 g6g5 c3c4
S|SEARCH_AFTER_OLD_OPTS|OUT|info depth 8 seldepth 8 multipv 1 score cp 44 nodes 2255 nps 150333 hashfull 0 tbhits 0 time 15 pv b2e2 b9c7 b0c2 a9b9 a0b0 g9e7 h0g2
S|SEARCH_AFTER_OLD_OPTS|OUT|info depth 9 seldepth 10 multipv 1 score cp 44 nodes 2385 nps 159000 hashfull 0 tbhits 0 time 15 pv b2e2 b9c7 b0c2 a9b9 a0b0 g9e7 h0g2 g6g5 c3c4
S|SEARCH_AFTER_OLD_OPTS|OUT|info depth 10 seldepth 17 multipv 1 score cp 32 nodes 12079 nps 301975 hashfull 0 tbhits 0 time 40 pv b2e2 b9c7 b0c2 a9b9 a0b0 b7b3
S|SEARCH_AFTER_OLD_OPTS|OUT|info depth 11 seldepth 12 multipv 1 score cp 37 nodes 13280 nps 308837 hashfull 0 tbhits 0 time 43 pv b2e2 h7e7 b0c2 h9g7 a0b0 i9h9 h2g2
S|SEARCH_AFTER_OLD_OPTS|OUT|info depth 12 seldepth 12 multipv 1 score cp 34 nodes 14444 nps 314000 hashfull 0 tbhits 0 time 46 pv b2e2 h7e7 b0c2 h9g7 a0b0 i9h9 h0i2 b9c7 i0h0 a9b9 g3g4
S|SEARCH_AFTER_OLD_OPTS|OUT|info depth 13 seldepth 23 multipv 1 score cp 27 nodes 33387 nps 359000 hashfull 1 tbhits 0 time 93 pv b2e2 b9c7 b0c2 a9b9 g3g4 c6c5 a0b0 h9g7 b0b6 b7a7 b6c6 a7a8 h0g2 a8c8
S|SEARCH_AFTER_OLD_OPTS|OUT|info depth 14 seldepth 21 multipv 1 score cp 26 nodes 54671 nps 366919 hashfull 2 tbhits 0 time 149 pv h2e2 h9g7 g3g4 b7e7 h0g2 b9c7 b0a2
S|SEARCH_AFTER_OLD_OPTS|OUT|info depth 15 seldepth 24 multipv 1 score cp 32 nodes 79371 nps 379765 hashfull 4 tbhits 0 time 209 pv b2e2 b9c7 c3c4 a9b9 b0c2 b7a7 h0g2 g6g5 h2h6 c9e7 h6c6 h9g7 i0h0 i9h9 h0h6 b9b6 c2d4 h7i7 h6g6
S|SEARCH_AFTER_OLD_OPTS|OUT|info depth 16 seldepth 25 multipv 1 score cp 28 nodes 135684 nps 397900 hashfull 7 tbhits 0 time 341 pv c3c4 h7e7 h0g2 h9g7 i0h0 i9h9 h2h6 g6g5 b2e2 b7b2 b0c2 b2e2 g0e2
S|SEARCH_AFTER_OLD_OPTS|OUT|info depth 17 seldepth 25 multipv 1 score cp 30 nodes 170022 nps 399112 hashfull 10 tbhits 0 time 426 pv c3c4 h7e7 h0g2 h9g7 i0h0 i9h9 h2h6 g6g5 b2e2 c9a7 a0a1 a9a8 b0c2 a8f8 c2d4 b9d8
S|SEARCH_AFTER_OLD_OPTS|OUT|info depth 18 seldepth 22 multipv 1 score cp 25 upperbound nodes 201326 nps 402652 hashfull 13 tbhits 0 time 500 pv c3c4 b7c7
S|SEARCH_AFTER_OLD_OPTS|OUT|bestmove c3c4 ponder b7c7
S|SEARCH_AFTER_OLD_OPTS|END|lines=23
S|EVALFILE_PROBE|CMD|setoption name EvalFile value /pikafish.nnue
S|EVALFILE_PROBE|CMD|isready
S|EVALFILE_PROBE|OUT|readyok
S|EVALFILE_PROBE|END|lines=1
S|NODASTIME_PROBE|CMD|setoption name nodestime value 200
S|NODASTIME_PROBE|CMD|position fen rnbakabnr/9/1c5c1/p1p1p1p1p/9/9/P1P1P1P1P/1C5C1/9/RNBAKABNR w - - 0 1
S|NODASTIME_PROBE|CMD|go infinite
S|NODASTIME_PROBE|OUT|info string Available processors: 0-15
S|NODASTIME_PROBE|OUT|info string Using 1 thread
S|NODASTIME_PROBE|OUT|info string NNUE evaluation using /pikafish.nnue (64MiB, (62083, 1024, 32, 32, 1))
S|NODASTIME_PROBE|OUT|info string Network replica 1: Local memory. Shared memory not supported by the OS. Local allocation fallback.
S|NODASTIME_PROBE|OUT|info depth 1 seldepth 5 multipv 1 score cp 22 nodes 53 nps 53000 hashfull 0 tbhits 0 time 1 pv b2e2
S|NODASTIME_PROBE|OUT|info depth 2 seldepth 3 multipv 1 score cp 22 nodes 98 nps 98000 hashfull 0 tbhits 0 time 1 pv b2e2
S|NODASTIME_PROBE|OUT|info depth 4 seldepth 3 multipv 1 score cp 49 nodes 247 nps 247000 hashfull 0 tbhits 0 time 1 pv b2e2
S|NODASTIME_PROBE|OUT|info depth 3 seldepth 20 multipv 1 score cp 41 nodes 192 nps 192000 hashfull 0 tbhits 0 time 1 pv b2e2
S|NODASTIME_PROBE|OUT|info depth 5 seldepth 7 multipv 1 score cp 38 nodes 558 nps 558000 hashfull 0 tbhits 0 time 1 pv h2e2 h9g7 g3g4
S|NODASTIME_PROBE|OUT|info depth 6 seldepth 9 multipv 1 score cp 36 nodes 1661 nps 553666 hashfull 0 tbhits 0 time 3 pv h2e2 h9g7 h0g2 i9h9
S|NODASTIME_PROBE|OUT|info depth 7 seldepth 10 multipv 1 score cp 32 nodes 2414 nps 482800 hashfull 0 tbhits 0 time 5 pv h2e2 h9g7 h0g2 b9c7
S|NODASTIME_PROBE|OUT|info depth 8 seldepth 15 multipv 1 score cp 31 nodes 3172 nps 528666 hashfull 0 tbhits 0 time 6 pv h2e2 h9g7 h0g2 i9h9
S|NODASTIME_PROBE|OUT|info depth 9 seldepth 18 multipv 1 score cp 24 nodes 7611 nps 507400 hashfull 0 tbhits 0 time 15 pv h2e2 h9g7 h0g2 i9h9
S|NODASTIME_PROBE|OUT|info depth 10 seldepth 13 multipv 1 score cp 23 nodes 8534 nps 502000 hashfull 0 tbhits 0 time 17 pv h2e2 h9g7 h0g2 g6g5 i0h0 i9h9 b0c2 h7h3
S|NODASTIME_PROBE|OUT|info depth 11 seldepth 15 multipv 1 score cp 26 nodes 18763 nps 493763 hashfull 1 tbhits 0 time 38 pv g3g4 b7e7 h0g2 b9c7 b2e2 a9b9 b0c2 h9g7 c3c4
S|NODASTIME_PROBE|OUT|info depth 12 seldepth 13 multipv 1 score cp 25 nodes 22938 nps 509733 hashfull 1 tbhits 0 time 45 pv c3c4 b7c7 h2e2 h7e7 h0g2 b9a7 b2d2 h9g7 i0h0 a9b9
S|NODASTIME_PROBE|OUT|info depth 13 seldepth 20 multipv 1 score cp 27 nodes 44069 nps 489655 hashfull 2 tbhits 0 time 90 pv c3c4 b7c7 h2e2 h7e7 h0g2 h9g7 b0c2 c6c5 c2d4 c5c4 d4e6 f9e8 i0h0 g7e6 e2e6 c7c5 b2e2
S|NODASTIME_PROBE|OUT|info depth 14 seldepth 15 multipv 1 score cp 27 nodes 45409 nps 488268 hashfull 2 tbhits 0 time 93 pv c3c4 b7c7 h2e2 h7e7 h0g2 h9g7 b0c2 c6c5 c2d4 c5c4 d4e6 f9e8 i0h0
S|NODASTIME_PROBE|OUT|info depth 15 seldepth 18 multipv 1 score cp 27 nodes 50398 nps 494098 hashfull 2 tbhits 0 time 102 pv c3c4 b7c7 h2e2 h7e7 h0g2 h9g7 b0c2 c6c5 c2d4 c5c4 d4e6 f9e8 i0h0 g7e6 e2e6 c7c5 b2e2
S|NODASTIME_PROBE|OUT|info depth 16 seldepth 26 multipv 1 score cp 28 nodes 155266 nps 438604 hashfull 9 tbhits 0 time 354 pv c3c4 g6g5 h0i2 h9g7 b2e2 c9e7 h2g2 b9d8 i0h0 g7f5 a0a1 f5e3 g2g1 e3c4 b0c2 i9i8
S|NODASTIME_PROBE|OUT|info depth 17 seldepth 26 multipv 1 score cp 26 nodes 221325 nps 427268 hashfull 13 tbhits 0 time 518 pv h2e2 h9g7 h0g2 g6g5 b0c2 c6c5 i0h0 i9h9 h0h4 b9c7 c3c4 c5c4 h4c4 b7b8 c2d4 h7i7 b2c2
S|NODASTIME_PROBE|OUT|info depth 18 seldepth 25 multipv 1 score cp 26 nodes 248378 nps 427500 hashfull 15 tbhits 0 time 581 pv c3c4 g6g5 h2g2 c9e7 h0i2 h9g7 i0h0 i9h9 b2e2 b9d8 a0a1 a9c9 a1d1 d8f7 d1b1 b7c7 e2e6 f9e8 g0e2 h7h3 g3g4 h9h6
S|NODASTIME_PROBE|OUT|info depth 19 seldepth 32 multipv 1 score cp 23 nodes 470888 nps 434799 hashfull 33 tbhits 0 time 1083 pv b2e2 b9c7 b0c2 a9b9 a0b0 c6c5 b0b6 g6g5 h0g2 h9g7 e3e4 h7h6 b6b4 g9e7 c2e3 f9e8 g3g4 b7b5 c3c4 i9f9 c4c5 e7c5 e4e5 e6e5 g4g5 h6b6 b4h4 c5e7
S|NODASTIME_PROBE|OUT|info depth 20 seldepth 35 multipv 1 score cp 26 nodes 639634 nps 437207 hashfull 48 tbhits 0 time 1463 pv b2e2 b9c7 b0c2 a9b9 a0b0 c6c5 b0b6 g6g5 h0g2 h9g7 i0i1 f9e8 i1f1 g9e7 e3e4 i9f9 f1f9 e9f9 e4e5
S|NODASTIME_PROBE|OUT|info depth 21 seldepth 37 multipv 1 score cp 28 nodes 737858 nps 439462 hashfull 55 tbhits 0 time 1679 pv b2e2 b9c7 b0c2 a9b9 a0b0 c6c5 b0b6 g6g5 h0g2 h9g7 i0i1 f9e8 i1f1 c7d5 e3e4 c5c4 b6d6 d5c3 c2e3 c3e2 h2e2 b7c7 c0a2 c4d4 d6d4 i9h9 g3g4 b9b2 f1f6 h7h2 e2h2 h9h2 g4g5 c7c6
S|NODASTIME_PROBE|OUT|info depth 22 seldepth 36 multipv 1 score cp 28 nodes 779230 nps 440242 hashfull 59 tbhits 0 time 1770 pv b2e2 b9c7 b0c2 a9b9 a0b0 c6c5 b0b6 g6g5 h0g2 h9g7 i0i1 f9e8 i1f1 c7d5 e3e4 c5c4 b6d6 d5c3 c2e3 c3e2 h2e2 b7b4
S|NODASTIME_PROBE|OUT|info depth 23 seldepth 45 multipv 1 score cp 23 nodes 1097010 nps 441097 hashfull 86 tbhits 0 time 2487 pv b2e2 b9c7 b0c2 a9b9 a0b0 c6c5 b0b6 g6g5 h0g2 h9g7 i0i1 c7d5 i1f1 f9e8 e3e4 c5c4 b6d6 d5c3 c2e3 c3e2 h2e2 b7c7 c0a2 c4d4 e4e5 b9b2
S|NODASTIME_PROBE|OUT|info depth 24 seldepth 28 multipv 1 score cp 23 nodes 1133172 nps 441266 hashfull 89 tbhits 0 time 2568 pv b2e2 b9c7 b0c2 a9b9 a0b0 c6c5 b0b6 g6g5 h0g2 h9g7 i0i1 c7d5 i1f1 f9e8 e3e4 c5c4 b6d6 d5c3 c2e3 c3e2 h2e2 b7c7 c0a2 c4d4 e4e5 b9b2
S|NODASTIME_PROBE|OUT|info depth 25 seldepth 36 multipv 1 score cp 25 nodes 2388272 nps 426781 hashfull 209 tbhits 0 time 5596 pv c3c4 g6g5 b0c2 c9e7 g0e2 b9d8 h0f1 h9g7 g3g4 g5g4 i0g0 c6c5 g0g4 a9c9 c2b4 b7b2 h2b2 g7f5 a0a1 c5c4 e2c4 i9i8
S|NODASTIME_PROBE|OUT|info depth 26 seldepth 37 multipv 1 score cp 27 nodes 3501932 nps 424682 hashfull 311 tbhits 0 time 8246 pv c3c4 g6g5 h2g2 g9e7 b0c2 b7c7 c2d4 b9a7 b2e2 a9b9 d4e6 b9b3 h0i2 h9f8 e6c7 h7c7 i0i1
S|NODASTIME_PROBE|OUT|info depth 27 seldepth 34 multipv 1 score cp 27 nodes 4170654 nps 425229 hashfull 363 tbhits 0 time 9808 pv c3c4 g6g5 h2g2 g9e7 b2e2 a9a8 b0c2 a8f8 d0e1 f8f4 e2e6 f9e8 h0i2 b9c7 e6e4 c7e6 i0h0 c6c5 c0e2 c5c4 e2c4 e6c5 a0d0 c5e4 d0d4 h9g7 h0h7
S|NODASTIME_PROBE|OUT|info depth 28 seldepth 41 multipv 1 score cp 25 nodes 6437838 nps 420471 hashfull 557 tbhits 0 time 15311 pv c3c4 g6g5 b0c2 h9g7 h2e2 i9h9 h0g2 h7i7 i0i1 d9e8 i1f1 b9c7 e3e4 c9e7 b2a2 a9b9 a0b0 b7b5 b0b4 h9h3 c2e3 h3g3
S|NODASTIME_PROBE|TIMEOUT
S|NODASTIME_PROBE|END|lines=32
S|NODASTIME_OFF|CMD|setoption name nodestime value 0
S|NODASTIME_OFF|END|lines=0
S|SHOWWDL_PROBE|CMD|setoption name UCI_ShowWDL value true
S|SHOWWDL_PROBE|CMD|position fen rnbakabnr/9/1c5c1/p1p1p1p1p/9/9/P1P1P1P1P/1C5C1/9/RNBAKABNR w - - 0 1
S|SHOWWDL_PROBE|CMD|go movetime 300
S|SHOWWDL_PROBE|OUT|info depth 29 seldepth 44 multipv 1 score cp 31 nodes 9677610 nps 417318 hashfull 746 tbhits 0 time 23190 pv c3c4 g6g5 h2g2 c9e7 h0i2 h9g7 i0h0 i9h9 b0c2 h7h3 a0a1 b7c7 g3g4 g5g4 a1d1 c6c5 c4c5 g7f5 d1d5 c7c2 d5f5 b9d8 f5f3 g4h4 h0h1 a9c9 h1d1 h9h8 g2e2 c9c5 d1d7 d8b9 d7b7
S|SHOWWDL_PROBE|OUT|info depth 28 currmove b2b9 currmovenumber 2
S|SHOWWDL_PROBE|OUT|info depth 28 currmove h2h9 currmovenumber 3
S|SHOWWDL_PROBE|OUT|info depth 28 currmove b2e2 currmovenumber 4
S|SHOWWDL_PROBE|OUT|info depth 28 currmove h2e2 currmovenumber 5
S|SHOWWDL_PROBE|OUT|info depth 28 currmove g3g4 currmovenumber 6
S|SHOWWDL_PROBE|OUT|info depth 28 currmove b0c2 currmovenumber 7
S|SHOWWDL_PROBE|OUT|info depth 28 currmove d0e1 currmovenumber 8
S|SHOWWDL_PROBE|OUT|info depth 28 currmove h0g2 currmovenumber 9
S|SHOWWDL_PROBE|OUT|info depth 28 currmove f0e1 currmovenumber 10
S|SHOWWDL_PROBE|OUT|info depth 28 currmove c0e2 currmovenumber 11
S|SHOWWDL_PROBE|OUT|info depth 28 currmove h2d2 currmovenumber 12
S|SHOWWDL_PROBE|OUT|info depth 28 currmove g0e2 currmovenumber 13
S|SHOWWDL_PROBE|OUT|info depth 28 currmove h2g2 currmovenumber 14
S|SHOWWDL_PROBE|OUT|info depth 28 currmove e3e4 currmovenumber 15
S|SHOWWDL_PROBE|OUT|info depth 28 currmove b2g2 currmovenumber 16
S|SHOWWDL_PROBE|OUT|info depth 28 currmove a0a1 currmovenumber 17
S|SHOWWDL_PROBE|OUT|info depth 28 currmove a0a2 currmovenumber 18
S|SHOWWDL_PROBE|OUT|info depth 28 currmove b2b4 currmovenumber 19
S|SHOWWDL_PROBE|OUT|info depth 28 currmove b2d2 currmovenumber 20
S|SHOWWDL_PROBE|OUT|info depth 28 currmove h2h5 currmovenumber 21
S|SHOWWDL_PROBE|OUT|info depth 28 currmove h0i2 currmovenumber 22
S|SHOWWDL_PROBE|OUT|info depth 28 currmove b2b3 currmovenumber 23
S|SHOWWDL_PROBE|OUT|info depth 28 currmove e0e1 currmovenumber 24
S|SHOWWDL_PROBE|OUT|info depth 28 currmove h2h3 currmovenumber 25
S|SHOWWDL_PROBE|OUT|info depth 28 currmove i3i4 currmovenumber 26
S|SHOWWDL_PROBE|OUT|info depth 28 currmove b2b1 currmovenumber 27
S|SHOWWDL_PROBE|OUT|info depth 28 currmove i0i2 currmovenumber 28
S|SHOWWDL_PROBE|OUT|info depth 28 currmove b2f2 currmovenumber 29
S|SHOWWDL_PROBE|OUT|info depth 28 currmove b2b5 currmovenumber 30
S|SHOWWDL_PROBE|OUT|info depth 28 currmove g0i2 currmovenumber 31
S|SHOWWDL_PROBE|OUT|info depth 28 currmove h2h1 currmovenumber 32
S|SHOWWDL_PROBE|OUT|info depth 28 currmove h2h4 currmovenumber 33
S|SHOWWDL_PROBE|OUT|info depth 28 currmove h2c2 currmovenumber 34
S|SHOWWDL_PROBE|OUT|info depth 28 currmove c0a2 currmovenumber 35
S|SHOWWDL_PROBE|OUT|info depth 28 currmove h2h6 currmovenumber 36
S|SHOWWDL_PROBE|OUT|info depth 28 currmove h2f2 currmovenumber 37
S|SHOWWDL_PROBE|OUT|info depth 28 currmove b2a2 currmovenumber 38
S|SHOWWDL_PROBE|OUT|info depth 28 currmove b2c2 currmovenumber 39
S|SHOWWDL_PROBE|OUT|info depth 28 currmove a3a4 currmovenumber 40
S|SHOWWDL_PROBE|OUT|info depth 28 currmove b2b6 currmovenumber 41
S|SHOWWDL_PROBE|OUT|info depth 28 currmove h2i2 currmovenumber 42
S|SHOWWDL_PROBE|OUT|info depth 28 currmove i0i1 currmovenumber 43
S|SHOWWDL_PROBE|OUT|info depth 28 currmove b0a2 currmovenumber 44
S|SHOWWDL_PROBE|OUT|info depth 30 seldepth 42 multipv 1 score cp 26 upperbound nodes 10304873 nps 406135 hashfull 771 tbhits 0 time 25373 pv c3c4 g6g5
S|SHOWWDL_PROBE|OUT|info depth 29 currmove c3c4 currmovenumber 1
S|SHOWWDL_PROBE|OUT|info depth 30 seldepth 46 multipv 1 score cp 26 lowerbound nodes 10676407 nps 405792 hashfull 787 tbhits 0 time 26310 pv c3c4
S|SHOWWDL_PROBE|OUT|info depth 28 currmove c3c4 currmovenumber 1
S|SHOWWDL_PROBE|OUT|info depth 28 currmove b2b9 currmovenumber 2
S|SHOWWDL_PROBE|OUT|info depth 28 currmove h2h9 currmovenumber 3
S|SHOWWDL_PROBE|OUT|info depth 28 currmove g3g4 currmovenumber 4
S|SHOWWDL_PROBE|OUT|info depth 28 currmove b2e2 currmovenumber 5
S|SHOWWDL_PROBE|OUT|info depth 28 currmove b0c2 currmovenumber 6
S|SHOWWDL_PROBE|OUT|info depth 28 currmove h2e2 currmovenumber 7
S|SHOWWDL_PROBE|OUT|info depth 28 currmove h0g2 currmovenumber 8
S|SHOWWDL_PROBE|OUT|info depth 28 currmove b2c2 currmovenumber 9
S|SHOWWDL_PROBE|OUT|info depth 28 currmove g0e2 currmovenumber 10
S|SHOWWDL_PROBE|OUT|info depth 28 currmove f0e1 currmovenumber 11
S|SHOWWDL_PROBE|OUT|info depth 28 currmove e3e4 currmovenumber 12
S|SHOWWDL_PROBE|OUT|info depth 28 currmove h2h5 currmovenumber 13
S|SHOWWDL_PROBE|OUT|info depth 28 currmove e0e1 currmovenumber 14
S|SHOWWDL_PROBE|OUT|info depth 28 currmove h2h3 currmovenumber 15
S|SHOWWDL_PROBE|OUT|info depth 28 currmove a0a1 currmovenumber 16
S|SHOWWDL_PROBE|OUT|info depth 28 currmove b2b3 currmovenumber 17
S|SHOWWDL_PROBE|OUT|info depth 28 currmove i3i4 currmovenumber 18
S|SHOWWDL_PROBE|OUT|info depth 28 currmove i0i2 currmovenumber 19
S|SHOWWDL_PROBE|OUT|info depth 28 currmove b2b1 currmovenumber 20
S|SHOWWDL_PROBE|OUT|info depth 28 currmove d0e1 currmovenumber 21
S|SHOWWDL_PROBE|OUT|info depth 28 currmove g0i2 currmovenumber 22
S|SHOWWDL_PROBE|OUT|info depth 28 currmove b2d2 currmovenumber 23
S|SHOWWDL_PROBE|OUT|info depth 28 currmove b2b5 currmovenumber 24
S|SHOWWDL_PROBE|OUT|info depth 28 currmove h2h1 currmovenumber 25
S|SHOWWDL_PROBE|OUT|info depth 28 currmove a0a2 currmovenumber 26
S|SHOWWDL_PROBE|OUT|info depth 28 currmove b2f2 currmovenumber 27
S|SHOWWDL_PROBE|OUT|info depth 28 currmove c0a2 currmovenumber 28
S|SHOWWDL_PROBE|OUT|info depth 28 currmove h2c2 currmovenumber 29
S|SHOWWDL_PROBE|OUT|info depth 28 currmove b2g2 currmovenumber 30
S|SHOWWDL_PROBE|OUT|info depth 28 currmove h2g2 currmovenumber 31
S|SHOWWDL_PROBE|OUT|info depth 28 currmove h2h6 currmovenumber 32
S|SHOWWDL_PROBE|OUT|info depth 28 currmove h2d2 currmovenumber 33
S|SHOWWDL_PROBE|OUT|info depth 28 currmove b2a2 currmovenumber 34
S|SHOWWDL_PROBE|OUT|info depth 28 currmove h2h4 currmovenumber 35
S|SHOWWDL_PROBE|OUT|info depth 28 currmove b2b4 currmovenumber 36
S|SHOWWDL_PROBE|OUT|info depth 28 currmove a3a4 currmovenumber 37
S|SHOWWDL_PROBE|OUT|info depth 28 currmove h2f2 currmovenumber 38
S|SHOWWDL_PROBE|OUT|info depth 28 currmove c0e2 currmovenumber 39
S|SHOWWDL_PROBE|OUT|info depth 28 currmove h0i2 currmovenumber 40
S|SHOWWDL_PROBE|OUT|info depth 28 currmove b0a2 currmovenumber 41
S|SHOWWDL_PROBE|OUT|info depth 28 currmove b2b6 currmovenumber 42
S|SHOWWDL_PROBE|OUT|info depth 28 currmove h2i2 currmovenumber 43
S|SHOWWDL_PROBE|OUT|info depth 28 currmove i0i1 currmovenumber 44
S|SHOWWDL_PROBE|OUT|info depth 30 seldepth 46 multipv 1 score cp 23 upperbound nodes 11019657 nps 397162 hashfull 797 tbhits 0 time 27746 pv c3c4 g6g5
S|SHOWWDL_PROBE|OUT|info depth 29 currmove c3c4 currmovenumber 1
S|SHOWWDL_PROBE|OUT|info depth 30 seldepth 46 multipv 1 score cp 23 lowerbound nodes 11129755 nps 396796 hashfull 801 tbhits 0 time 28049 pv c3c4
S|SHOWWDL_PROBE|OUT|info depth 28 currmove c3c4 currmovenumber 1
S|SHOWWDL_PROBE|OUT|info depth 28 currmove h2h9 currmovenumber 2
S|SHOWWDL_PROBE|OUT|info depth 28 currmove b2b9 currmovenumber 3
S|SHOWWDL_PROBE|OUT|info depth 28 currmove g3g4 currmovenumber 4
S|SHOWWDL_PROBE|OUT|info depth 28 currmove b2e2 currmovenumber 5
S|SHOWWDL_PROBE|OUT|info depth 28 currmove h0g2 currmovenumber 6
S|SHOWWDL_PROBE|OUT|info depth 28 currmove h2e2 currmovenumber 7
S|SHOWWDL_PROBE|OUT|info depth 28 currmove b0c2 currmovenumber 8
S|SHOWWDL_PROBE|OUT|info depth 28 currmove b2c2 currmovenumber 9
S|SHOWWDL_PROBE|OUT|info depth 28 currmove b0a2 currmovenumber 10
S|SHOWWDL_PROBE|OUT|info depth 28 currmove i0i1 currmovenumber 11
S|SHOWWDL_PROBE|OUT|info depth 28 currmove b2b4 currmovenumber 12
S|SHOWWDL_PROBE|OUT|info depth 28 currmove g0i2 currmovenumber 13
S|SHOWWDL_PROBE|OUT|info depth 28 currmove b2b5 currmovenumber 14
S|SHOWWDL_PROBE|OUT|info depth 28 currmove h0i2 currmovenumber 15
S|SHOWWDL_PROBE|OUT|info depth 28 currmove h2h1 currmovenumber 16
S|SHOWWDL_PROBE|OUT|info depth 28 currmove i0i2 currmovenumber 17
S|SHOWWDL_PROBE|OUT|info depth 28 currmove a0a1 currmovenumber 18
S|SHOWWDL_PROBE|OUT|info depth 28 currmove i3i4 currmovenumber 19
S|SHOWWDL_PROBE|OUT|info depth 28 currmove a0a2 currmovenumber 20
S|SHOWWDL_PROBE|OUT|info depth 28 currmove e3e4 currmovenumber 21
S|SHOWWDL_PROBE|OUT|info depth 28 currmove h2f2 currmovenumber 22
S|SHOWWDL_PROBE|OUT|info depth 28 currmove b2b3 currmovenumber 23
S|SHOWWDL_PROBE|OUT|info depth 28 currmove b2a2 currmovenumber 24
S|SHOWWDL_PROBE|OUT|info depth 28 currmove e0e1 currmovenumber 25
S|SHOWWDL_PROBE|OUT|info depth 28 currmove h2h3 currmovenumber 26
S|SHOWWDL_PROBE|OUT|info depth 28 currmove h2h5 currmovenumber 27
S|SHOWWDL_PROBE|OUT|info depth 28 currmove b2b1 currmovenumber 28
S|SHOWWDL_PROBE|OUT|info depth 28 currmove h2c2 currmovenumber 29
S|SHOWWDL_PROBE|OUT|info depth 28 currmove h2h6 currmovenumber 30
S|SHOWWDL_PROBE|OUT|info depth 28 currmove c0e2 currmovenumber 31
S|SHOWWDL_PROBE|OUT|info depth 28 currmove b2f2 currmovenumber 32
S|SHOWWDL_PROBE|OUT|info depth 28 currmove b2b6 currmovenumber 33
S|SHOWWDL_PROBE|OUT|info depth 28 currmove d0e1 currmovenumber 34
S|SHOWWDL_PROBE|OUT|info depth 28 currmove c0a2 currmovenumber 35
S|SHOWWDL_PROBE|OUT|info depth 28 currmove h2i2 currmovenumber 36
S|SHOWWDL_PROBE|OUT|info depth 28 currmove b2g2 currmovenumber 37
S|SHOWWDL_PROBE|OUT|info depth 28 currmove f0e1 currmovenumber 38
S|SHOWWDL_PROBE|OUT|info depth 28 currmove g0e2 currmovenumber 39
S|SHOWWDL_PROBE|OUT|info depth 28 currmove h2d2 currmovenumber 40
S|SHOWWDL_PROBE|OUT|info depth 28 currmove h2h4 currmovenumber 41
S|SHOWWDL_PROBE|OUT|info depth 28 currmove a3a4 currmovenumber 42
S|SHOWWDL_PROBE|OUT|info depth 28 currmove b2d2 currmovenumber 43
S|SHOWWDL_PROBE|OUT|info depth 28 currmove h2g2 currmovenumber 44
S|SHOWWDL_PROBE|OUT|info depth 30 seldepth 46 multipv 1 score cp 29 nodes 11339237 nps 388197 hashfull 805 tbhits 0 time 29210 pv c3c4 g6g5 h2g2 c9e7 h0i2 h9g7 i0h0 i9h9 h0h4 h7i7 h4f4 i6i5 b0c2 b9c7 c0e2 g7h5 g2g1 h5i3 d0e1 d9e8 a0d0 a9d9 d0d9 e8d9 b2b1 h9h2 c2b4 b7b1 g1b1
S|SHOWWDL_PROBE|OUT|info depth 30 currmove c3c4 currmovenumber 1
S|SHOWWDL_PROBE|OUT|info depth 30 currmove b2b9 currmovenumber 2
S|SHOWWDL_PROBE|OUT|info depth 30 currmove h2h9 currmovenumber 3
S|SHOWWDL_PROBE|OUT|info depth 30 currmove g3g4 currmovenumber 4
S|SHOWWDL_PROBE|OUT|info depth 30 currmove b2e2 currmovenumber 5
S|SHOWWDL_PROBE|OUT|info depth 30 currmove h2e2 currmovenumber 6
S|SHOWWDL_PROBE|OUT|info depth 30 currmove b0c2 currmovenumber 7
S|SHOWWDL_PROBE|OUT|info depth 30 currmove h0i2 currmovenumber 8
S|SHOWWDL_PROBE|OUT|info depth 30 currmove h0g2 currmovenumber 9
S|SHOWWDL_PROBE|OUT|info depth 30 currmove h2g2 currmovenumber 10
S|SHOWWDL_PROBE|OUT|info depth 30 currmove i0i2 currmovenumber 11
S|SHOWWDL_PROBE|OUT|info depth 30 currmove e3e4 currmovenumber 12
S|SHOWWDL_PROBE|OUT|info depth 30 currmove h2d2 currmovenumber 13
S|SHOWWDL_PROBE|OUT|info depth 30 currmove b2b3 currmovenumber 14
S|SHOWWDL_PROBE|OUT|info depth 30 currmove h2h3 currmovenumber 15
S|SHOWWDL_PROBE|OUT|info depth 30 currmove e0e1 currmovenumber 16
S|SHOWWDL_PROBE|OUT|info depth 30 currmove a0a1 currmovenumber 17
S|SHOWWDL_PROBE|OUT|info depth 30 currmove h2h5 currmovenumber 18
S|SHOWWDL_PROBE|OUT|info depth 30 currmove b2b1 currmovenumber 19
S|SHOWWDL_PROBE|OUT|info depth 30 currmove i3i4 currmovenumber 20
S|SHOWWDL_PROBE|OUT|info depth 30 currmove b2f2 currmovenumber 21
S|SHOWWDL_PROBE|OUT|info depth 30 currmove d0e1 currmovenumber 22
S|SHOWWDL_PROBE|OUT|info depth 30 currmove c0a2 currmovenumber 23
S|SHOWWDL_PROBE|OUT|info depth 30 currmove h2h1 currmovenumber 24
S|SHOWWDL_PROBE|OUT|info depth 30 currmove b2b5 currmovenumber 25
S|SHOWWDL_PROBE|OUT|info depth 30 currmove g0i2 currmovenumber 26
S|SHOWWDL_PROBE|OUT|info depth 30 currmove h2c2 currmovenumber 27
S|SHOWWDL_PROBE|OUT|info depth 30 currmove a0a2 currmovenumber 28
S|SHOWWDL_PROBE|OUT|info depth 30 currmove f0e1 currmovenumber 29
S|SHOWWDL_PROBE|OUT|info depth 30 currmove b2g2 currmovenumber 30
S|SHOWWDL_PROBE|OUT|info depth 30 currmove b2b4 currmovenumber 31
S|SHOWWDL_PROBE|OUT|info depth 30 currmove h2h6 currmovenumber 32
S|SHOWWDL_PROBE|OUT|info depth 30 currmove b2a2 currmovenumber 33
S|SHOWWDL_PROBE|OUT|info depth 30 currmove c0e2 currmovenumber 34
S|SHOWWDL_PROBE|OUT|info depth 30 currmove h2h4 currmovenumber 35
S|SHOWWDL_PROBE|OUT|info depth 30 currmove g0e2 currmovenumber 36
S|SHOWWDL_PROBE|OUT|info depth 30 currmove a3a4 currmovenumber 37
S|SHOWWDL_PROBE|OUT|info depth 30 currmove b2d2 currmovenumber 38
S|SHOWWDL_PROBE|OUT|info depth 30 currmove b2b6 currmovenumber 39
S|SHOWWDL_PROBE|OUT|info depth 30 currmove b2c2 currmovenumber 40
S|SHOWWDL_PROBE|OUT|info depth 30 currmove h2i2 currmovenumber 41
S|SHOWWDL_PROBE|OUT|info depth 30 currmove h2f2 currmovenumber 42
S|SHOWWDL_PROBE|OUT|info depth 30 currmove i0i1 currmovenumber 43
S|SHOWWDL_PROBE|OUT|info depth 30 currmove b0a2 currmovenumber 44
S|SHOWWDL_PROBE|OUT|info depth 31 seldepth 42 multipv 1 score cp 23 upperbound nodes 11863882 nps 380569 hashfull 824 tbhits 0 time 31174 pv c3c4 g6g5
S|SHOWWDL_PROBE|OUT|info depth 30 currmove c3c4 currmovenumber 1
S|SHOWWDL_PROBE|OUT|info depth 31 seldepth 42 multipv 1 score cp 23 lowerbound nodes 12345017 nps 380948 hashfull 838 tbhits 0 time 32406 pv c3c4
S|SHOWWDL_PROBE|OUT|info depth 29 currmove c3c4 currmovenumber 1
S|SHOWWDL_PROBE|OUT|info depth 31 seldepth 42 multipv 1 score cp 27 lowerbound nodes 12542797 nps 381669 hashfull 843 tbhits 0 time 32863 pv c3c4
S|SHOWWDL_PROBE|OUT|info depth 28 currmove c3c4 currmovenumber 1
S|SHOWWDL_PROBE|OUT|info depth 28 currmove b2b9 currmovenumber 2
S|SHOWWDL_PROBE|OUT|info depth 28 currmove h2h9 currmovenumber 3
S|SHOWWDL_PROBE|OUT|info depth 28 currmove b0c2 currmovenumber 4
S|SHOWWDL_PROBE|OUT|info depth 28 currmove b2e2 currmovenumber 5
S|SHOWWDL_PROBE|OUT|info depth 28 currmove g3g4 currmovenumber 6
S|SHOWWDL_PROBE|OUT|info depth 28 currmove h2e2 currmovenumber 7
S|SHOWWDL_PROBE|OUT|info depth 28 currmove h0g2 currmovenumber 8
S|SHOWWDL_PROBE|OUT|info depth 28 currmove b2b3 currmovenumber 9
S|SHOWWDL_PROBE|OUT|info depth 28 currmove h2c2 currmovenumber 10
S|SHOWWDL_PROBE|OUT|info depth 28 currmove e3e4 currmovenumber 11
S|SHOWWDL_PROBE|OUT|info depth 28 currmove a0a1 currmovenumber 12
S|SHOWWDL_PROBE|OUT|info depth 28 currmove h2h3 currmovenumber 13
S|SHOWWDL_PROBE|OUT|info depth 28 currmove e0e1 currmovenumber 14
S|SHOWWDL_PROBE|OUT|info depth 28 currmove b2b4 currmovenumber 15
S|SHOWWDL_PROBE|OUT|info depth 28 currmove h2h5 currmovenumber 16
S|SHOWWDL_PROBE|OUT|info depth 28 currmove b2b1 currmovenumber 17
S|SHOWWDL_PROBE|OUT|info depth 28 currmove i0i2 currmovenumber 18
S|SHOWWDL_PROBE|OUT|info depth 28 currmove i3i4 currmovenumber 19
S|SHOWWDL_PROBE|OUT|info depth 28 currmove b2f2 currmovenumber 20
S|SHOWWDL_PROBE|OUT|info depth 28 currmove b2g2 currmovenumber 21
S|SHOWWDL_PROBE|OUT|info depth 28 currmove h0i2 currmovenumber 22
S|SHOWWDL_PROBE|OUT|info depth 28 currmove c0a2 currmovenumber 23
S|SHOWWDL_PROBE|OUT|info depth 28 currmove d0e1 currmovenumber 24
S|SHOWWDL_PROBE|OUT|info depth 28 currmove h2h1 currmovenumber 25
S|SHOWWDL_PROBE|OUT|info depth 28 currmove b2b5 currmovenumber 26
S|SHOWWDL_PROBE|OUT|info depth 28 currmove h2h6 currmovenumber 27
S|SHOWWDL_PROBE|OUT|info depth 28 currmove g0i2 currmovenumber 28
S|SHOWWDL_PROBE|OUT|info depth 28 currmove f0e1 currmovenumber 29
S|SHOWWDL_PROBE|OUT|info depth 28 currmove b2c2 currmovenumber 30
S|SHOWWDL_PROBE|OUT|info depth 28 currmove b2d2 currmovenumber 31
S|SHOWWDL_PROBE|OUT|info depth 28 currmove a0a2 currmovenumber 32
S|SHOWWDL_PROBE|OUT|info depth 28 currmove h2d2 currmovenumber 33
S|SHOWWDL_PROBE|OUT|info depth 28 currmove g0e2 currmovenumber 34
S|SHOWWDL_PROBE|OUT|info depth 28 currmove h2h4 currmovenumber 35
S|SHOWWDL_PROBE|OUT|info depth 28 currmove a3a4 currmovenumber 36
S|SHOWWDL_PROBE|OUT|info depth 28 currmove h2g2 currmovenumber 37
S|SHOWWDL_PROBE|OUT|info depth 28 currmove b2a2 currmovenumber 38
S|SHOWWDL_PROBE|OUT|info depth 28 currmove h2i2 currmovenumber 39
S|SHOWWDL_PROBE|OUT|info depth 28 currmove b2b6 currmovenumber 40
S|SHOWWDL_PROBE|OUT|info depth 28 currmove h2f2 currmovenumber 41
S|SHOWWDL_PROBE|OUT|info depth 28 currmove c0e2 currmovenumber 42
S|SHOWWDL_PROBE|OUT|info depth 28 currmove b0a2 currmovenumber 43
S|SHOWWDL_PROBE|OUT|info depth 28 currmove i0i1 currmovenumber 44
S|SHOWWDL_PROBE|OUT|info depth 31 seldepth 42 multipv 1 score cp 22 upperbound nodes 13104436 nps 377062 hashfull 856 tbhits 0 time 34754 pv c3c4 g6g5
S|SHOWWDL_PROBE|OUT|info depth 30 currmove c3c4 currmovenumber 1
S|SHOWWDL_PROBE|OUT|info depth 31 seldepth 42 multipv 1 score cp 22 lowerbound nodes 13432936 nps 377117 hashfull 865 tbhits 0 time 35620 pv c3c4
S|SHOWWDL_PROBE|OUT|info depth 29 currmove c3c4 currmovenumber 1
S|SHOWWDL_PROBE|OUT|info depth 29 currmove h2h9 currmovenumber 2
S|SHOWWDL_PROBE|OUT|info depth 29 currmove b2b9 currmovenumber 3
S|SHOWWDL_PROBE|OUT|info depth 29 currmove g3g4 currmovenumber 4
S|SHOWWDL_PROBE|OUT|info depth 29 currmove h0g2 currmovenumber 5
S|SHOWWDL_PROBE|OUT|info depth 29 currmove b2e2 currmovenumber 6
S|SHOWWDL_PROBE|OUT|info depth 29 currmove b0c2 currmovenumber 7
S|SHOWWDL_PROBE|OUT|info depth 29 currmove h2e2 currmovenumber 8
S|SHOWWDL_PROBE|OUT|info depth 29 currmove c0a2 currmovenumber 9
S|SHOWWDL_PROBE|OUT|info depth 29 currmove e3e4 currmovenumber 10
S|SHOWWDL_PROBE|OUT|info depth 29 currmove h2g2 currmovenumber 11
S|SHOWWDL_PROBE|OUT|info depth 29 currmove b2b6 currmovenumber 12
S|SHOWWDL_PROBE|OUT|info depth 29 currmove b2b3 currmovenumber 13
S|SHOWWDL_PROBE|OUT|info depth 29 currmove h2h3 currmovenumber 14
S|SHOWWDL_PROBE|OUT|info depth 29 currmove e0e1 currmovenumber 15
S|SHOWWDL_PROBE|OUT|info depth 29 currmove h2h5 currmovenumber 16
S|SHOWWDL_PROBE|OUT|info depth 29 currmove b2b1 currmovenumber 17
S|SHOWWDL_PROBE|OUT|info depth 29 currmove b2a2 currmovenumber 18
S|SHOWWDL_PROBE|OUT|info depth 29 currmove g0i2 currmovenumber 19
S|SHOWWDL_PROBE|OUT|info depth 29 currmove b2f2 currmovenumber 20
S|SHOWWDL_PROBE|OUT|info depth 29 currmove d0e1 currmovenumber 21
S|SHOWWDL_PROBE|OUT|info depth 29 currmove i3i4 currmovenumber 22
S|SHOWWDL_PROBE|OUT|info depth 29 currmove b2g2 currmovenumber 23
S|SHOWWDL_PROBE|OUT|info depth 29 currmove i0i2 currmovenumber 24
S|SHOWWDL_PROBE|OUT|info depth 29 currmove b2b5 currmovenumber 25
S|SHOWWDL_PROBE|OUT|info depth 29 currmove h2h1 currmovenumber 26
S|SHOWWDL_PROBE|OUT|info depth 29 currmove h0i2 currmovenumber 27
S|SHOWWDL_PROBE|OUT|info depth 29 currmove h2i2 currmovenumber 28
S|SHOWWDL_PROBE|OUT|info depth 29 currmove f0e1 currmovenumber 29
S|SHOWWDL_PROBE|OUT|info depth 29 currmove h2c2 currmovenumber 30
S|SHOWWDL_PROBE|OUT|info depth 29 currmove a0a2 currmovenumber 31
S|SHOWWDL_PROBE|OUT|info depth 29 currmove h2h6 currmovenumber 32
S|SHOWWDL_PROBE|OUT|info depth 29 currmove h2f2 currmovenumber 33
S|SHOWWDL_PROBE|OUT|info depth 29 currmove b0a2 currmovenumber 34
S|SHOWWDL_PROBE|OUT|info depth 29 currmove c0e2 currmovenumber 35
S|SHOWWDL_PROBE|OUT|info depth 29 currmove b2d2 currmovenumber 36
S|SHOWWDL_PROBE|OUT|info depth 29 currmove a0a1 currmovenumber 37
S|SHOWWDL_PROBE|OUT|info depth 29 currmove h2h4 currmovenumber 38
S|SHOWWDL_PROBE|OUT|info depth 29 currmove a3a4 currmovenumber 39
S|SHOWWDL_PROBE|OUT|info depth 29 currmove b2c2 currmovenumber 40
S|SHOWWDL_PROBE|OUT|info depth 29 currmove h2d2 currmovenumber 41
S|SHOWWDL_PROBE|OUT|info depth 29 currmove b2b4 currmovenumber 42
S|SHOWWDL_PROBE|OUT|info depth 29 currmove i0i1 currmovenumber 43
S|SHOWWDL_PROBE|OUT|info depth 29 currmove g0e2 currmovenumber 44
S|SHOWWDL_PROBE|OUT|info depth 31 seldepth 42 multipv 1 score cp 23 nodes 13600405 nps 370987 hashfull 868 tbhits 0 time 36660 pv c3c4 g6g5 h2g2 c9e7 h0i2 h9g7 i0h0 i9h9 h0h4 h7i7 h4d4 b9a7 c0e2 a9c9 b0d1 c6c5 a0c0 b7c7 c0b0 c5c4 d4c4 h9h6 b2a2 e6e5 g3g4 a7c6 c4f4 g5g4 f4g4
S|SHOWWDL_PROBE|OUT|info depth 31 currmove c3c4 currmovenumber 1
S|SHOWWDL_PROBE|OUT|info depth 32 seldepth 38 multipv 1 score cp 25 lowerbound nodes 14207435 nps 371776 hashfull 885 tbhits 0 time 38215 pv c3c4
S|SHOWWDL_PROBE|OUT|info depth 30 currmove c3c4 currmovenumber 1
S|SHOWWDL_PROBE|OUT|info depth 30 currmove h2h9 currmovenumber 2
S|SHOWWDL_PROBE|OUT|info depth 30 currmove b2b9 currmovenumber 3
S|SHOWWDL_PROBE|OUT|info depth 30 currmove h2e2 currmovenumber 4
S|SHOWWDL_PROBE|OUT|info depth 30 currmove b0c2 currmovenumber 5
S|SHOWWDL_PROBE|OUT|info depth 30 currmove g3g4 currmovenumber 6
S|SHOWWDL_PROBE|OUT|info depth 30 currmove b2e2 currmovenumber 7
S|SHOWWDL_PROBE|OUT|info depth 30 currmove h0g2 currmovenumber 8
S|SHOWWDL_PROBE|OUT|info depth 30 currmove a0a1 currmovenumber 9
S|SHOWWDL_PROBE|OUT|info depth 30 currmove h2h5 currmovenumber 10
S|SHOWWDL_PROBE|OUT|info depth 30 currmove b2c2 currmovenumber 11
S|SHOWWDL_PROBE|OUT|info depth 30 currmove h0i2 currmovenumber 12
S|SHOWWDL_PROBE|OUT|info depth 30 currmove g0e2 currmovenumber 13
S|SHOWWDL_PROBE|OUT|info depth 30 currmove b0a2 currmovenumber 14
S|SHOWWDL_PROBE|OUT|info depth 30 currmove b2f2 currmovenumber 15
S|SHOWWDL_PROBE|OUT|info depth 30 currmove b2b5 currmovenumber 16
S|SHOWWDL_PROBE|OUT|info depth 30 currmove e3e4 currmovenumber 17
S|SHOWWDL_PROBE|OUT|info depth 30 currmove d0e1 currmovenumber 18
S|SHOWWDL_PROBE|OUT|info depth 30 currmove b2b3 currmovenumber 19
S|SHOWWDL_PROBE|OUT|info depth 30 currmove h2g2 currmovenumber 20
S|SHOWWDL_PROBE|OUT|info depth 30 currmove e0e1 currmovenumber 21
S|SHOWWDL_PROBE|OUT|info depth 30 currmove i3i4 currmovenumber 22
S|SHOWWDL_PROBE|OUT|info depth 30 currmove h2h3 currmovenumber 23
S|SHOWWDL_PROBE|OUT|info depth 30 currmove b2b1 currmovenumber 24
S|SHOWWDL_PROBE|OUT|info depth 30 currmove h2f2 currmovenumber 25
S|SHOWWDL_PROBE|OUT|info depth 30 currmove i0i2 currmovenumber 26
S|SHOWWDL_PROBE|OUT|info depth 30 currmove h2h1 currmovenumber 27
S|SHOWWDL_PROBE|OUT|info depth 30 currmove b2g2 currmovenumber 28
S|SHOWWDL_PROBE|OUT|info depth 30 currmove f0e1 currmovenumber 29
S|SHOWWDL_PROBE|OUT|info depth 30 currmove h2c2 currmovenumber 30
S|SHOWWDL_PROBE|OUT|info depth 30 currmove a0a2 currmovenumber 31
S|SHOWWDL_PROBE|OUT|info depth 30 currmove g0i2 currmovenumber 32
S|SHOWWDL_PROBE|OUT|info depth 30 currmove h2h6 currmovenumber 33
S|SHOWWDL_PROBE|OUT|info depth 30 currmove c0a2 currmovenumber 34
S|SHOWWDL_PROBE|OUT|info depth 30 currmove a3a4 currmovenumber 35
S|SHOWWDL_PROBE|OUT|info depth 30 currmove h2h4 currmovenumber 36
S|SHOWWDL_PROBE|OUT|info depth 30 currmove b2a2 currmovenumber 37
S|SHOWWDL_PROBE|OUT|info depth 30 currmove h2d2 currmovenumber 38
S|SHOWWDL_PROBE|OUT|info depth 30 currmove b2b6 currmovenumber 39
S|SHOWWDL_PROBE|OUT|info depth 30 currmove b2b4 currmovenumber 40
S|SHOWWDL_PROBE|OUT|info depth 30 currmove c0e2 currmovenumber 41
S|SHOWWDL_PROBE|OUT|info depth 30 currmove h2i2 currmovenumber 42
S|SHOWWDL_PROBE|OUT|info depth 30 currmove b2d2 currmovenumber 43
S|SHOWWDL_PROBE|OUT|info depth 30 currmove i0i1 currmovenumber 44
S|SHOWWDL_PROBE|OUT|info depth 32 seldepth 44 multipv 1 score cp 23 upperbound nodes 14809271 nps 366983 hashfull 903 tbhits 0 time 40354 pv c3c4 g6g5
S|SHOWWDL_PROBE|OUT|info depth 31 currmove c3c4 currmovenumber 1
S|SHOWWDL_PROBE|TIMEOUT
S|SHOWWDL_PROBE|END|lines=328
S|SHOWWDL_OFF|CMD|setoption name UCI_ShowWDL value false
S|SHOWWDL_OFF|END|lines=0
S|HASH256_THREADS4|CMD|setoption name Hash value 256
S|HASH256_THREADS4|CMD|setoption name Threads value 4
S|HASH256_THREADS4|CMD|isready
S|HASH256_THREADS4|END|lines=0
S|BOUNDS_PROBE|CMD|setoption name MultiPV value 99
S|BOUNDS_PROBE|CMD|setoption name Threads value 99
S|BOUNDS_PROBE|CMD|setoption name Hash value 99999
S|BOUNDS_PROBE|CMD|isready
S|BOUNDS_PROBE|END|lines=0
S|RESET|CMD|setoption name MultiPV value 1
S|RESET|CMD|setoption name Threads value 4
S|RESET|CMD|setoption name Hash value 64
S|RESET|CMD|isready
S|RESET|END|lines=0
DRV DONE steps=21
DRV: not isolated, registering SW (try 0)
DRV: not isolated, registering SW (try 1)
DRV: isolated ok, task=task_mpv.json
DRV: engine ready
S|MPV1_MT1500|CMD|setoption name MultiPV value 1
S|MPV1_MT1500|CMD|position fen rnbakabnr/9/1c5c1/p1p1p1p1p/9/9/P1P1P1P1P/1C5C1/9/RNBAKABNR w - - 0 1
S|MPV1_MT1500|CMD|go movetime 1500
S|MPV1_MT1500|OUT|info string Available processors: 0-15
S|MPV1_MT1500|OUT|info string Using 4 threads
S|MPV1_MT1500|OUT|info string NNUE evaluation using pikafish.nnue (64MiB, (62083, 1024, 32, 32, 1))
S|MPV1_MT1500|OUT|info string Network replica 1: Local memory. Shared memory not supported by the OS. Local allocation fallback.
S|MPV1_MT1500|OUT|info depth 1 seldepth 3 multipv 1 score cp 22 nodes 326 nps 54333 hashfull 0 tbhits 0 time 6 pv b2e2
S|MPV1_MT1500|OUT|info depth 2 seldepth 4 multipv 1 score cp 42 nodes 1393 nps 199000 hashfull 0 tbhits 0 time 7 pv b2e2
S|MPV1_MT1500|OUT|info depth 3 seldepth 4 multipv 1 score cp 31 nodes 1689 nps 241285 hashfull 0 tbhits 0 time 7 pv h2e2
S|MPV1_MT1500|OUT|info depth 4 seldepth 7 multipv 1 score cp 59 nodes 2985 nps 331666 hashfull 0 tbhits 0 time 9 pv b2e2 g9e7
S|MPV1_MT1500|OUT|info depth 5 seldepth 5 multipv 1 score cp 54 nodes 3305 nps 330500 hashfull 0 tbhits 0 time 10 pv b2e2 b9c7 b0c2
S|MPV1_MT1500|OUT|info depth 6 seldepth 10 multipv 1 score cp 37 nodes 11992 nps 705411 hashfull 0 tbhits 0 time 17 pv b2e2 h9g7
S|MPV1_MT1500|OUT|info depth 7 seldepth 12 multipv 1 score cp 38 nodes 13955 nps 775277 hashfull 0 tbhits 0 time 18 pv b2e2 b9c7 b0c2 a9b9 a0b0
S|MPV1_MT1500|OUT|info depth 8 seldepth 16 multipv 1 score cp 30 nodes 24958 nps 1039916 hashfull 1 tbhits 0 time 24 pv h2e2 h9g7 h0g2 g6g5 i0h0 i9h9 h0h6
S|MPV1_MT1500|OUT|info depth 9 seldepth 17 multipv 1 score cp 34 nodes 30297 nps 1122111 hashfull 2 tbhits 0 time 27 pv h2e2 h9g7 g3g4
S|MPV1_MT1500|OUT|info depth 10 seldepth 18 multipv 1 score cp 35 nodes 32880 nps 1133793 hashfull 2 tbhits 0 time 29 pv h2e2 h9g7 h0g2 g6g5 i0h0 i9h9 h0h6 b9c7 e3e4 h7h8 b0c2 h8e8 h6g6
S|MPV1_MT1500|OUT|info depth 11 seldepth 17 multipv 1 score cp 35 nodes 33677 nps 1122566 hashfull 2 tbhits 0 time 30 pv h2e2 h9g7 h0g2 g6g5 i0h0 i9h9 h0h6 b9c7 e3e4 h7h8 b0c2
S|MPV1_MT1500|OUT|info depth 12 seldepth 19 multipv 1 score cp 29 nodes 88974 nps 1435064 hashfull 6 tbhits 0 time 62 pv h2e2 h9g7 g3g4 i9h9
S|MPV1_MT1500|OUT|info depth 13 seldepth 19 multipv 1 score cp 36 nodes 125315 nps 1509819 hashfull 7 tbhits 0 time 83 pv h2e2 h9g7 h0g2 g6g5 i0h0 i9h9 h0h6 c9e7 b0c2 d9e8
S|MPV1_MT1500|OUT|info depth 14 seldepth 31 multipv 1 score cp 27 nodes 342068 nps 1693405 hashfull 24 tbhits 0 time 202 pv b2e2 b9c7 b0c2 c6c5 g3g4 a9b9 a0b0 b7b3 h2h4 g9e7
S|MPV1_MT1500|OUT|info depth 15 seldepth 23 multipv 1 score cp 32 nodes 352739 nps 1687746 hashfull 25 tbhits 0 time 209 pv b2e2 b9c7 b0c2 c6c5 a0b0 a9b9 b0b6 g6g5 h0g2 h9g7 i0i1 g9e7 i1f1 f9e8 b6c6 i9f9 f1f9 g7f9 e3e4 b7b3 e4e5
S|MPV1_MT1500|OUT|info depth 16 seldepth 20 multipv 1 score cp 32 nodes 366072 nps 1679229 hashfull 27 tbhits 0 time 218 pv b2e2 b9c7 b0c2 a9b9 a0b0 c6c5 b0b6 g6g5 h0g2 h9g7 i0i1 g9e7 i1f1 f9e8 b6c6 i9f9 f1f9 g7f9 e3e4
S|MPV1_MT1500|OUT|info depth 17 seldepth 38 multipv 1 score cp 31 nodes 717831 nps 1673265 hashfull 56 tbhits 0 time 429 pv b2e2 b9c7 b0c2 a9b9 a0b0 c6c5 b0b6 g6g5 h0g2 h9g7 i0i1 f9e8 i1f1 c7d5 e3e4 c5c4 b6d6 d5c3 c2e3
S|MPV1_MT1500|OUT|info depth 18 seldepth 28 multipv 1 score cp 28 nodes 786461 nps 1687684 hashfull 62 tbhits 0 time 466 pv h2e2 h9g7 h0g2 g6g5 i0h0 i9h9 h0h6 b9c7 c3c4 h7i7 h6g6 i7i8 b2d2 a9b9 b0c2 b7a7 a0a2 i8g8 g6f6 g8c8 a2b2 b9b2 d2b2 h9h4
S|MPV1_MT1500|OUT|info depth 19 seldepth 52 multipv 1 score cp 31 nodes 1774172 nps 1611418 hashfull 135 tbhits 0 time 1101 pv b2e2 b9c7 b0c2 a9b9 a0b0 c6c5 b0b6 g6g5 h0g2 h9g7 i0i1 f9e8 i1f1 g9e7 e3e4 h7h3 e4e5 b7a7 b6b9 c7b9 g3g4 g5g4
S|MPV1_MT1500|OUT|info depth 20 seldepth 36 multipv 1 score cp 28 nodes 2126502 nps 1588126 hashfull 172 tbhits 0 time 1339 pv g3g4 c6c5 h0g2 b9c7 c0e2 h9i7 i0i1 c9e7 i1c1 c7b5 g2f4 b7b2 h2b2 b5c7 b0a2 a9b9 a0b0 i9i8 c3c4 c5c4 c1c4 h7h4 c4c7 h4f4 b2b6
S|MPV1_MT1500|OUT|info depth 21 seldepth 42 multipv 1 score cp 26 nodes 2307171 nps 1594451 hashfull 187 tbhits 0 time 1447 pv g3g4 c6c5 h0g2 b9c7 c0e2 h9i7 i0i1 c9e7 i1c1 b7b9 c3c4 c5c4 c1c4 i6i5 g2f4 b9c9 c4b4 h7h4 b4b7 h4f4 b7c7 a9b9 c7c6 i9h9 b0d1 h9h5 a0b0 f4f3 c6e6 h5d5 e6f6 d5d1 f6f3
S|MPV1_MT1500|OUT|info depth 22 seldepth 42 multipv 1 score cp 26 nodes 2395130 nps 1595689 hashfull 197 tbhits 0 time 1501 pv g3g4 c6c5 h0g2 b9c7 c0e2 h9i7 i0i1 c9e7 i1c1 b7b9 c3c4 c5c4 c1c4 i6i5 g2f4 b9c9 c4b4 h7h4 b4b7 h4f4 b7c7 a9b9 c7c6 i9h9 b0d1 h9h5 a0b0 f4f3 c6e6 h5d5 e6f6 d5d1 f6f3
S|MPV1_MT1500|OUT|bestmove g3g4 ponder c6c5
S|MPV1_MT1500|END|lines=27
S|MPV2_MT1500|CMD|setoption name MultiPV value 2
S|MPV2_MT1500|CMD|position fen rnbakabnr/9/1c5c1/p1p1p1p1p/9/9/P1P1P1P1P/1C5C1/9/RNBAKABNR w - - 0 1
S|MPV2_MT1500|CMD|go movetime 1500
S|MPV2_MT1500|OUT|info string Available processors: 0-15
S|MPV2_MT1500|OUT|info string Using 4 threads
S|MPV2_MT1500|OUT|info string NNUE evaluation using pikafish.nnue (64MiB, (62083, 1024, 32, 32, 1))
S|MPV2_MT1500|OUT|info string Network replica 1: Local memory. Shared memory not supported by the OS. Local allocation fallback.
S|MPV2_MT1500|OUT|info depth 1 seldepth 3 multipv 1 score cp 32 nodes 463 nps 463000 hashfull 0 tbhits 0 time 1 pv h2e2
S|MPV2_MT1500|OUT|info depth 1 seldepth 5 multipv 2 score cp 25 nodes 463 nps 463000 hashfull 0 tbhits 0 time 1 pv g3g4
S|MPV2_MT1500|OUT|info depth 2 seldepth 5 multipv 1 score cp 27 nodes 1303 nps 1303000 hashfull 0 tbhits 0 time 1 pv h2e2 h9g7 h0g2
S|MPV2_MT1500|OUT|info depth 2 seldepth 3 multipv 2 score cp 27 nodes 1303 nps 1303000 hashfull 0 tbhits 0 time 1 pv b2e2
S|MPV2_MT1500|OUT|info depth 3 seldepth 7 multipv 1 score cp 36 nodes 2779 nps 2779000 hashfull 0 tbhits 0 time 1 pv b2e2 b7e7
S|MPV2_MT1500|OUT|info depth 3 seldepth 3 multipv 2 score cp 34 nodes 2779 nps 1389500 hashfull 0 tbhits 0 time 2 pv h2e2 h9g7
S|MPV2_MT1500|OUT|info depth 4 seldepth 12 multipv 1 score cp 33 nodes 4796 nps 2398000 hashfull 0 tbhits 0 time 2 pv h2e2 h9g7
S|MPV2_MT1500|OUT|info depth 4 seldepth 7 multipv 2 score cp 30 nodes 4796 nps 2398000 hashfull 0 tbhits 0 time 2 pv b2e2 b9c7 b0c2 a9b9 a0b0
S|MPV2_MT1500|OUT|info depth 5 seldepth 10 multipv 1 score cp 30 nodes 7342 nps 2447333 hashfull 0 tbhits 0 time 3 pv b2e2 b9c7 b0c2 c6c5 a0b0 a9b9 b0b6 h9g7 h0g2
S|MPV2_MT1500|OUT|info depth 5 seldepth 8 multipv 2 score cp 25 nodes 7342 nps 2447333 hashfull 0 tbhits 0 time 3 pv g3g4 c6c5 h2e2 b9c7 b0a2 h9g7 h0g2
S|MPV2_MT1500|OUT|info depth 6 seldepth 8 multipv 2 score cp 27 nodes 8710 nps 2177500 hashfull 0 tbhits 0 time 4 pv g3g4 b9c7 c3c4 h7g7 b0c2 g6g5
S|MPV2_MT1500|OUT|info depth 6 seldepth 9 multipv 1 score cp 31 nodes 8710 nps 2177500 hashfull 0 tbhits 0 time 4 pv b2e2 b9c7 b0c2 a9b9 a0b0 h9g7
S|MPV2_MT1500|OUT|info depth 7 seldepth 16 multipv 1 score cp 26 nodes 12801 nps 2560200 hashfull 0 tbhits 0 time 5 pv b2e2 b9c7 b0c2 a9b9 a0b0 h9g7 g3g4 c6c5 b0b6
S|MPV2_MT1500|OUT|info depth 7 seldepth 10 multipv 2 score cp 26 nodes 12801 nps 2560200 hashfull 0 tbhits 0 time 5 pv g3g4 c6c5 h2e2 b9c7 b0a2 g9e7 i0i1
S|MPV2_MT1500|OUT|info depth 8 seldepth 12 multipv 1 score cp 28 nodes 17843 nps 2230375 hashfull 0 tbhits 0 time 8 pv g3g4 c6c5 h0g2 b9c7 i0i1 g9e7 c0e2 a9a8
S|MPV2_MT1500|OUT|info depth 8 seldepth 16 multipv 2 score cp 25 nodes 17843 nps 2230375 hashfull 0 tbhits 0 time 8 pv b2e2 b9c7 b0c2 a9b9 a0b0 h9g7 g0i2
S|MPV2_MT1500|OUT|info depth 9 seldepth 15 multipv 1 score cp 30 nodes 23088 nps 2308800 hashfull 0 tbhits 0 time 10 pv g3g4 c6c5 h0g2 b9c7 i0i1 g9e7 c0e2 h9f8 b0d1
S|MPV2_MT1500|OUT|info depth 9 seldepth 23 multipv 2 score cp 28 nodes 23088 nps 2098909 hashfull 0 tbhits 0 time 11 pv b2e2 b9c7 b0c2 h9g7
S|MPV2_MT1500|OUT|info depth 10 seldepth 13 multipv 1 score cp 30 nodes 47252 nps 1750074 hashfull 2 tbhits 0 time 27 pv g3g4 c6c5 h0g2 b9c7 i0i1 g9e7 c0e2 h9f8 b0d1 i9g9 c3c4
S|MPV2_MT1500|OUT|info depth 10 seldepth 22 multipv 2 score cp 28 nodes 47252 nps 1687571 hashfull 2 tbhits 0 time 28 pv b2e2 h9g7 b0c2 b9c7 a0b0 a9b9 g3g4
S|MPV2_MT1500|OUT|info depth 11 seldepth 23 multipv 1 score cp 30 nodes 79847 nps 1663479 hashfull 3 tbhits 0 time 48 pv g3g4 c6c5 h0g2 b9c7 i0i1 g9e7 c0e2 h9f8 b0d1 i9g9 a0c0
S|MPV2_MT1500|OUT|info depth 11 seldepth 24 multipv 2 score cp 25 nodes 79847 nps 1663479 hashfull 3 tbhits 0 time 48 pv b2e2 b9c7 b0c2 a9b9 a0b0 h9g7 h0g2 g6g5 c3c4 i9i8
S|MPV2_MT1500|OUT|info depth 12 seldepth 22 multipv 1 score cp 26 nodes 157447 nps 1393336 hashfull 9 tbhits 0 time 113 pv g3g4 c6c5 h0g2 b9c7 h2i2 g9e7 i0h0 h7g7 g0e2 a9a8 b0a2 a8f8
S|MPV2_MT1500|OUT|info depth 12 seldepth 21 multipv 2 score cp 24 nodes 157447 nps 1393336 hashfull 10 tbhits 0 time 113 pv b2e2 b9c7 b0c2 a9b9 h2f2 h7f7 h0g2 g6g5 c3c4
S|MPV2_MT1500|OUT|info depth 13 seldepth 25 multipv 1 score cp 28 nodes 224847 nps 1441326 hashfull 14 tbhits 0 time 156 pv g3g4 c6c5 b2c2 g9e7 b0a2 b9c7 a0b0 a9b9 h0g2 h9f8
S|MPV2_MT1500|OUT|info depth 13 seldepth 32 multipv 2 score cp 23 nodes 224847 nps 1441326 hashfull 14 tbhits 0 time 156 pv c3c4 b7c7 b0c2 c6c5 h2e2 h9g7 c2d4 c5c4 d4e6
S|MPV2_MT1500|OUT|info depth 14 seldepth 23 multipv 1 score cp 31 nodes 311952 nps 1559760 hashfull 17 tbhits 0 time 200 pv g3g4 b7e7 b0c2 b9c7 a0b0 a9b9 c3c4 b9b5 h0g2 h9i7 b2a2 b5b0 c2b0
S|MPV2_MT1500|OUT|info depth 14 seldepth 28 multipv 2 score cp 25 nodes 311952 nps 1559760 hashfull 17 tbhits 0 time 200 pv b2e2 b9c7 h2f2 g6g5 h0g2
S|MPV2_MT1500|OUT|info depth 15 seldepth 24 multipv 1 score cp 28 nodes 396804 nps 1660267 hashfull 25 tbhits 0 time 239 pv g3g4 c6c5 b2c2 g9e7 b0a2 b9c7 a0b0 a9b9 h2e2 b7b3 i0i1 h9i7 h0g2 f9e8 i1d1 i9f9
S|MPV2_MT1500|OUT|info depth 15 seldepth 32 multipv 2 score cp 25 nodes 396804 nps 1660267 hashfull 25 tbhits 0 time 239 pv b2e2 b9c7 b0c2 a9b9 a0b0 c6c5 b0b6 h9g7 h0g2 g6g5 i0i1 f9e8 i1f1 c7d5 e3e4 c5c4 b6d6 d5c3 c2e3 c3e2 h2e2 b7c7 c0a2 c4d4 d6d4 i9h9 g3g4 h7h2 e2h2 h9h2 g4g5
S|MPV2_MT1500|OUT|info depth 16 seldepth 24 multipv 1 score cp 28 nodes 443998 nps 1681810 hashfull 29 tbhits 0 time 264 pv g3g4 c6c5 b2c2 g9e7 b0a2 b9c7 a0b0 a9b9 h2e2 b7b3 i0i1 h9i7 h0g2 f9e8 i1d1 i9g9
S|MPV2_MT1500|OUT|info depth 16 seldepth 31 multipv 2 score cp 25 nodes 443998 nps 1681810 hashfull 29 tbhits 0 time 264 pv b2e2 b9c7 b0c2 a9b9 a0b0 c6c5 b0b6 h9g7 h0g2 g6g5 i0i1 f9e8 i1f1 c7d5 e3e4 c5c4 b6d6 d5c3 c2e3 c3e2 h2e2 b7c7 c0a2 c4d4 d6d4 i9h9 g3g4 h7h2 e2h2
S|MPV2_MT1500|OUT|info depth 17 seldepth 33 multipv 1 score cp 28 nodes 682151 nps 1731347 hashfull 51 tbhits 0 time 394 pv g3g4 c6c5 b2c2 g9e7 b0a2 b9c7 a0b0 a9b9 h0g2 b7b3 i0i1 h7g7 c3c4 c5c4 i1f1 c7d5
S|MPV2_MT1500|OUT|info depth 17 seldepth 24 multipv 2 score cp 25 nodes 682151 nps 1731347 hashfull 51 tbhits 0 time 394 pv b2e2 b9c7 b0c2 a9b9 a0b0 c6c5 b0b6 h9g7 h0g2 g6g5 i0i1 f9e8 i1f1 c7d5 e3e4 c5c4 b6d6 d5c3 c2e3 c3e2 h2e2 b7c7
S|MPV2_MT1500|OUT|info depth 18 seldepth 25 multipv 1 score cp 27 nodes 750904 nps 1746288 hashfull 57 tbhits 0 time 430 pv g3g4 c6c5 b2c2 g9e7 b0a2 b9c7 a0b0 a9b9 h0g2 b7b3 i0i1 h7g7 c3c4 c5c4 i1f1 g6g5 c2c7 g7c7 g4g5 b9b5
S|MPV2_MT1500|OUT|info depth 18 seldepth 19 multipv 2 score cp 25 nodes 750904 nps 1746288 hashfull 57 tbhits 0 time 430 pv b2e2 b9c7 b0c2 a9b9 a0b0 c6c5 b0b6 h9g7 h0g2 g6g5 i0i1 f9e8 i1f1 c7d5 e3e4 c5c4 b6d6
S|MPV2_MT1500|OUT|info depth 19 seldepth 27 multipv 1 score cp 27 nodes 992905 nps 1795488 hashfull 79 tbhits 0 time 553 pv g3g4 c6c5 b2c2 c9e7 b0a2 h7g7 a0b0 h9i7 h2e2 g6g5 b0b4 g5g4 b4g4 d9e8
S|MPV2_MT1500|OUT|info depth 19 seldepth 21 multipv 2 score cp 25 nodes 992905 nps 1792247 hashfull 79 tbhits 0 time 554 pv b2e2 b9c7 b0c2 a9b9 a0b0 c6c5 b0b6 h9g7 h0g2 g6g5 i0i1 f9e8 i1f1 c7d5 e3e4 c5c4 b6d6 d5c3 c2e3
S|MPV2_MT1500|OUT|info depth 20 seldepth 36 multipv 1 score cp 25 nodes 1848346 nps 1808557 hashfull 146 tbhits 0 time 1022 pv g3g4 c6c5 b2c2 g9e7 b0a2 b9c7 a0b0 a9b9 h2e2 b7b3 h0g2 g6g5 g4g5 h9f8 i0h0 i9g9 h0h5 b3b5 g2f4 g9g5 h5g5 b5g5 b0b9
S|MPV2_MT1500|OUT|info depth 20 seldepth 31 multipv 2 score cp 25 nodes 1848346 nps 1808557 hashfull 146 tbhits 0 time 1022 pv b2e2 b9c7 b0c2 a9b9 a0b0 c6c5 b0b6 h9g7 h0g2 g6g5 i0i1 f9e8 i1f1 c7d5 e3e4 c5c4 b6d6 d5c3 c2e3 c3e2
S|MPV2_MT1500|OUT|info depth 21 seldepth 36 multipv 1 score cp 25 lowerbound nodes 2715515 nps 1810343 hashfull 214 tbhits 0 time 1500 pv b2e2 b9c7
S|MPV2_MT1500|OUT|info depth 21 seldepth 36 multipv 2 score cp 22 upperbound nodes 2715515 nps 1810343 hashfull 214 tbhits 0 time 1500 pv g3g4 h7g7
S|MPV2_MT1500|OUT|bestmove b2e2 ponder b9c7
S|MPV2_MT1500|END|lines=47
S|MPV3_MT1500|CMD|setoption name MultiPV value 3
S|MPV3_MT1500|CMD|position fen rnbakabnr/9/1c5c1/p1p1p1p1p/9/9/P1P1P1P1P/1C5C1/9/RNBAKABNR w - - 0 1
S|MPV3_MT1500|CMD|go movetime 1500
S|MPV3_MT1500|OUT|info string Available processors: 0-15
S|MPV3_MT1500|OUT|info string Using 4 threads
S|MPV3_MT1500|OUT|info string NNUE evaluation using pikafish.nnue (64MiB, (62083, 1024, 32, 32, 1))
S|MPV3_MT1500|OUT|info string Network replica 1: Local memory. Shared memory not supported by the OS. Local allocation fallback.
S|MPV3_MT1500|OUT|info depth 1 seldepth 6 multipv 1 score cp 22 nodes 648 nps 648000 hashfull 0 tbhits 0 time 1 pv b2e2
S|MPV3_MT1500|OUT|info depth 1 seldepth 3 multipv 2 score cp 22 nodes 648 nps 648000 hashfull 0 tbhits 0 time 1 pv h2e2
S|MPV3_MT1500|OUT|info depth 1 seldepth 3 multipv 3 score cp 19 nodes 648 nps 648000 hashfull 0 tbhits 0 time 1 pv c3c4
S|MPV3_MT1500|OUT|info depth 2 seldepth 6 multipv 1 score cp 30 nodes 2652 nps 2652000 hashfull 0 tbhits 0 time 1 pv c3c4
S|MPV3_MT1500|OUT|info depth 2 seldepth 3 multipv 2 score cp 24 nodes 2652 nps 2652000 hashfull 0 tbhits 0 time 1 pv b2e2
S|MPV3_MT1500|OUT|info depth 2 seldepth 3 multipv 3 score cp 21 nodes 2652 nps 2652000 hashfull 0 tbhits 0 time 1 pv h2e2
S|MPV3_MT1500|OUT|info depth 3 seldepth 4 multipv 1 score cp 27 nodes 4047 nps 4047000 hashfull 0 tbhits 0 time 1 pv b2e2 b9c7
S|MPV3_MT1500|OUT|info depth 3 seldepth 7 multipv 2 score cp 26 nodes 4047 nps 4047000 hashfull 0 tbhits 0 time 1 pv c3c4 b7c7 b2e2
S|MPV3_MT1500|OUT|info depth 3 seldepth 7 multipv 3 score cp 24 nodes 4047 nps 4047000 hashfull 0 tbhits 0 time 1 pv h2e2
S|MPV3_MT1500|OUT|info depth 4 seldepth 5 multipv 1 score cp 26 nodes 5335 nps 2667500 hashfull 0 tbhits 0 time 2 pv h2e2
S|MPV3_MT1500|OUT|info depth 4 seldepth 5 multipv 2 score cp 24 nodes 5335 nps 2667500 hashfull 0 tbhits 0 time 2 pv b2e2 b9c7 b0c2 a9b9
S|MPV3_MT1500|OUT|info depth 4 seldepth 7 multipv 3 score cp 22 nodes 5335 nps 2667500 hashfull 0 tbhits 0 time 2 pv c3c4 b7c7 b0c2
S|MPV3_MT1500|OUT|info depth 5 seldepth 7 multipv 1 score cp 25 nodes 6718 nps 3359000 hashfull 0 tbhits 0 time 2 pv b2e2
S|MPV3_MT1500|OUT|info depth 5 seldepth 7 multipv 2 score cp 24 nodes 6718 nps 3359000 hashfull 0 tbhits 0 time 2 pv h2e2 h9g7 h0g2 i9h9 i0h0
S|MPV3_MT1500|OUT|info depth 5 seldepth 8 multipv 3 score cp 23 nodes 6718 nps 3359000 hashfull 0 tbhits 0 time 2 pv c3c4 b7c7 b0c2 c6c5 c2d4 c5c4 d4e6
S|MPV3_MT1500|OUT|info depth 6 seldepth 10 multipv 1 score cp 25 nodes 8619 nps 2873000 hashfull 0 tbhits 0 time 3 pv b2e2 b9c7 b0c2 a9b9 a0b0 h9g7 c3c4 g6g5 h0i2
S|MPV3_MT1500|OUT|info depth 6 seldepth 7 multipv 2 score cp 23 nodes 8619 nps 2873000 hashfull 0 tbhits 0 time 3 pv c3c4 b7c7 b0c2 c6c5
S|MPV3_MT1500|OUT|info depth 6 seldepth 7 multipv 3 score cp 22 nodes 8619 nps 2873000 hashfull 0 tbhits 0 time 3 pv h2e2 h9g7 h0g2 g6g5 i0h0 i9h9
S|MPV3_MT1500|OUT|info depth 7 seldepth 28 multipv 1 score cp 26 nodes 15121 nps 3024200 hashfull 0 tbhits 0 time 5 pv h2e2 h9g7 g3g4 i9h9 h0g2 h7i7 b0c2
S|MPV3_MT1500|OUT|info depth 7 seldepth 17 multipv 2 score cp 25 nodes 15121 nps 3024200 hashfull 0 tbhits 0 time 5 pv b2e2 h9g7 g3g4
S|MPV3_MT1500|OUT|info depth 7 seldepth 7 multipv 3 score cp 21 nodes 15121 nps 3024200 hashfull 0 tbhits 0 time 5 pv c3c4 b7c7 h2e2 c9e7
S|MPV3_MT1500|OUT|info depth 8 seldepth 12 multipv 1 score cp 25 nodes 18996 nps 3166000 hashfull 0 tbhits 0 time 6 pv b2e2 b9c7 b0c2 a9b9 a0b0 h9g7
S|MPV3_MT1500|OUT|info depth 8 seldepth 14 multipv 2 score cp 23 nodes 18996 nps 3166000 hashfull 0 tbhits 0 time 6 pv g3g4 h7g7 h0g2
S|MPV3_MT1500|OUT|info depth 8 seldepth 15 multipv 3 score cp 22 nodes 18996 nps 3166000 hashfull 0 tbhits 0 time 6 pv c3c4 b7c7 h2e2 c9e7 b0a2
S|MPV3_MT1500|OUT|info depth 9 seldepth 19 multipv 1 score cp 26 nodes 41741 nps 2608812 hashfull 0 tbhits 0 time 16 pv h2e2 h9g7 g3g4 i9h9 h0g2 h7i7 b0c2 c6c5 b2b6 b9c7 b6c6 h9h5
S|MPV3_MT1500|OUT|info depth 9 seldepth 15 multipv 2 score cp 24 nodes 41741 nps 2608812 hashfull 0 tbhits 0 time 16 pv b2e2 b9c7 b0c2 h9g7 a0b0 a9b9 g3g4
S|MPV3_MT1500|OUT|info depth 9 seldepth 14 multipv 3 score cp 22 nodes 41741 nps 2455352 hashfull 0 tbhits 0 time 17 pv c3c4 b7c7 h2e2 c9e7 b0c2 c6c5 c4c5
S|MPV3_MT1500|OUT|info depth 10 seldepth 14 multipv 1 score cp 26 nodes 70404 nps 2707846 hashfull 0 tbhits 0 time 26 pv h2e2 h9g7 g3g4 i9h9 h0g2 h7i7 b0c2 c6c5 b2b6 b9c7 b6c6 c9e7 a0b0
S|MPV3_MT1500|OUT|info depth 10 seldepth 12 multipv 2 score cp 26 nodes 70404 nps 2707846 hashfull 0 tbhits 0 time 26 pv b2e2 b9c7 b0c2 h9g7 a0b0 a9b9
S|MPV3_MT1500|OUT|info depth 10 seldepth 23 multipv 3 score cp 20 nodes 70404 nps 2707846 hashfull 0 tbhits 0 time 26 pv c3c4 b7c7 h2e2 c9e7 b0c2 c6c5 c4c5 c7c2
S|MPV3_MT1500|OUT|info depth 11 seldepth 18 multipv 1 score cp 25 nodes 82872 nps 2762400 hashfull 1 tbhits 0 time 30 pv b0c2 c6c5 h2e2 h9g7 h0g2 b9c7 i0h0 i9h9 g3g4 h7h3 b2b6 h3c3 h0h9 g7h9 c0a2 c9e7
S|MPV3_MT1500|OUT|info depth 11 seldepth 24 multipv 2 score cp 22 nodes 82872 nps 2762400 hashfull 1 tbhits 0 time 30 pv b2e2 b9c7 b0c2 a9b9 g3g4
S|MPV3_MT1500|OUT|info depth 11 seldepth 15 multipv 3 score cp 22 nodes 82872 nps 2762400 hashfull 1 tbhits 0 time 30 pv h2e2 h9g7 h0g2 g6g5 i0h0 i9h9 h0h6 b9c7 c3c4 h7i7 h6g6
S|MPV3_MT1500|OUT|info depth 12 seldepth 18 multipv 1 score cp 22 nodes 173970 nps 2383150 hashfull 5 tbhits 0 time 73 pv h2e2 h9g7 h0g2 g6g5 i0h0 i9h9 h0h6 b9c7 c3c4 h7i7 h6g6 i7i8 b0c2
S|MPV3_MT1500|OUT|info depth 12 seldepth 27 multipv 2 score cp 22 nodes 173970 nps 2383150 hashfull 5 tbhits 0 time 73 pv b0c2 c6c5 h2e2 b9c7 h0g2 h9g7 i0h0 i9h9 g3g4 h7h3 b2b6 h3c3 h0h9 g7h9 g2f4 c9e7 b6g6
S|MPV3_MT1500|OUT|info depth 12 seldepth 31 multipv 3 score cp 21 nodes 173970 nps 2383150 hashfull 5 tbhits 0 time 73 pv b2e2 b9c7 b0c2 a9b9 a0b0 h9g7 h0i2 g6g5 c3c4 i9i8 h2g2 g7h5 c2d4 i8d8 d4e6 c7e6 e2e6 b7b3 g2e2
S|MPV3_MT1500|OUT|info depth 13 seldepth 25 multipv 1 score cp 25 nodes 271033 nps 2258608 hashfull 10 tbhits 0 time 120 pv b2e2 b9c7 b0c2 a9b9 a0b0 h9g7 h0g2 g6g5 b0b4 b7a7 b4b9 c7b9 c3c4 b9c7
S|MPV3_MT1500|OUT|info depth 13 seldepth 23 multipv 2 score cp 23 nodes 271033 nps 2258608 hashfull 10 tbhits 0 time 120 pv h0g2 g6g5 b2e2 b9c7 b0c2 a9b9 a0b0 b7b3 c3c4 h9g7 h2h6 g9e7 h6g6 i9h9 c2d4 h7h5 i0h0 b3b2 d4c2 b2e2 b0b9
S|MPV3_MT1500|OUT|info depth 13 seldepth 18 multipv 3 score cp 23 nodes 271033 nps 2258608 hashfull 10 tbhits 0 time 120 pv h2e2 h9g7 g3g4 i9h9 h0g2 h7i7 b0c2 c6c5 b2b6 b9c7 g2f4 c9e7
S|MPV3_MT1500|OUT|info depth 14 seldepth 26 multipv 1 score cp 22 nodes 342593 nps 2253901 hashfull 15 tbhits 0 time 152 pv b2e2 b9c7 b0c2 a9b9 a0b0 h9g7 c3c4 g6g5 h0i2 i9i8 g3g4 g5g4 h2g2 g7h5 g2g9 f9e8 g9g6 i8f8
S|MPV3_MT1500|OUT|info depth 14 seldepth 30 multipv 2 score cp 21 nodes 342593 nps 2239169 hashfull 15 tbhits 0 time 153 pv h2e2 h9g7 g3g4 i9h9 h0g2 h7i7 b0c2 c6c5 b2b6 b9c7 g2f4 b7a7 a0b0 a9b9 b6c6 b9b0 c6c9 d9e8 c2b0 a7a3
S|MPV3_MT1500|OUT|info depth 14 seldepth 24 multipv 3 score cp 20 nodes 342593 nps 2239169 hashfull 15 tbhits 0 time 153 pv h0g2 g6g5 b2e2 b9c7 b0c2 a9b9 a0b0 h9g7 c3c4 b7b3 h2h6 g9e7 h6g6 i9h9 c2d4 h7h5 i0h0 b3b2 d4c2 b2e2 b0b9 c7b9 c0e2
S|MPV3_MT1500|OUT|info depth 15 seldepth 34 multipv 1 score cp 25 nodes 504991 nps 2195613 hashfull 22 tbhits 0 time 230 pv b2e2 b9c7 b0c2 a9b9 a0b0 h9g7 c3c4 g6g5 h0i2 i9i8 h2g2 g7h5 c2d4 i8d8 d4e6 c7e6 e2e6 b7b3 i0i1 d8d3
S|MPV3_MT1500|OUT|info depth 15 seldepth 24 multipv 2 score cp 23 nodes 504991 nps 2195613 hashfull 22 tbhits 0 time 230 pv h2e2 h9g7 g3g4 i9h9 h0g2 h7i7 b0c2 c6c5 b2b6 b9c7 g2f4 c9e7 b6c6 h9h5 a0b0 a9b9 b0b4 b7a7 b4b9 c7b9
S|MPV3_MT1500|OUT|info depth 15 seldepth 25 multipv 3 score cp 18 nodes 504991 nps 2195613 hashfull 22 tbhits 0 time 230 pv b0c2 c6c5 h2e2 b9c7 h0g2 h9g7 i0h0 i9h9 g3g4 h7h3 g2f4 g9e7 g4g5 h3c3 h0h9 g7h9 g5g6
S|MPV3_MT1500|OUT|info depth 16 seldepth 37 multipv 1 score cp 28 nodes 753515 nps 2209721 hashfull 34 tbhits 0 time 341 pv b2e2 b9c7 b0c2 a9b9 a0b0 h9g7 c3c4 g6g5 h0i2 i9i8 h2g2 g7h5 c2d4 i8f8 b0b6 c9e7 d4e6
S|MPV3_MT1500|OUT|info depth 16 seldepth 18 multipv 2 score cp 23 nodes 753515 nps 2203260 hashfull 34 tbhits 0 time 342 pv h2e2 h9g7 h0g2 i9h9 i0h0 g6g5 h0h6 b9c7 c3c4 h7i7 h6g6 i7i8 b2d2 a9a8 b0c2
S|MPV3_MT1500|OUT|info depth 16 seldepth 24 multipv 3 score cp 19 nodes 753515 nps 2203260 hashfull 34 tbhits 0 time 342 pv c3c4 b7c7 h2e2 c9e7 h0g2 c6c5 i0h0 c5c4 b0a2 i9i8 h0h4 i8d8 d0e1 d8d4 b2b4 d4h4 b4h4 h9g7
S|MPV3_MT1500|OUT|info depth 17 seldepth 38 multipv 1 score cp 27 nodes 1018557 nps 2181064 hashfull 53 tbhits 0 time 467 pv b2e2 b9c7 b0c2 a9b9 a0b0 h9g7 c3c4 g6g5 h0i2 i9i8 h2g2 g7h5 c2d4 i8d8 d4e6 c7e6 e2e6 b7b3 i0i1 d8d3 b0b1 b9b5 b1d1 b5d5 d1d3 d5d3 i1f1 e9e8
S|MPV3_MT1500|OUT|info depth 17 seldepth 15 multipv 2 score cp 20 nodes 1018557 nps 2181064 hashfull 53 tbhits 0 time 467 pv h2e2 h9g7 h0g2 i9h9 i0h0 g6g5 h0h6 b9c7 c3c4 h7i7 h6g6 i7i8 b2d2 a9b9
S|MPV3_MT1500|OUT|info depth 17 seldepth 28 multipv 3 score cp 19 nodes 1018557 nps 2181064 hashfull 53 tbhits 0 time 467 pv h0g2 g6g5 b2e2 b9c7 b0c2 a9b9 a0b0 h9g7 c3c4 b7b3 h2h6 b3g3 b0b9 c7b9 g0i2 g9e7 c2d4 f9e8 f0e1
S|MPV3_MT1500|OUT|info depth 18 seldepth 43 multipv 1 score cp 24 nodes 1653246 nps 2100693 hashfull 95 tbhits 0 time 787 pv h2e2 h9g7 h0g2 i9h9 i0h0 g6g5 h0h6 b9c7 b0c2 c6c5 e3e4 b7b6 h6h4 c9e7 g2e3 h7h5 g3g4 g5g4 h4g4 g7f5 g4f4
S|MPV3_MT1500|OUT|info depth 18 seldepth 25 multipv 2 score cp 21 nodes 1653246 nps 2100693 hashfull 95 tbhits 0 time 787 pv b2e2 b9c7 b0c2 a9b9 a0b0 h9g7 c3c4 g6g5 h0i2 i9i8 h2h6 g7h5 h6c6 c9e7 i0i1 i8d8 i1f1
S|MPV3_MT1500|OUT|info depth 18 seldepth 24 multipv 3 score cp 18 nodes 1653246 nps 2100693 hashfull 95 tbhits 0 time 787 pv c3c4 b7c7 b2e2 h7e7 b0c2 h9g7 a0b0 i9h9 h0g2 b9a7 c2d4 h9h3 i0i1 a9b9 b0b9 a7b9
S|MPV3_MT1500|OUT|info depth 19 seldepth 39 multipv 1 score cp 20 nodes 2573407 nps 2050523 hashfull 164 tbhits 0 time 1255 pv b2e2 b9c7 b0c2 a9b9 a0b0 h9g7 c3c4 g6g5 h0i2 i9i8 h2h6 g7h5 i0i1 i8d8 b0b1 d9e8 i3i4 b7b3 h6c6 d8d6 c4c5 c9a7 b1d1 d6d1 i1d1 a7c5 d1d4
S|MPV3_MT1500|OUT|info depth 19 seldepth 26 multipv 2 score cp 18 nodes 2573407 nps 2050523 hashfull 164 tbhits 0 time 1255 pv h2e2 h9g7 g3g4 i9h9 h0g2 h7i7 b0c2 c6c5 b2b6 b9c7 b6c6 a9b9 a0b0 h9h5 i0h0
S|MPV3_MT1500|OUT|info depth 19 seldepth 22 multipv 3 score cp 16 nodes 2573407 nps 2050523 hashfull 164 tbhits 0 time 1255 pv c3c4 b7c7 h2e2 c9e7 h0g2 c6c5 i0h0 c5c4 b0a2 i9i8 a0b0 i8d8 h0h4 d8d6 d0e1 f9e8 h4c4 h7g7 g3g4
S|MPV3_MT1500|OUT|info depth 20 seldepth 45 multipv 1 score cp 20 nodes 3049209 nps 2032806 hashfull 198 tbhits 0 time 1500 pv b2e2 b9c7 b0c2 a9b9 a0b0 c6c5 b0b6 h9g7 h0g2 g6g5 i0i1 f9e8 i1f1 c7d5 e3e4 c5c4 b6d6 d5c3 c2e3 c3e2 h2e2 b7c7 c0a2 c4d4 d6d4 i9h9 g3g4 h7h2 e2h2 h9h2
S|MPV3_MT1500|OUT|info depth 20 seldepth 33 multipv 2 score cp 20 nodes 3049209 nps 2032806 hashfull 198 tbhits 0 time 1500 pv h2e2 h9g7 g3g4 i9h9 h0g2 h7i7 b0c2 c6c5 b2b6 b9c7 b6c6 a9b9 a0b0 h9h5 i0h0 h5h0 g2h0 c9e7 f0e1
S|MPV3_MT1500|OUT|info depth 20 seldepth 26 multipv 3 score cp 17 upperbound nodes 3049209 nps 2032806 hashfull 198 tbhits 0 time 1500 pv c3c4 b7c7
S|MPV3_MT1500|OUT|bestmove b2e2 ponder b9c7
S|MPV3_MT1500|END|lines=65
S|MPV4_MT1500|CMD|setoption name MultiPV value 4
S|MPV4_MT1500|CMD|position fen rnbakabnr/9/1c5c1/p1p1p1p1p/9/9/P1P1P1P1P/1C5C1/9/RNBAKABNR w - - 0 1
S|MPV4_MT1500|CMD|go movetime 1500
S|MPV4_MT1500|OUT|info string Available processors: 0-15
S|MPV4_MT1500|OUT|info string Using 4 threads
S|MPV4_MT1500|OUT|info string NNUE evaluation using pikafish.nnue (64MiB, (62083, 1024, 32, 32, 1))
S|MPV4_MT1500|OUT|info string Network replica 1: Local memory. Shared memory not supported by the OS. Local allocation fallback.
S|MPV4_MT1500|OUT|info depth 1 seldepth 3 multipv 1 score cp 27 nodes 708 nps 708000 hashfull 0 tbhits 0 time 1 pv h2e2
S|MPV4_MT1500|OUT|info depth 1 seldepth 9 multipv 2 score cp 26 nodes 708 nps 708000 hashfull 0 tbhits 0 time 1 pv b2e2
S|MPV4_MT1500|OUT|info depth 1 seldepth 3 multipv 3 score cp 22 nodes 708 nps 708000 hashfull 0 tbhits 0 time 1 pv g3g4
S|MPV4_MT1500|OUT|info depth 1 seldepth 3 multipv 4 score cp 21 nodes 708 nps 708000 hashfull 0 tbhits 0 time 1 pv c3c4
S|MPV4_MT1500|OUT|info depth 2 seldepth 5 multipv 1 score cp 27 nodes 2461 nps 2461000 hashfull 0 tbhits 0 time 1 pv b2e2
S|MPV4_MT1500|OUT|info depth 2 seldepth 3 multipv 2 score cp 27 nodes 2461 nps 2461000 hashfull 0 tbhits 0 time 1 pv h2e2
S|MPV4_MT1500|OUT|info depth 2 seldepth 3 multipv 3 score cp 21 nodes 2461 nps 2461000 hashfull 0 tbhits 0 time 1 pv g3g4
S|MPV4_MT1500|OUT|info depth 2 seldepth 3 multipv 4 score cp 19 nodes 2461 nps 2461000 hashfull 0 tbhits 0 time 1 pv c3c4
S|MPV4_MT1500|OUT|info depth 3 seldepth 5 multipv 1 score cp 30 nodes 4691 nps 2345500 hashfull 0 tbhits 0 time 2 pv b2e2 h9g7
S|MPV4_MT1500|OUT|info depth 3 seldepth 7 multipv 2 score cp 26 nodes 4691 nps 2345500 hashfull 0 tbhits 0 time 2 pv h2e2 h9g7
S|MPV4_MT1500|OUT|info depth 3 seldepth 6 multipv 3 score cp 21 nodes 4691 nps 2345500 hashfull 0 tbhits 0 time 2 pv g3g4
S|MPV4_MT1500|OUT|info depth 3 seldepth 7 multipv 4 score cp 20 nodes 4691 nps 2345500 hashfull 0 tbhits 0 time 2 pv c3c4 b7c7 h2e2 c9e7
S|MPV4_MT1500|OUT|info depth 4 seldepth 13 multipv 1 score cp 25 nodes 6950 nps 3475000 hashfull 0 tbhits 0 time 2 pv g3g4 c6c5
S|MPV4_MT1500|OUT|info depth 4 seldepth 7 multipv 2 score cp 24 nodes 6950 nps 3475000 hashfull 0 tbhits 0 time 2 pv h2e2 h9g7 g3g4 c6c5 b0a2 i9h9
S|MPV4_MT1500|OUT|info depth 4 seldepth 5 multipv 3 score cp 23 nodes 6950 nps 3475000 hashfull 0 tbhits 0 time 2 pv b2e2 b9c7 b0c2
S|MPV4_MT1500|OUT|info depth 4 seldepth 9 multipv 4 score cp 23 nodes 6950 nps 3475000 hashfull 0 tbhits 0 time 2 pv c3c4
S|MPV4_MT1500|OUT|info depth 5 seldepth 11 multipv 1 score cp 24 nodes 10586 nps 3528666 hashfull 0 tbhits 0 time 3 pv b2e2 b9c7 b0c2 a9b9 a0b0
S|MPV4_MT1500|OUT|info depth 5 seldepth 6 multipv 2 score cp 20 nodes 10586 nps 3528666 hashfull 0 tbhits 0 time 3 pv g3g4 h7g7 h2e2 b7e7 h0g2
S|MPV4_MT1500|OUT|info depth 5 seldepth 14 multipv 3 score cp 20 nodes 10586 nps 2646500 hashfull 0 tbhits 0 time 4 pv c3c4 b7c7 h2e2 g9e7
S|MPV4_MT1500|OUT|info depth 5 seldepth 7 multipv 4 score cp 20 nodes 10586 nps 2646500 hashfull 0 tbhits 0 time 4 pv h2e2 h9g7 g3g4 i9h9 h0g2
S|MPV4_MT1500|OUT|info depth 6 seldepth 7 multipv 1 score cp 22 nodes 14461 nps 2892200 hashfull 0 tbhits 0 time 5 pv h2e2
S|MPV4_MT1500|OUT|info depth 6 seldepth 7 multipv 2 score cp 22 nodes 14461 nps 2892200 hashfull 0 tbhits 0 time 5 pv b2e2 b9c7 b0c2 a9b9 a0b0
S|MPV4_MT1500|OUT|info depth 6 seldepth 11 multipv 3 score cp 19 nodes 14461 nps 2892200 hashfull 0 tbhits 0 time 5 pv c3c4 b7c7 h2e2 c9e7
S|MPV4_MT1500|OUT|info depth 6 seldepth 5 multipv 4 score cp 17 nodes 14461 nps 2892200 hashfull 0 tbhits 0 time 5 pv g3g4 h7g7 h0i2
S|MPV4_MT1500|OUT|info depth 7 seldepth 7 multipv 1 score cp 23 nodes 24689 nps 2468900 hashfull 0 tbhits 0 time 10 pv h2e2 h9g7 g3g4 i9h9 h0g2 h7i7
S|MPV4_MT1500|OUT|info depth 7 seldepth 7 multipv 2 score cp 22 nodes 24689 nps 2468900 hashfull 0 tbhits 0 time 10 pv b2e2 b9c7 b0c2 a9b9 a0b0 g6g5
S|MPV4_MT1500|OUT|info depth 7 seldepth 9 multipv 3 score cp 18 nodes 24689 nps 2468900 hashfull 0 tbhits 0 time 10 pv c3c4 b7c7 h2e2 c9e7 c0a2 g6g5
S|MPV4_MT1500|OUT|info depth 7 seldepth 10 multipv 4 score cp 16 nodes 24689 nps 2468900 hashfull 0 tbhits 0 time 10 pv h2f2 b7e7 b0c2 b9c7 h0g2 h9i7
S|MPV4_MT1500|OUT|info depth 8 seldepth 24 multipv 1 score cp 23 nodes 60839 nps 2645173 hashfull 1 tbhits 0 time 23 pv b2e2 b9c7 b0c2 c6c5 a0b0
S|MPV4_MT1500|OUT|info depth 8 seldepth 14 multipv 2 score cp 21 nodes 60839 nps 2645173 hashfull 1 tbhits 0 time 23 pv h0g2 g6g5 b2e2 b9c7 b0c2 a9b9 a0b0 c6c5
S|MPV4_MT1500|OUT|info depth 8 seldepth 26 multipv 3 score cp 20 nodes 60839 nps 2645173 hashfull 1 tbhits 0 time 23 pv h2e2 h9g7 g3g4 i9h9 h0g2 h7i7 b0c2 c6c5 b2a2 b9c7 a0b0 a9b9 b0b6 h9h5 e3e4 b7b8 i0i1 b8e8 b6b9 c7b9
S|MPV4_MT1500|OUT|info depth 8 seldepth 17 multipv 4 score cp 20 nodes 60839 nps 2645173 hashfull 1 tbhits 0 time 23 pv c3c4 b7c7 b2e2 h7e7 b0c2 h9g7 h2f2 i9h9 h0g2 h9h4
S|MPV4_MT1500|OUT|info depth 9 seldepth 20 multipv 1 score cp 21 nodes 75834 nps 2708357 hashfull 2 tbhits 0 time 28 pv b2e2 b9c7 b0c2 a9b9 h2f2 h9g7 h0g2 i9h9 i0h0 h7h3 g3g4 c6c5 a0b0
S|MPV4_MT1500|OUT|info depth 9 seldepth 22 multipv 2 score cp 20 nodes 75834 nps 2708357 hashfull 2 tbhits 0 time 28 pv g3g4 h7g7 b2e2 g9e7 b0c2 g6g5 h2g2 g5g4 a0b0 a9a8 b0b4 a8h8 g2g7 b7g7 h0i2
S|MPV4_MT1500|OUT|info depth 9 seldepth 25 multipv 3 score cp 20 nodes 75834 nps 2708357 hashfull 2 tbhits 0 time 28 pv h2e2 h9g7 g3g4 i9h9 h0g2 h7i7 b0c2 c6c5 b2b6 b9c7 b6c6 a9b9
S|MPV4_MT1500|OUT|info depth 9 seldepth 20 multipv 4 score cp 19 nodes 75834 nps 2708357 hashfull 2 tbhits 0 time 28 pv h2f2 h7e7 b0c2 h9g7 h0g2
S|MPV4_MT1500|OUT|info depth 10 seldepth 28 multipv 1 score cp 24 nodes 157848 nps 2769263 hashfull 5 tbhits 0 time 57 pv b2e2 b9c7 b0c2 a9b9 c3c4 b7a7 h0g2 g6g5 h2h6 h9g7 h6g6 g9e7
S|MPV4_MT1500|OUT|info depth 10 seldepth 20 multipv 2 score cp 19 nodes 157848 nps 2769263 hashfull 5 tbhits 0 time 57 pv h2e2 h9g7 g3g4 i9h9 h0g2 h7i7 b0c2 c6c5 b2b6
S|MPV4_MT1500|OUT|info depth 10 seldepth 22 multipv 3 score cp 19 nodes 157848 nps 2769263 hashfull 5 tbhits 0 time 57 pv h2f2 b7e7 b0c2 h9i7 h0g2 b9c7 a0b0 a9b9 i0h0
S|MPV4_MT1500|OUT|info depth 10 seldepth 15 multipv 4 score cp 17 nodes 157848 nps 2769263 hashfull 5 tbhits 0 time 57 pv c3c4 b7c7 h2e2 c9e7 c0a2 i9i8 b2d2
S|MPV4_MT1500|OUT|info depth 11 seldepth 25 multipv 1 score cp 24 nodes 255268 nps 2578464 hashfull 13 tbhits 0 time 99 pv c3c4 g6g5 b0c2 h9g7 a0a1 c9e7 g0e2
S|MPV4_MT1500|OUT|info depth 11 seldepth 25 multipv 2 score cp 22 nodes 255268 nps 2578464 hashfull 13 tbhits 0 time 99 pv b2e2 b9c7 c3c4 b7a7
S|MPV4_MT1500|OUT|info depth 11 seldepth 20 multipv 3 score cp 20 nodes 255268 nps 2578464 hashfull 13 tbhits 0 time 99 pv h2e2 h9g7 g3g4 i9h9 h0g2 h7i7 b0c2 c6c5 b2b6 b9c7 b6c6 a9b9 a0b0 h9h5 i0h0 h5h0 g2h0 c9e7
S|MPV4_MT1500|OUT|info depth 11 seldepth 20 multipv 4 score cp 15 nodes 255268 nps 2578464 hashfull 13 tbhits 0 time 99 pv h2f2 h7e7 b0c2 h9g7 h0g2 i9h9 g3g4 c6c5 b2a2 b9a7 d0e1
S|MPV4_MT1500|OUT|info depth 12 seldepth 24 multipv 1 score cp 25 nodes 351752 nps 2548927 hashfull 17 tbhits 0 time 138 pv c3c4 b7c7 h2e2 c9e7 c0a2 i9i8 b2d2 g6g5 h0g2 h9g7 i0h0 g7f5 e2e6 d9e8
S|MPV4_MT1500|OUT|info depth 12 seldepth 26 multipv 2 score cp 21 nodes 351752 nps 2548927 hashfull 17 tbhits 0 time 138 pv b2e2 b9c7 h2f2 h9g7 h0g2 i9h9 i0h0 h7h3 g3g4
S|MPV4_MT1500|OUT|info depth 12 seldepth 25 multipv 3 score cp 20 nodes 351752 nps 2548927 hashfull 17 tbhits 0 time 138 pv h2e2 h9g7 g3g4 i9h9 h0g2 h7i7 b0c2 c6c5 b2b6 b9c7 b6c6 a9b9 a0b0 b7b3
S|MPV4_MT1500|OUT|info depth 12 seldepth 15 multipv 4 score cp 17 nodes 351752 nps 2548927 hashfull 17 tbhits 0 time 138 pv h2f2 h7e7 b0c2 h9g7 h0g2 i9h9 g3g4 c6c5 i0i2 b9c7
S|MPV4_MT1500|OUT|info depth 13 seldepth 22 multipv 1 score cp 25 nodes 484743 nps 2511621 hashfull 23 tbhits 0 time 193 pv c3c4 h7e7 h0g2 h9g7 i0h0 b9a7 h2i2 b7c7 b0c2 a9b9 c2d4 b9b5
S|MPV4_MT1500|OUT|info depth 13 seldepth 29 multipv 2 score cp 25 nodes 484743 nps 2511621 hashfull 23 tbhits 0 time 193 pv b2e2 b9c7 c3c4 a9b9 b0c2 b7a7 h0g2 g6g5 h2h6 h9g7 h6g6 i9h9 i0h0 g9e7 h0h4 b9b5 g6c6 h7i7 h4h9 g7h9
S|MPV4_MT1500|OUT|info depth 13 seldepth 23 multipv 3 score cp 21 nodes 484743 nps 2511621 hashfull 23 tbhits 0 time 193 pv h2e2 h9g7 g3g4 h7i7 h0g2 i9h9 b0c2 c6c5 b2b6 b9c7 b6c6 a9b9 a0b0 h9h5 i0h0 h5h0 g2h0
S|MPV4_MT1500|OUT|info depth 13 seldepth 23 multipv 4 score cp 21 nodes 484743 nps 2511621 hashfull 23 tbhits 0 time 193 pv h2f2 h7e7 b0c2 h9g7 g3g4 i9h9 h0g2 c6c5 i0i2 h9h5 d0e1 g6g5 g4g5 h5g5 c0e2 b9c7
S|MPV4_MT1500|OUT|info depth 14 seldepth 28 multipv 1 score cp 24 nodes 760735 nps 2347947 hashfull 42 tbhits 0 time 324 pv b2e2 b9c7 c3c4 a9b9 b0c2 b7a7 g3g4 g6g5 g4g5 b9b5 g5g6 b5g5 g0i2 g5g6 h0f1 h9g7 e3e4 f9e8 f1e3 g6g3 i0g0 g7f5 e4e5 g3g0 i2g0 f5e3
S|MPV4_MT1500|OUT|info depth 14 seldepth 28 multipv 2 score cp 23 nodes 760735 nps 2347947 hashfull 42 tbhits 0 time 324 pv c3c4 b7c7 h2e2 c9e7 c0a2 h9g7 b2d2 g6g5 b0c2 b9a7
S|MPV4_MT1500|OUT|info depth 14 seldepth 22 multipv 3 score cp 22 nodes 760735 nps 2347947 hashfull 42 tbhits 0 time 324 pv h2e2 h9g7 g3g4 i9h9 h0g2 h7i7 b0c2 c6c5 b2b6 b9c7 b6c6 a9b9 a0b0 h9h5 i0h0 h5h0 g2h0 c9e7 e2g2 b7b3 g2g6
S|MPV4_MT1500|OUT|info depth 14 seldepth 25 multipv 4 score cp 20 nodes 760735 nps 2347947 hashfull 42 tbhits 0 time 324 pv h2f2 b7f7 h0g2 h9i7 c3c4 i9h9 b0c2 g6g5 c2d4 b9c7 b2e2 a9b9
S|MPV4_MT1500|OUT|info depth 15 seldepth 25 multipv 1 score cp 23 nodes 1078658 nps 2309760 hashfull 65 tbhits 0 time 467 pv h2e2 h9g7 g3g4 i9h9 h0g2 h7i7 b0c2 c6c5 b2b6 b9c7 b6c6 a9b9 a0b0 c9e7
S|MPV4_MT1500|OUT|info depth 15 seldepth 30 multipv 2 score cp 22 nodes 1078658 nps 2304824 hashfull 65 tbhits 0 time 468 pv h2f2 b7f7 h0g2 h9i7 c3c4 b9c7 i0h0 i9h9 b0c2 h7g7 h0h9 i7h9 c2d4
S|MPV4_MT1500|OUT|info depth 15 seldepth 21 multipv 3 score cp 22 nodes 1078658 nps 2304824 hashfull 65 tbhits 0 time 468 pv b2e2 b9c7 c3c4 a9b9 b0c2 b7a7 g3g4 g6g5 g4g5 b9b5 g5g6 b5g5 g0i2 h9i7
S|MPV4_MT1500|OUT|info depth 15 seldepth 34 multipv 4 score cp 20 nodes 1078658 nps 2304824 hashfull 65 tbhits 0 time 468 pv c3c4 b7c7 h2e2 c9e7 c0a2 i9i8 b2d2 i8d8 f0e1 d8d5 b0c2 c7d7 d2d7 h7d7 a0b0 b9c7 h0g2
S|MPV4_MT1500|OUT|info depth 16 seldepth 32 multipv 1 score cp 24 nodes 1551287 nps 2148596 hashfull 88 tbhits 0 time 722 pv b2e2 b9c7 c3c4 a9b9 b0c2 b7a7 g3g4 g6g5 g4g5 b9b5 g5g6 b5g5 g0i2 g5g6 h0f1 h9g7 e3e4 f9e8 f1e3 g6g3 i0g0 g7f5 e4e5 g3g0 i2g0 f5e3 c2e3
S|MPV4_MT1500|OUT|info depth 16 seldepth 30 multipv 2 score cp 22 nodes 1551287 nps 2148596 hashfull 88 tbhits 0 time 722 pv h2e2 h9g7 g3g4 i9h9 h0g2 h7i7 c3c4 c6c5 c4c5 h9h5 c5c6 h5c5 b2d2 c5c6 b0c2 c6c3 a0a2 b7c7 d0e1 c9e7
S|MPV4_MT1500|OUT|info depth 16 seldepth 23 multipv 3 score cp 21 nodes 1551287 nps 2145625 hashfull 88 tbhits 0 time 723 pv h2f2 b7g7 b0c2 c6c5 h0g2 h9i7 i0h0 i9h9 h0h4 b9c7 a0b0 a9b9 c3c4 b9b5
S|MPV4_MT1500|OUT|info depth 16 seldepth 25 multipv 4 score cp 21 nodes 1551287 nps 2145625 hashfull 88 tbhits 0 time 723 pv c3c4 b7c7 h2e2 c9e7 c0a2 i9i8 b2d2 i8d8 d0e1 g6g5 h0g2 h9g7 i0h0 g7f5 b0c2 d8d5 h0h4 d9e8 g3g4 h7g7
S|MPV4_MT1500|OUT|info depth 17 seldepth 43 multipv 1 score cp 23 nodes 1664597 nps 2131366 hashfull 95 tbhits 0 time 781 pv b2e2 b9c7 b0c2 a9b9 g3g4 c6c5 h0g2 h9g7 g2f4 b7a7 a0a1 f9e8 e2f2 g9e7
S|MPV4_MT1500|OUT|info depth 17 seldepth 18 multipv 2 score cp 21 nodes 1664597 nps 2131366 hashfull 95 tbhits 0 time 781 pv h2f2 b7g7 h0g2 h9i7 b2e2 b9c7 g3g4 a9b9 b0c2 b9b4 i0h0
S|MPV4_MT1500|OUT|info depth 17 seldepth 17 multipv 3 score cp 21 nodes 1664597 nps 2131366 hashfull 95 tbhits 0 time 781 pv h2e2 h9g7 g3g4 h7i7 h0g2 i9h9 b0c2 c6c5 b2b6 b9c7 b6c6 a9b9 a0b0 h9h5 i0h0
S|MPV4_MT1500|OUT|info depth 17 seldepth 21 multipv 4 score cp 21 nodes 1664597 nps 2131366 hashfull 95 tbhits 0 time 781 pv c3c4 b7c7 h2e2 c9e7 c0a2 i9i8 b2d2 i8d8 d0e1 g6g5 h0g2 h9g7 i0h0 g7f5 b0c2 d8d5 h0h4 h7g7 a0b0
S|MPV4_MT1500|OUT|info depth 18 seldepth 43 multipv 1 score cp 22 nodes 2464275 nps 2003475 hashfull 155 tbhits 0 time 1230 pv b2e2 b9c7 b0c2 a9b9 g3g4 b7a7 h0g2 b9b4 e2d2 c6c5 c0e2 b4b3 i0i1 h9i7 a0c0 f9e8 c3c4 c5c4
S|MPV4_MT1500|OUT|info depth 18 seldepth 32 multipv 2 score cp 21 nodes 2464275 nps 2003475 hashfull 155 tbhits 0 time 1230 pv h2e2 h9g7 g3g4 h7i7 h0g2 i9h9 c3c4 c6c5 c4c5 h9h5 c5c6 h5c5 e2f2 b7e7
S|MPV4_MT1500|OUT|info depth 18 seldepth 38 multipv 3 score cp 19 nodes 2464275 nps 2003475 hashfull 155 tbhits 0 time 1230 pv c3c4 b7c7 h2e2 c9e7 c0a2 i9i8 b2d2 i8d8 d0e1 g6g5 h0g2 h9g7 i0h0 g7f5 b0c2 d8d5 h0h4 d9e8 e2e6
S|MPV4_MT1500|OUT|info depth 18 seldepth 34 multipv 4 score cp 15 nodes 2464275 nps 2003475 hashfull 155 tbhits 0 time 1230 pv g3g4 h7g7 b2e2 g9e7 b0c2 g6g5 a0b0 g5g4 h2g2 h9f8 b0b4 g4g3 g2g7 b7g7 h0i2 g3h3 i0h0
S|MPV4_MT1500|OUT|info depth 19 seldepth 33 multipv 1 score cp 21 nodes 2888131 nps 1924137 hashfull 193 tbhits 0 time 1501 pv h2e2 h9g7 h0g2 g6g5 b0c2 i9h9 b2a2 b9c7 a0b0 a9b9 b0b4 b7a7 b4b9 c7b9 c3c4 g9e7 i0h0 h7h3 h0h1 b9c7 h1b1 h9h4
S|MPV4_MT1500|OUT|info depth 19 seldepth 30 multipv 2 score cp 19 upperbound nodes 2888131 nps 1924137 hashfull 193 tbhits 0 time 1501 pv b2e2 b9c7
S|MPV4_MT1500|OUT|info depth 18 seldepth 38 multipv 3 score cp 19 nodes 2888131 nps 1924137 hashfull 193 tbhits 0 time 1501 pv c3c4 b7c7 h2e2 c9e7 c0a2 i9i8 b2d2 i8d8 d0e1 g6g5 h0g2 h9g7 i0h0 g7f5 b0c2 d8d5 h0h4 d9e8 e2e6
S|MPV4_MT1500|OUT|info depth 18 seldepth 34 multipv 4 score cp 15 nodes 2888131 nps 1924137 hashfull 193 tbhits 0 time 1501 pv g3g4 h7g7 b2e2 g9e7 b0c2 g6g5 a0b0 g5g4 h2g2 h9f8 b0b4 g4g3 g2g7 b7g7 h0i2 g3h3 i0h0
S|MPV4_MT1500|OUT|bestmove h2e2 ponder h9g7
S|MPV4_MT1500|END|lines=81
S|MPV4_MT50|CMD|setoption name MultiPV value 4
S|MPV4_MT50|CMD|position fen rnbakabnr/9/1c5c1/p1p1p1p1p/9/9/P1P1P1P1P/1C5C1/9/RNBAKABNR w - - 0 1
S|MPV4_MT50|CMD|go movetime 50
S|MPV4_MT50|OUT|info string Available processors: 0-15
S|MPV4_MT50|OUT|info string Using 4 threads
S|MPV4_MT50|OUT|info string NNUE evaluation using pikafish.nnue (64MiB, (62083, 1024, 32, 32, 1))
S|MPV4_MT50|OUT|info string Network replica 1: Local memory. Shared memory not supported by the OS. Local allocation fallback.
S|MPV4_MT50|OUT|info depth 1 seldepth 9 multipv 1 score cp 24 nodes 812 nps 812000 hashfull 0 tbhits 0 time 1 pv h2e2
S|MPV4_MT50|OUT|info depth 1 seldepth 3 multipv 2 score cp 24 nodes 812 nps 812000 hashfull 0 tbhits 0 time 1 pv b2e2
S|MPV4_MT50|OUT|info depth 1 seldepth 3 multipv 3 score cp 21 nodes 812 nps 812000 hashfull 0 tbhits 0 time 1 pv g3g4
S|MPV4_MT50|OUT|info depth 1 seldepth 3 multipv 4 score cp 16 nodes 812 nps 812000 hashfull 0 tbhits 0 time 1 pv c3c4
S|MPV4_MT50|OUT|info depth 2 seldepth 3 multipv 1 score cp 30 nodes 2672 nps 2672000 hashfull 0 tbhits 0 time 1 pv h2e2
S|MPV4_MT50|OUT|info depth 2 seldepth 3 multipv 2 score cp 23 nodes 2672 nps 2672000 hashfull 0 tbhits 0 time 1 pv b2e2
S|MPV4_MT50|OUT|info depth 2 seldepth 3 multipv 3 score cp 20 nodes 2672 nps 1336000 hashfull 0 tbhits 0 time 2 pv g3g4
S|MPV4_MT50|OUT|info depth 2 seldepth 3 multipv 4 score cp 19 nodes 2672 nps 1336000 hashfull 0 tbhits 0 time 2 pv c3c4
S|MPV4_MT50|OUT|info depth 3 seldepth 7 multipv 1 score cp 24 nodes 4820 nps 2410000 hashfull 0 tbhits 0 time 2 pv c3c4 b7c7
S|MPV4_MT50|OUT|info depth 3 seldepth 6 multipv 2 score cp 23 nodes 4820 nps 2410000 hashfull 0 tbhits 0 time 2 pv b2e2
S|MPV4_MT50|OUT|info depth 3 seldepth 4 multipv 3 score cp 22 nodes 4820 nps 2410000 hashfull 0 tbhits 0 time 2 pv h2e2 h9g7
S|MPV4_MT50|OUT|info depth 3 seldepth 4 multipv 4 score cp 16 nodes 4820 nps 2410000 hashfull 0 tbhits 0 time 2 pv g3g4 h7g7
S|MPV4_MT50|OUT|info depth 4 seldepth 7 multipv 1 score cp 27 nodes 6733 nps 2244333 hashfull 0 tbhits 0 time 3 pv b2e2 b9c7 b0c2
S|MPV4_MT50|OUT|info depth 4 seldepth 4 multipv 2 score cp 24 nodes 6733 nps 2244333 hashfull 0 tbhits 0 time 3 pv h2e2
S|MPV4_MT50|OUT|info depth 4 seldepth 5 multipv 3 score cp 21 nodes 6733 nps 2244333 hashfull 0 tbhits 0 time 3 pv g3g4
S|MPV4_MT50|OUT|info depth 4 seldepth 5 multipv 4 score cp 18 nodes 6733 nps 2244333 hashfull 0 tbhits 0 time 3 pv c3c4 b7c7 g3g4
S|MPV4_MT50|OUT|info depth 5 seldepth 6 multipv 1 score cp 23 nodes 8548 nps 2849333 hashfull 0 tbhits 0 time 3 pv c3c4
S|MPV4_MT50|OUT|info depth 5 seldepth 7 multipv 2 score cp 22 nodes 8548 nps 2849333 hashfull 0 tbhits 0 time 3 pv b2e2 b9c7 b0c2 a9b9 a0b0
S|MPV4_MT50|OUT|info depth 5 seldepth 7 multipv 3 score cp 21 nodes 8548 nps 2137000 hashfull 0 tbhits 0 time 4 pv h2e2 h9g7 g3g4 i9h9
S|MPV4_MT50|OUT|info depth 5 seldepth 7 multipv 4 score cp 17 nodes 8548 nps 2137000 hashfull 0 tbhits 0 time 4 pv h0g2
S|MPV4_MT50|OUT|info depth 6 seldepth 7 multipv 1 score cp 26 nodes 11040 nps 2760000 hashfull 0 tbhits 0 time 4 pv c3c4 h7e7
S|MPV4_MT50|OUT|info depth 6 seldepth 10 multipv 2 score cp 23 nodes 11040 nps 2760000 hashfull 0 tbhits 0 time 4 pv b2e2 b9c7 b0c2 a9b9 g3g4 b7a7 h0g2 c6c5
S|MPV4_MT50|OUT|info depth 6 seldepth 5 multipv 3 score cp 22 nodes 11040 nps 2208000 hashfull 0 tbhits 0 time 5 pv h2e2 h9g7 g3g4
S|MPV4_MT50|OUT|info depth 6 seldepth 13 multipv 4 score cp 17 nodes 11040 nps 2208000 hashfull 0 tbhits 0 time 5 pv g3g4 h7g7 b2e2
S|MPV4_MT50|OUT|info depth 7 seldepth 10 multipv 1 score cp 27 nodes 15295 nps 2549166 hashfull 0 tbhits 0 time 6 pv h2e2 h9g7 h0g2 g6g5
S|MPV4_MT50|OUT|info depth 7 seldepth 10 multipv 2 score cp 22 nodes 15295 nps 2549166 hashfull 0 tbhits 0 time 6 pv b2e2
S|MPV4_MT50|OUT|info depth 7 seldepth 7 multipv 3 score cp 21 nodes 15295 nps 2549166 hashfull 0 tbhits 0 time 6 pv c3c4 b7c7 h2e2 c9e7
S|MPV4_MT50|OUT|info depth 7 seldepth 9 multipv 4 score cp 17 nodes 15295 nps 2549166 hashfull 0 tbhits 0 time 6 pv g3g4 h7g7 b2e2 b7e7
S|MPV4_MT50|OUT|info depth 8 seldepth 11 multipv 1 score cp 26 nodes 30140 nps 2740000 hashfull 0 tbhits 0 time 11 pv h2e2 h9g7 h0g2 g6g5 i0h0 i9h9 h0h6 b9c7 c3c4
S|MPV4_MT50|OUT|info depth 8 seldepth 14 multipv 2 score cp 24 nodes 30140 nps 2511666 hashfull 0 tbhits 0 time 12 pv c3c4 h7e7 h0g2 h9g7 i0h0 b9a7
S|MPV4_MT50|OUT|info depth 8 seldepth 11 multipv 3 score cp 23 nodes 30140 nps 2511666 hashfull 0 tbhits 0 time 12 pv b2e2 b9c7 b0c2 a9b9 a0b0 h9g7 c3c4 g6g5 h0i2 i9i8
S|MPV4_MT50|OUT|info depth 8 seldepth 24 multipv 4 score cp 16 nodes 30140 nps 2511666 hashfull 0 tbhits 0 time 12 pv h0g2 g6g5 b2e2 h9g7 b0c2 b9c7
S|MPV4_MT50|OUT|info depth 9 seldepth 25 multipv 1 score cp 27 nodes 49220 nps 2734444 hashfull 0 tbhits 0 time 18 pv h2e2 h9g7 h0g2 i9h9 i0h0 g6g5 h0h6 b9c7 b0c2 c6c5
S|MPV4_MT50|OUT|info depth 9 seldepth 18 multipv 2 score cp 23 nodes 49220 nps 2734444 hashfull 0 tbhits 0 time 18 pv b2e2 b9c7 b0c2 a9b9 a0b0 h9g7 c3c4 g6g5
S|MPV4_MT50|OUT|info depth 9 seldepth 10 multipv 3 score cp 21 nodes 49220 nps 2734444 hashfull 0 tbhits 0 time 18 pv g3g4
S|MPV4_MT50|OUT|info depth 9 seldepth 11 multipv 4 score cp 20 nodes 49220 nps 2734444 hashfull 0 tbhits 0 time 18 pv c3c4 b7c7 h2e2 c9e7 c0a2
S|MPV4_MT50|OUT|info depth 10 seldepth 22 multipv 1 score cp 29 nodes 74295 nps 2751666 hashfull 1 tbhits 0 time 27 pv h2e2 h9g7 h0g2 i9h9 i0h0 g6g5 h0h6 b9c7 c3c4 h7i7 h6g6 i7i8 b0c2 d9e8
S|MPV4_MT50|OUT|info depth 10 seldepth 16 multipv 2 score cp 20 nodes 74295 nps 2751666 hashfull 1 tbhits 0 time 27 pv b2e2 b9c7 b0c2 a9b9 a0b0 c6c5 g3g4 h9g7
S|MPV4_MT50|OUT|info depth 10 seldepth 20 multipv 3 score cp 19 nodes 74295 nps 2751666 hashfull 1 tbhits 0 time 27 pv c3c4 b7c7 h2e2 c9e7 h0g2 c6c5 c0a2 c5c4
S|MPV4_MT50|OUT|info depth 10 seldepth 15 multipv 4 score cp 16 nodes 74295 nps 2751666 hashfull 1 tbhits 0 time 27 pv b2d2 h7e7 h0g2 h9g7 b0c2 b9a7 i0h0
S|MPV4_MT50|OUT|info depth 12 seldepth 30 multipv 1 score cp 24 nodes 127018 nps 2540360 hashfull 4 tbhits 0 time 50 pv h2e2 h9g7 h0g2 i9h9 i0h0 g6g5 h0h6 b9c7 c3c4 h7i7 h6g6 i7i8 b0c2 i8g8 g6f6 d9e8 b2a2 g7h5 a0b0 a9b9 f6f8 b7b8 f8f5 b8b3 c4c5 b3g3 g0i2 b9b0
S|MPV4_MT50|OUT|info depth 12 seldepth 18 multipv 2 score cp 23 nodes 127018 nps 2540360 hashfull 4 tbhits 0 time 50 pv b2d2 h7e7 h0g2 b9a7 i0h0
S|MPV4_MT50|OUT|info depth 12 seldepth 13 multipv 3 score cp 20 nodes 127018 nps 2540360 hashfull 4 tbhits 0 time 50 pv c3c4 b7c7 h2e2 c9e7 c0a2 i9i8 b2d2 i8d8 d0e1 g6g5
S|MPV4_MT50|OUT|info depth 12 seldepth 14 multipv 4 score cp 19 nodes 127018 nps 2540360 hashfull 4 tbhits 0 time 50 pv b2e2 b9c7 b0c2 a9b9 h2f2 h9g7 h0g2
S|MPV4_MT50|OUT|bestmove h2e2 ponder h9g7
S|MPV4_MT50|TIMEOUT
S|MPV4_MT50|END|lines=49
S|MPV4_MT150|CMD|setoption name MultiPV value 4
S|MPV4_MT150|CMD|position fen rnbakabnr/9/1c5c1/p1p1p1p1p/9/9/P1P1P1P1P/1C5C1/9/RNBAKABNR w - - 0 1
S|MPV4_MT150|CMD|go movetime 150
S|MPV4_MT150|OUT|info string Available processors: 0-15
S|MPV4_MT150|OUT|info string Using 4 threads
S|MPV4_MT150|OUT|info string NNUE evaluation using pikafish.nnue (64MiB, (62083, 1024, 32, 32, 1))
S|MPV4_MT150|OUT|info string Network replica 1: Local memory. Shared memory not supported by the OS. Local allocation fallback.
S|MPV4_MT150|OUT|info depth 1 seldepth 6 multipv 1 score cp 29 nodes 799 nps 799000 hashfull 0 tbhits 0 time 1 pv h2e2
S|MPV4_MT150|OUT|info depth 1 seldepth 3 multipv 2 score cp 23 nodes 799 nps 799000 hashfull 0 tbhits 0 time 1 pv b2e2
S|MPV4_MT150|OUT|info depth 1 seldepth 3 multipv 3 score cp 20 nodes 799 nps 799000 hashfull 0 tbhits 0 time 1 pv c3c4
S|MPV4_MT150|OUT|info depth 1 seldepth 3 multipv 4 score cp 17 nodes 799 nps 799000 hashfull 0 tbhits 0 time 1 pv b2d2
S|MPV4_MT150|OUT|info depth 2 seldepth 3 multipv 1 score cp 32 nodes 2442 nps 2442000 hashfull 0 tbhits 0 time 1 pv h2e2
S|MPV4_MT150|OUT|info depth 2 seldepth 3 multipv 2 score cp 23 nodes 2442 nps 2442000 hashfull 0 tbhits 0 time 1 pv b2e2
S|MPV4_MT150|OUT|info depth 2 seldepth 3 multipv 3 score cp 20 nodes 2442 nps 1221000 hashfull 0 tbhits 0 time 2 pv c3c4
S|MPV4_MT150|OUT|info depth 2 seldepth 3 multipv 4 score cp 19 nodes 2442 nps 1221000 hashfull 0 tbhits 0 time 2 pv b2d2
S|MPV4_MT150|OUT|info depth 3 seldepth 4 multipv 1 score cp 25 nodes 4404 nps 2202000 hashfull 0 tbhits 0 time 2 pv h2e2 h9g7
S|MPV4_MT150|OUT|info depth 3 seldepth 4 multipv 2 score cp 21 nodes 4404 nps 2202000 hashfull 0 tbhits 0 time 2 pv b2e2 b9c7
S|MPV4_MT150|OUT|info depth 3 seldepth 4 multipv 3 score cp 21 nodes 4404 nps 2202000 hashfull 0 tbhits 0 time 2 pv c3c4 b7c7
S|MPV4_MT150|OUT|info depth 3 seldepth 6 multipv 4 score cp 19 nodes 4404 nps 2202000 hashfull 0 tbhits 0 time 2 pv g3g4
S|MPV4_MT150|OUT|info depth 4 seldepth 7 multipv 1 score cp 27 nodes 6454 nps 3227000 hashfull 0 tbhits 0 time 2 pv h2e2 h9g7 h0g2 g6g5
S|MPV4_MT150|OUT|info depth 4 seldepth 7 multipv 2 score cp 23 nodes 6454 nps 2151333 hashfull 0 tbhits 0 time 3 pv c3c4 b7c7 h2e2 c9e7
S|MPV4_MT150|OUT|info depth 4 seldepth 8 multipv 3 score cp 21 nodes 6454 nps 2151333 hashfull 0 tbhits 0 time 3 pv b2e2 b9c7 b0c2 a9b9 a0b0 c6c5 h0g2
S|MPV4_MT150|OUT|info depth 4 seldepth 7 multipv 4 score cp 21 nodes 6454 nps 2151333 hashfull 0 tbhits 0 time 3 pv b2d2
S|MPV4_MT150|OUT|info depth 5 seldepth 7 multipv 1 score cp 28 nodes 9148 nps 3049333 hashfull 0 tbhits 0 time 3 pv h2e2 h9g7 h0g2 g6g5 i0h0 i9h9
S|MPV4_MT150|OUT|info depth 5 seldepth 11 multipv 2 score cp 20 nodes 9148 nps 3049333 hashfull 0 tbhits 0 time 3 pv c3c4
S|MPV4_MT150|OUT|info depth 5 seldepth 6 multipv 3 score cp 20 nodes 9148 nps 3049333 hashfull 0 tbhits 0 time 3 pv g3g4
S|MPV4_MT150|OUT|info depth 5 seldepth 7 multipv 4 score cp 18 nodes 9148 nps 2287000 hashfull 0 tbhits 0 time 4 pv b2e2 b9c7 c3c4 b7a7 g3g4
S|MPV4_MT150|OUT|info depth 6 seldepth 9 multipv 1 score cp 28 nodes 12140 nps 3035000 hashfull 0 tbhits 0 time 4 pv h2e2 h9g7 h0g2 g6g5 i0h0 i9h9 h0h6 c6c5
S|MPV4_MT150|OUT|info depth 6 seldepth 9 multipv 2 score cp 23 nodes 12140 nps 3035000 hashfull 0 tbhits 0 time 4 pv b2e2 b9c7 c3c4 g6g5 h0i2 h9g7 b0c2
S|MPV4_MT150|OUT|info depth 6 seldepth 13 multipv 3 score cp 19 nodes 12140 nps 3035000 hashfull 0 tbhits 0 time 4 pv g3g4 h7g7 b2e2 g9e7 h0g2
S|MPV4_MT150|OUT|info depth 6 seldepth 9 multipv 4 score cp 18 nodes 12140 nps 3035000 hashfull 0 tbhits 0 time 4 pv c3c4 b7c7 h2e2 c9e7 c0a2 i9i8
S|MPV4_MT150|OUT|info depth 7 seldepth 13 multipv 1 score cp 23 nodes 24274 nps 3034250 hashfull 0 tbhits 0 time 8 pv b2e2 b9c7 c3c4 g6g5 h0i2 h9g7 b0c2 a9b9 a0b0 b7b3
S|MPV4_MT150|OUT|info depth 7 seldepth 13 multipv 2 score cp 22 nodes 24274 nps 3034250 hashfull 0 tbhits 0 time 8 pv h2e2 h9g7 g3g4 i9h9 h0g2 h7i7 c3c4 c6c5 c4c5 h9h5 c5c6
S|MPV4_MT150|OUT|info depth 7 seldepth 11 multipv 3 score cp 20 nodes 24274 nps 3034250 hashfull 0 tbhits 0 time 8 pv g3g4 h7g7 b2e2 g9e7 b0c2
S|MPV4_MT150|OUT|info depth 7 seldepth 17 multipv 4 score cp 19 nodes 24274 nps 3034250 hashfull 0 tbhits 0 time 8 pv c3c4 b7c7 h2e2 c9e7 c0a2 i9i8 b2d2 i8d8 d0e1 g6g5 h0g2 h9g7 i0h0 g7f5
S|MPV4_MT150|OUT|info depth 8 seldepth 8 multipv 1 score cp 23 nodes 33639 nps 3058090 hashfull 0 tbhits 0 time 11 pv b2e2 b9c7 c3c4 g6g5 h0i2 h9g7 b0c2
S|MPV4_MT150|OUT|info depth 8 seldepth 11 multipv 2 score cp 22 nodes 33639 nps 3058090 hashfull 0 tbhits 0 time 11 pv h2e2 h9g7 g3g4 i9h9 h0g2 h7i7 c3c4 c6c5 c4c5
S|MPV4_MT150|OUT|info depth 8 seldepth 26 multipv 3 score cp 19 nodes 33639 nps 3058090 hashfull 0 tbhits 0 time 11 pv c3c4 b7c7 h2e2 c9e7 c0a2 i9i8
S|MPV4_MT150|OUT|info depth 8 seldepth 23 multipv 4 score cp 19 nodes 33639 nps 3058090 hashfull 0 tbhits 0 time 11 pv h0g2 g6g5 b2e2 b9c7 b0c2 a9b9
S|MPV4_MT150|OUT|info depth 9 seldepth 22 multipv 1 score cp 23 nodes 46282 nps 2892625 hashfull 1 tbhits 0 time 16 pv c3c4 b7c7 h2e2 c9e7 c0a2 i9i8 b2d2 i8d8 d0e1 g6g5 h0g2 h9g7 i0h0 g7f5 b0c2 h7g7 h0h4 d8d5 g3g4
S|MPV4_MT150|OUT|info depth 9 seldepth 15 multipv 2 score cp 23 nodes 46282 nps 2892625 hashfull 1 tbhits 0 time 16 pv b2e2 b9c7 b0c2 c6c5 h0g2 g6g5
S|MPV4_MT150|OUT|info depth 9 seldepth 21 multipv 3 score cp 22 nodes 46282 nps 2892625 hashfull 1 tbhits 0 time 16 pv h2e2 h9g7 g3g4 i9h9 h0g2 h7i7 c3c4 c6c5 c4c5 h9h5 c5c6 h5c5 e2f2 c5c6 c0e2 c6c5 g2f4 g6g5 g4g5 c5g5
S|MPV4_MT150|OUT|info depth 9 seldepth 20 multipv 4 score cp 16 nodes 46282 nps 2892625 hashfull 1 tbhits 0 time 16 pv h0g2 g6g5 b2e2 b9c7 b0c2 a9b9 a0b0 h9g7 b0b4 c6c5 g3g4 g5g4 b4g4 h7h8 g2f4 i9i7 f4g6 h8g8
S|MPV4_MT150|OUT|info depth 10 seldepth 19 multipv 1 score cp 23 nodes 119182 nps 2979550 hashfull 4 tbhits 0 time 40 pv c3c4 b7c7 h2e2 c9e7 c0a2 i9i8 b2d2 i8d8 d0e1 d8d5
S|MPV4_MT150|OUT|info depth 10 seldepth 17 multipv 2 score cp 22 nodes 119182 nps 2979550 hashfull 4 tbhits 0 time 40 pv h2e2 h9g7 g3g4 i9h9 h0g2 h7i7 c3c4 c6c5 c4c5 h9h5 c5c6
S|MPV4_MT150|OUT|info depth 10 seldepth 16 multipv 3 score cp 19 nodes 119182 nps 2979550 hashfull 4 tbhits 0 time 40 pv b2e2 b9c7 b0c2 a9b9 c3c4
S|MPV4_MT150|OUT|info depth 10 seldepth 24 multipv 4 score cp 17 nodes 119182 nps 2979550 hashfull 4 tbhits 0 time 40 pv h0g2 g6g5 b2e2 b9c7 b0c2 a9b9 a0b0 h9g7
S|MPV4_MT150|OUT|info depth 11 seldepth 23 multipv 1 score cp 22 nodes 148368 nps 2853230 hashfull 6 tbhits 0 time 52 pv c3c4 b7c7 h2e2 c9e7 c0a2 i9i8 b2d2 i8d8 d0e1 g6g5 h0g2 h9g7 i0h0 g7f5 b0c2 d8d5
S|MPV4_MT150|OUT|info depth 11 seldepth 25 multipv 2 score cp 22 nodes 148368 nps 2853230 hashfull 6 tbhits 0 time 52 pv h2e2 h9g7 g3g4 i9h9 h0g2 h7i7 c3c4 c6c5 c4c5 h9h5 c5c6 h5c5 e2f2 c5c6 c0e2 c6c5 g2f4 g6g5
S|MPV4_MT150|OUT|info depth 11 seldepth 14 multipv 3 score cp 19 nodes 148368 nps 2853230 hashfull 6 tbhits 0 time 52 pv b2e2 b9c7 h2f2 h9g7 b0c2 i9h9 h0g2 h7i7 a0b0 a9b9 g3g4 c6c5 b0b6
S|MPV4_MT150|OUT|info depth 11 seldepth 26 multipv 4 score cp 17 nodes 148368 nps 2853230 hashfull 6 tbhits 0 time 52 pv g3g4 h7g7 b2e2 g9e7 b0c2 g6g5 a0b0 g5g4 h2g2 h9f8 b0b4 g4g3 g2g7 b7g7
S|MPV4_MT150|OUT|info depth 12 seldepth 29 multipv 1 score cp 23 nodes 243152 nps 2642956 hashfull 12 tbhits 0 time 92 pv c3c4 b7c7 h2e2 c9e7 c0a2 i9i8 b2d2 i8d8 d0e1 h9g7
S|MPV4_MT150|OUT|info depth 12 seldepth 20 multipv 2 score cp 21 nodes 243152 nps 2642956 hashfull 12 tbhits 0 time 92 pv h2e2 h9g7 h0g2 i9h9 i0h0 g6g5 h0h6 c6c5 b0a2 b9c7 b2c2 c7b5 e2e6 g7e6 h6e6 g9e7
S|MPV4_MT150|OUT|info depth 12 seldepth 22 multipv 3 score cp 20 nodes 243152 nps 2642956 hashfull 12 tbhits 0 time 92 pv b2e2 b9c7 b0c2 a9b9 a0b0 c6c5 h0g2 h9g7 b0b6 g6g5 i0i1 f9e8
S|MPV4_MT150|OUT|info depth 12 seldepth 22 multipv 4 score cp 19 nodes 243152 nps 2642956 hashfull 12 tbhits 0 time 92 pv g3g4 h7g7 b2e2 g9e7 b0c2 g6g5 a0b0 g5g4 h2g2 h9f8 b0b4 g4g3 g2g7 b7g7 h0i2 g3g2 b4g4 i9g9 g4g2
S|MPV4_MT150|OUT|info depth 13 seldepth 20 multipv 1 score cp 25 nodes 355728 nps 2615647 hashfull 18 tbhits 0 time 136 pv c3c4 b7c7 h2e2 c9e7 c0a2 i9i8 b2d2 i8d8 d0e1 d8d5 b0c2 h9g7 h0g2 g6g5 i0h0 g7f5 h0h4 d9e8
S|MPV4_MT150|OUT|info depth 13 seldepth 28 multipv 2 score cp 22 nodes 355728 nps 2615647 hashfull 18 tbhits 0 time 136 pv h2e2 h9g7 g3g4 i9h9 h0g2 h7i7 c3c4 c6c5 c4c5 h9h5 c5c6 h5c5 e2f2 c5c6 c0e2 c6c5 g2f4 g6g5 g4g5 c5g5 b0d1 b9c7 a0c0 b7b8 i0h0 b8c8 c0b0
S|MPV4_MT150|OUT|info depth 13 seldepth 21 multipv 3 score cp 22 nodes 355728 nps 2615647 hashfull 18 tbhits 0 time 136 pv b2e2 b9c7 b0c2 a9b9 a0b0 c6c5 h0g2 g6g5
S|MPV4_MT150|OUT|info depth 13 seldepth 21 multipv 4 score cp 15 nodes 355728 nps 2615647 hashfull 18 tbhits 0 time 136 pv b2d2 h7e7 h0g2 h9g7 i0h0 b9c7 b0c2 a9b9 a0b0 b7b3
S|MPV4_MT150|OUT|info depth 14 seldepth 30 multipv 1 score cp 25 nodes 389425 nps 2596166 hashfull 20 tbhits 0 time 150 pv h2e2 h9g7 h0g2 i9h9 i0h0 g6g5 h0h6 c6c5 b0c2 b9c7 a0a1 d9e8 a1d1 g7f5 e3e4 b7b5 c2e3
S|MPV4_MT150|OUT|info depth 14 seldepth 31 multipv 2 score cp 25 nodes 389425 nps 2596166 hashfull 20 tbhits 0 time 150 pv c3c4 b7c7 h2e2 c9e7 c0a2 i9i8 b2d2 i8d8 d0e1 g6g5 h0g2 h9g7 i0h0 g7f5 b0c2 h7g7 e2e6 d9e8
S|MPV4_MT150|OUT|info depth 14 seldepth 18 multipv 3 score cp 21 nodes 389425 nps 2578973 hashfull 20 tbhits 0 time 151 pv b2e2 b9c7 b0c2 a9b9 h2f2 c6c5 h0g2 h7f7 a0b0 b7b3 i0h0 h9g7 g3g4 f9e8
S|MPV4_MT150|OUT|info depth 13 seldepth 22 multipv 4 score cp 14 nodes 389425 nps 2578973 hashfull 20 tbhits 0 time 151 pv g3g4 h7g7 b2e2 g9e7 b0c2 g6g5 a0b0 g5g4 h2g2 a9a8 b0b4 g4f4 h0i2 f4f3 f0e1
S|MPV4_MT150|OUT|bestmove h2e2 ponder h9g7
S|MPV4_MT150|END|lines=61
S|MPV4_MT500|CMD|setoption name MultiPV value 4
S|MPV4_MT500|CMD|position fen rnbakabnr/9/1c5c1/p1p1p1p1p/9/9/P1P1P1P1P/1C5C1/9/RNBAKABNR w - - 0 1
S|MPV4_MT500|CMD|go movetime 500
S|MPV4_MT500|OUT|info string Available processors: 0-15
S|MPV4_MT500|OUT|info string Using 4 threads
S|MPV4_MT500|OUT|info string NNUE evaluation using pikafish.nnue (64MiB, (62083, 1024, 32, 32, 1))
S|MPV4_MT500|OUT|info string Network replica 1: Local memory. Shared memory not supported by the OS. Local allocation fallback.
S|MPV4_MT500|OUT|info depth 1 seldepth 7 multipv 1 score cp 26 nodes 946 nps 946000 hashfull 0 tbhits 0 time 1 pv h2e2
S|MPV4_MT500|OUT|info depth 1 seldepth 3 multipv 2 score cp 25 nodes 946 nps 946000 hashfull 0 tbhits 0 time 1 pv c3c4
S|MPV4_MT500|OUT|info depth 1 seldepth 3 multipv 3 score cp 23 nodes 946 nps 946000 hashfull 0 tbhits 0 time 1 pv b2e2
S|MPV4_MT500|OUT|info depth 1 seldepth 3 multipv 4 score cp 19 nodes 946 nps 946000 hashfull 0 tbhits 0 time 1 pv b2d2
S|MPV4_MT500|OUT|info depth 2 seldepth 5 multipv 1 score cp 26 nodes 2370 nps 1185000 hashfull 0 tbhits 0 time 2 pv h2e2 h9g7 g3g4
S|MPV4_MT500|OUT|info depth 2 seldepth 3 multipv 2 score cp 25 nodes 2370 nps 1185000 hashfull 0 tbhits 0 time 2 pv c3c4
S|MPV4_MT500|OUT|info depth 2 seldepth 3 multipv 3 score cp 21 nodes 2370 nps 1185000 hashfull 0 tbhits 0 time 2 pv b2e2
S|MPV4_MT500|OUT|info depth 2 seldepth 3 multipv 4 score cp 17 nodes 2370 nps 1185000 hashfull 0 tbhits 0 time 2 pv g3g4
S|MPV4_MT500|OUT|info depth 3 seldepth 7 multipv 1 score cp 25 nodes 4173 nps 2086500 hashfull 0 tbhits 0 time 2 pv c3c4 b7c7 h2e2 c9e7
S|MPV4_MT500|OUT|info depth 3 seldepth 5 multipv 2 score cp 24 nodes 4173 nps 2086500 hashfull 0 tbhits 0 time 2 pv h2e2 h9g7 h0g2
S|MPV4_MT500|OUT|info depth 3 seldepth 6 multipv 3 score cp 22 nodes 4173 nps 2086500 hashfull 0 tbhits 0 time 2 pv b2e2 b9c7 b0c2 a9b9 h2f2
S|MPV4_MT500|OUT|info depth 3 seldepth 14 multipv 4 score cp 19 nodes 4173 nps 2086500 hashfull 0 tbhits 0 time 2 pv g3g4 h7g7 b2e2 g9e7 b0c2 g6g5 g0i2 g5g4 i2g4
S|MPV4_MT500|OUT|info depth 4 seldepth 6 multipv 1 score cp 25 nodes 6343 nps 2114333 hashfull 0 tbhits 0 time 3 pv h2e2
S|MPV4_MT500|OUT|info depth 4 seldepth 6 multipv 2 score cp 25 nodes 6343 nps 2114333 hashfull 0 tbhits 0 time 3 pv c3c4 b7c7 h2e2 c9e7 c0a2
S|MPV4_MT500|OUT|info depth 4 seldepth 5 multipv 3 score cp 22 nodes 6343 nps 2114333 hashfull 0 tbhits 0 time 3 pv b2e2 b9c7 b0c2 c6c5
S|MPV4_MT500|OUT|info depth 4 seldepth 10 multipv 4 score cp 17 nodes 6343 nps 2114333 hashfull 0 tbhits 0 time 3 pv g3g4 h7g7 b2e2 g9e7
S|MPV4_MT500|OUT|info depth 5 seldepth 7 multipv 1 score cp 25 nodes 11544 nps 2886000 hashfull 0 tbhits 0 time 4 pv h2e2 h9g7 g3g4 i9h9 h0g2
S|MPV4_MT500|OUT|info depth 5 seldepth 9 multipv 2 score cp 23 nodes 11544 nps 2886000 hashfull 0 tbhits 0 time 4 pv c3c4 b7c7 h2e2 c9e7 c0a2
S|MPV4_MT500|OUT|info depth 5 seldepth 11 multipv 3 score cp 20 nodes 11544 nps 2886000 hashfull 0 tbhits 0 time 4 pv b2e2 b9c7 b0c2 c6c5
S|MPV4_MT500|OUT|info depth 5 seldepth 10 multipv 4 score cp 18 nodes 11544 nps 2886000 hashfull 0 tbhits 0 time 4 pv b2d2 h7e7 h0g2 h9g7 b0c2 b9a7
S|MPV4_MT500|OUT|info depth 6 seldepth 7 multipv 1 score cp 25 nodes 16202 nps 2700333 hashfull 0 tbhits 0 time 6 pv h2e2 h9g7 g3g4 i9h9 h0g2 h7i7
S|MPV4_MT500|OUT|info depth 6 seldepth 11 multipv 2 score cp 22 nodes 16202 nps 2700333 hashfull 0 tbhits 0 time 6 pv b2e2 b9c7 b0c2 a9b9 h2f2
S|MPV4_MT500|OUT|info depth 6 seldepth 14 multipv 3 score cp 21 nodes 16202 nps 2700333 hashfull 0 tbhits 0 time 6 pv c3c4 b7c7 h2e2 c9e7 c0a2 i9i8
S|MPV4_MT500|OUT|info depth 6 seldepth 15 multipv 4 score cp 19 nodes 16202 nps 2700333 hashfull 0 tbhits 0 time 6 pv b2d2 h7e7 h0g2 h9g7 b0c2 b9a7 i0h0
S|MPV4_MT500|OUT|info depth 7 seldepth 11 multipv 1 score cp 22 nodes 22759 nps 2844875 hashfull 0 tbhits 0 time 8 pv h2e2 h9g7 h0g2 i9h9 i0h0 g6g5 h0h6 b9c7 c3c4
S|MPV4_MT500|OUT|info depth 7 seldepth 6 multipv 2 score cp 22 nodes 22759 nps 2844875 hashfull 0 tbhits 0 time 8 pv b2e2 b9c7 b0c2 a9b9
S|MPV4_MT500|OUT|info depth 7 seldepth 18 multipv 3 score cp 22 nodes 22759 nps 2844875 hashfull 0 tbhits 0 time 8 pv c3c4 b7c7 h2e2 c9e7 c0a2
S|MPV4_MT500|OUT|info depth 7 seldepth 9 multipv 4 score cp 19 nodes 22759 nps 2844875 hashfull 0 tbhits 0 time 8 pv b2d2 h9g7
S|MPV4_MT500|OUT|info depth 8 seldepth 13 multipv 1 score cp 24 nodes 30311 nps 3031100 hashfull 0 tbhits 0 time 10 pv h2e2 h9g7 g3g4 i9h9 h0g2 h7i7 c3c4 c6c5 c4c5 h9h5 c5c6
S|MPV4_MT500|OUT|info depth 8 seldepth 19 multipv 2 score cp 23 nodes 30311 nps 3031100 hashfull 0 tbhits 0 time 10 pv c3c4 b7c7 h2e2 c9e7 c0a2 i9i8 b2d2 i8d8 d0e1
S|MPV4_MT500|OUT|info depth 8 seldepth 13 multipv 3 score cp 21 nodes 30311 nps 3031100 hashfull 0 tbhits 0 time 10 pv b2e2 b9c7 b0c2 a9b9 h2f2 c6c5 h0g2 h7f7 a0b0 b7b3 i0h0 h9g7
S|MPV4_MT500|OUT|info depth 8 seldepth 12 multipv 4 score cp 15 nodes 30311 nps 3031100 hashfull 0 tbhits 0 time 10 pv g3g4 h7g7 c3c4 h9i7
S|MPV4_MT500|OUT|info depth 9 seldepth 15 multipv 1 score cp 24 nodes 39967 nps 2854785 hashfull 0 tbhits 0 time 14 pv h2e2 h9g7 g3g4 i9h9 h0g2 h7i7 c3c4 c6c5 c4c5 h9h5 c5c6 h5c5 e2f2
S|MPV4_MT500|OUT|info depth 9 seldepth 14 multipv 2 score cp 23 nodes 39967 nps 2854785 hashfull 0 tbhits 0 time 14 pv c3c4 b7c7 h2e2 c9e7 c0a2 i9i8 b2d2 i8d8 d0e1 h9i7
S|MPV4_MT500|OUT|info depth 9 seldepth 18 multipv 3 score cp 20 nodes 39967 nps 2854785 hashfull 0 tbhits 0 time 14 pv b2e2 b9c7 b0c2 a9b9 a0b0 c6c5 h0g2 h9g7 b0b6 g6g5 i0i1 f9e8 i1f1 c7d5
S|MPV4_MT500|OUT|info depth 9 seldepth 18 multipv 4 score cp 19 nodes 39967 nps 2854785 hashfull 0 tbhits 0 time 14 pv b2d2 b9c7 h2e2 h9g7 h0g2 g6g5 b0c2
S|MPV4_MT500|OUT|info depth 10 seldepth 23 multipv 1 score cp 25 nodes 61471 nps 2672652 hashfull 1 tbhits 0 time 23 pv c3c4 b7c7 h2e2 c9e7 c0a2 i9i8 b2d2 i8d8 d0e1 g6g5 h0g2 h9g7 i0h0 g7f5 b0c2
S|MPV4_MT500|OUT|info depth 10 seldepth 26 multipv 2 score cp 22 nodes 61471 nps 2672652 hashfull 1 tbhits 0 time 23 pv b2d2 h7e7 h0g2 h9g7 b0c2 b9a7 a0b0 a9b9 i0h0
S|MPV4_MT500|OUT|info depth 10 seldepth 14 multipv 3 score cp 22 nodes 61471 nps 2672652 hashfull 1 tbhits 0 time 23 pv h2e2 h9g7 h0g2 i9h9 i0h0 g6g5 h0h6 b9c7 b0c2
S|MPV4_MT500|OUT|info depth 10 seldepth 18 multipv 4 score cp 20 nodes 61471 nps 2672652 hashfull 1 tbhits 0 time 23 pv b2e2 b9c7 b0c2 a9b9 a0b0 c6c5 h0g2 h9g7 b0b6 g6g5 i0i1 f9e8 i1f1 c7d5
S|MPV4_MT500|OUT|info depth 11 seldepth 23 multipv 1 score cp 28 nodes 103548 nps 2655076 hashfull 3 tbhits 0 time 39 pv c3c4 b7c7 h2e2 c9e7 c0a2 i9i8 b2d2 i8d8 d0e1 i6i5
S|MPV4_MT500|OUT|info depth 11 seldepth 21 multipv 2 score cp 24 nodes 103548 nps 2655076 hashfull 3 tbhits 0 time 39 pv b2d2 h7e7 h0g2 h9g7 i0h0 i9h9 b0c2 b9a7 a0b0 b7c7 h2h6 g6g5 b0b5 e7d7 d2e2 a9b9
S|MPV4_MT500|OUT|info depth 11 seldepth 22 multipv 3 score cp 24 nodes 103548 nps 2655076 hashfull 3 tbhits 0 time 39 pv h2e2 h9g7 h0g2 i9h9 g3g4 h7i7
S|MPV4_MT500|OUT|info depth 11 seldepth 20 multipv 4 score cp 20 nodes 103548 nps 2655076 hashfull 3 tbhits 0 time 39 pv b2e2 b9c7 b0c2 a9b9 a0b0 c6c5 b0b6
S|MPV4_MT500|OUT|info depth 12 seldepth 17 multipv 1 score cp 28 nodes 207274 nps 2467547 hashfull 10 tbhits 0 time 84 pv c3c4 b7c7 h2e2 c9e7 c0a2 i9i8 b2d2 i8d8 d0e1 h9g7 h0g2 g6g5 i0h0 g7f5 b0c2
S|MPV4_MT500|OUT|info depth 12 seldepth 20 multipv 2 score cp 24 nodes 207274 nps 2467547 hashfull 10 tbhits 0 time 84 pv h2e2 h9g7 g3g4 i9h9 h0g2 h7i7 c3c4 c6c5 c4c5 h9h5 c5c6 h5c5 e2f2 b7e7
S|MPV4_MT500|OUT|info depth 12 seldepth 27 multipv 3 score cp 22 nodes 207274 nps 2438517 hashfull 10 tbhits 0 time 85 pv b2e2 b9c7 b0c2 a9b9 a0b0 c6c5 b0b6 h9g7 g3g4 b7a7 b6b9 c7b9 h0g2 h7h3 e3e4 f9e8
S|MPV4_MT500|OUT|info depth 12 seldepth 26 multipv 4 score cp 21 nodes 207274 nps 2438517 hashfull 10 tbhits 0 time 85 pv b2d2 b7e7 h0g2 b9c7 b0c2 a9b9 c3c4 g6g5 a0a1 b9b3 a1f1 e7d7 h2i2 h9g7 i0h0 i9h9 h0h4
S|MPV4_MT500|OUT|info depth 13 seldepth 25 multipv 1 score cp 24 nodes 388993 nps 2416105 hashfull 17 tbhits 0 time 161 pv h2e2 h9g7 g3g4 i9h9 h0g2 h7i7 c3c4 c6c5 c4c5 h9h5 c5c6 h5c5 e2f2 c5c6 c0e2 c6c5 g2f4 g6g5 g4g5 c5g5 b0d1 b9c7 a0c0 b7b8
S|MPV4_MT500|OUT|info depth 13 seldepth 25 multipv 2 score cp 21 nodes 388993 nps 2416105 hashfull 17 tbhits 0 time 161 pv b2e2 b9c7 b0c2 a9b9 a0b0 c6c5 b0b6 h9g7 h0g2 g6g5 i0i1 f9e8 i1f1 c7d5 e3e4 c5c4 b6d6 d5c3
S|MPV4_MT500|OUT|info depth 13 seldepth 31 multipv 3 score cp 20 nodes 388993 nps 2416105 hashfull 17 tbhits 0 time 161 pv c3c4 b7c7 h2e2 c9e7 c0a2 g6g5 h0g2 h9g7 b2d2 i9h9 b0c2 h7i7 a0b0 c7d7 b0b8 d9e8 i0i1 i7i8 b8b6 h9h3 i1f1 b9a7 b6b7 i8i7
S|MPV4_MT500|OUT|info depth 13 seldepth 22 multipv 4 score cp 17 nodes 388993 nps 2416105 hashfull 17 tbhits 0 time 161 pv g3g4 h7g7 b2e2 g9e7 b0c2 g6g5 a0b0 g5g4 h2g2 h9f8 b0b4 g4g3 g2g7 b7g7 h0i2 g3g2 b4g4
S|MPV4_MT500|OUT|info depth 14 seldepth 25 multipv 1 score cp 24 nodes 562357 nps 2434445 hashfull 25 tbhits 0 time 231 pv h2e2 h9g7 g3g4 i9h9 h0g2 h7i7 c3c4 c6c5 c4c5 h9h5 c5c6 h5c5 e2f2 c9e7
S|MPV4_MT500|OUT|info depth 14 seldepth 29 multipv 2 score cp 22 nodes 562357 nps 2434445 hashfull 25 tbhits 0 time 231 pv b2e2 b9c7 b0c2 a9b9 a0b0 c6c5 h0g2 h9g7 b0b6 g6g5 i0i1 f9e8 i1f1 c7d5 e3e4 c5c4 b6d6 d5c3 e4e5 e6e5
S|MPV4_MT500|OUT|info depth 14 seldepth 24 multipv 3 score cp 21 nodes 562357 nps 2434445 hashfull 25 tbhits 0 time 231 pv c3c4 b7c7 h2e2 c9e7 h0g2 c6c5 i0h0 c5c4 b0a2 i9i8 a0b0 i8d8 h0h4 d8d6 d0e1 g6g5 b2d2 b9a7 g3g4 g5g4 h4g4
S|MPV4_MT500|OUT|info depth 14 seldepth 31 multipv 4 score cp 18 nodes 562357 nps 2423952 hashfull 25 tbhits 0 time 232 pv g3g4 h7g7 b2e2 g9e7 b0c2 g6g5 h2g2 g5g4 a0b0 h9f8 b0b4 g4g3 g2g7 b7g7 h0i2 g3g2 b4g4 i9g9 g4g2 b9c7 c3c4
S|MPV4_MT500|OUT|info depth 15 seldepth 30 multipv 1 score cp 25 nodes 926050 nps 2320927 hashfull 54 tbhits 0 time 399 pv h2e2 h9g7 h0g2 g6g5 i0h0 i9h9 h0h6 b9c7 b0c2 c6c5 a0a1 d9e8 a1d1 c9e7
S|MPV4_MT500|OUT|info depth 15 seldepth 32 multipv 2 score cp 22 nodes 926050 nps 2320927 hashfull 54 tbhits 0 time 399 pv b2e2 b9c7 b0c2 a9b9 a0b0 c6c5 b0b6 g6g5 h0i2 h9g7 h2f2 b7b8 i0h0 i9i7 h0h6 b8h8 b6b9 h8h6 b9b4 i7i8 g3g4 i8f8 g4g5
S|MPV4_MT500|OUT|info depth 15 seldepth 26 multipv 3 score cp 21 nodes 926050 nps 2320927 hashfull 54 tbhits 0 time 399 pv g3g4 h7g7 b2e2 g9e7 b0c2 g6g5 g0i2 g5g4 a0b0 a9a8 e2e6 f9e8 i2g4 h9f8 e6e4 a8d8 h2g2 b9a7 b0b5 d8d6 g2g7 b7g7
S|MPV4_MT500|OUT|info depth 15 seldepth 33 multipv 4 score cp 20 nodes 926050 nps 2320927 hashfull 54 tbhits 0 time 399 pv c3c4 b7c7 h2e2 c9e7 d0e1 g6g5 b2d2 h9g7 h0g2 i9h9 i0h0 h7h3 b0c2 c6c5 c4c5 c7c2 e2c2 h3e3 c0e2 h9h0 g2h0 b9d8
S|MPV4_MT500|OUT|info depth 17 seldepth 35 multipv 1 score cp 25 nodes 1162895 nps 2325790 hashfull 70 tbhits 0 time 500 pv h2e2 h9g7 h0g2 g6g5 i0h0 i9h9 h0h6 b9c7 b0c2 c6c5 a0a1 d9e8 a1d1 g7f5 e3e4 g5g4 h6f6 f5g3 g2e3 g3e2 b2e2 h7g7 g0i2 g4f4 f6f4 c9e7 e4e5 e6e5 d1b1 b7b5 c3c4 a9d9
S|MPV4_MT500|OUT|info depth 17 seldepth 19 multipv 2 score cp 22 nodes 1162895 nps 2325790 hashfull 70 tbhits 0 time 500 pv b2e2 b9c7 b0c2 a9b9 a0b0 c6c5 b0b6 g6g5 h0i2 h9g7 h2f2 b7b8 i0h0 i9i7 h0h6 b8h8 b6b9
S|MPV4_MT500|OUT|info depth 17 seldepth 25 multipv 3 score cp 19 nodes 1162895 nps 2325790 hashfull 70 tbhits 0 time 500 pv c3c4 b7c7 h2e2 c9e7 c0a2 g6g5 h0g2 h9g7 i0h0 i9h9 b2d2 h7h3 b0c2 d9e8 a0b0 h3e3 d0e1 h9h0 g2h0 c6c5 c2d4 c5c4 a2c4 b9a7
S|MPV4_MT500|OUT|info depth 17 seldepth 24 multipv 4 score cp 16 upperbound nodes 1162895 nps 2325790 hashfull 70 tbhits 0 time 500 pv g3g4 h7g7
S|MPV4_MT500|OUT|bestmove h2e2 ponder h9g7
S|MPV4_MT500|END|lines=69
S|MPV4_NODES200|CMD|setoption name MultiPV value 4
S|MPV4_NODES200|CMD|position fen rnbakabnr/9/1c5c1/p1p1p1p1p/9/9/P1P1P1P1P/1C5C1/9/RNBAKABNR w - - 0 1
S|MPV4_NODES200|CMD|go nodes 200
S|MPV4_NODES200|OUT|info string Available processors: 0-15
S|MPV4_NODES200|OUT|info string Using 4 threads
S|MPV4_NODES200|OUT|info string NNUE evaluation using pikafish.nnue (64MiB, (62083, 1024, 32, 32, 1))
S|MPV4_NODES200|OUT|info string Network replica 1: Local memory. Shared memory not supported by the OS. Local allocation fallback.
S|MPV4_NODES200|OUT|info depth 1 seldepth 5 multipv 1 score cp 25 nodes 705 nps 705000 hashfull 0 tbhits 0 time 1 pv h2e2
S|MPV4_NODES200|OUT|info depth 1 seldepth 3 multipv 2 score cp 22 nodes 705 nps 705000 hashfull 0 tbhits 0 time 1 pv b2e2
S|MPV4_NODES200|OUT|info depth 1 seldepth 3 multipv 3 score cp 19 nodes 705 nps 705000 hashfull 0 tbhits 0 time 1 pv c3c4
S|MPV4_NODES200|OUT|info depth 1 seldepth 3 multipv 4 score cp 18 nodes 705 nps 705000 hashfull 0 tbhits 0 time 1 pv g3g4
S|MPV4_NODES200|OUT|info depth 2 seldepth 5 multipv 1 score cp 25 nodes 2268 nps 2268000 hashfull 0 tbhits 0 time 1 pv h2e2 h9g7 h0g2
S|MPV4_NODES200|OUT|info depth 2 seldepth 3 multipv 2 score cp 20 nodes 2268 nps 1134000 hashfull 0 tbhits 0 time 2 pv b2e2
S|MPV4_NODES200|OUT|info depth 2 seldepth 3 multipv 3 score cp 19 nodes 2268 nps 1134000 hashfull 0 tbhits 0 time 2 pv g3g4
S|MPV4_NODES200|OUT|info depth 2 seldepth 3 multipv 4 score cp 17 nodes 2268 nps 1134000 hashfull 0 tbhits 0 time 2 pv c3c4
S|MPV4_NODES200|OUT|info depth 3 seldepth 5 multipv 1 score cp 25 nodes 4327 nps 2163500 hashfull 0 tbhits 0 time 2 pv h2e2 h9g7 h0g2 g6g5
S|MPV4_NODES200|OUT|info depth 3 seldepth 5 multipv 2 score cp 20 nodes 4327 nps 2163500 hashfull 0 tbhits 0 time 2 pv b2e2 b9c7 b0c2 a9b9
S|MPV4_NODES200|OUT|info depth 3 seldepth 7 multipv 3 score cp 19 nodes 4327 nps 2163500 hashfull 0 tbhits 0 time 2 pv c3c4 b7c7 h2e2 g9e7
S|MPV4_NODES200|OUT|info depth 3 seldepth 7 multipv 4 score cp 16 nodes 4327 nps 2163500 hashfull 0 tbhits 0 time 2 pv g3g4 h7g7 b2e2 g9e7
S|MPV4_NODES200|OUT|info depth 4 seldepth 7 multipv 1 score cp 26 nodes 6411 nps 2137000 hashfull 0 tbhits 0 time 3 pv b2e2
S|MPV4_NODES200|OUT|info depth 4 seldepth 5 multipv 2 score cp 25 nodes 6411 nps 2137000 hashfull 0 tbhits 0 time 3 pv h2e2 h9g7 h0g2 g6g5
S|MPV4_NODES200|OUT|info depth 4 seldepth 16 multipv 3 score cp 19 nodes 6411 nps 2137000 hashfull 0 tbhits 0 time 3 pv c3c4 b7c7 h2e2 c9e7 h0g2
S|MPV4_NODES200|OUT|info depth 4 seldepth 7 multipv 4 score cp 15 nodes 6411 nps 2137000 hashfull 0 tbhits 0 time 3 pv g3g4 h7g7 b2e2 g9e7 h0i2
S|MPV4_NODES200|OUT|info depth 6 seldepth 11 multipv 1 score cp 25 nodes 7683 nps 2561000 hashfull 0 tbhits 0 time 3 pv h2e2 h9g7 h0g2 g6g5 i0h0 i9h9 h0h6 b9c7 b0c2 c6c5
S|MPV4_NODES200|OUT|info depth 6 seldepth 10 multipv 2 score cp 22 nodes 7683 nps 2561000 hashfull 0 tbhits 0 time 3 pv b2e2 b9c7 b0c2 a9b9
S|MPV4_NODES200|OUT|info depth 5 seldepth 7 multipv 3 score cp 22 nodes 7683 nps 2561000 hashfull 0 tbhits 0 time 3 pv c3c4 b7c7 h2e2 c9e7 h0g2
S|MPV4_NODES200|OUT|info depth 5 seldepth 7 multipv 4 score cp 15 nodes 7683 nps 2561000 hashfull 0 tbhits 0 time 3 pv g3g4 h7g7 b2e2 g9e7 h0i2
S|MPV4_NODES200|OUT|bestmove h2e2 ponder h9g7
S|MPV4_NODES200|TIMEOUT
S|MPV4_NODES200|END|lines=25
S|MPV4_NODES2000|CMD|setoption name MultiPV value 4
S|MPV4_NODES2000|CMD|position fen rnbakabnr/9/1c5c1/p1p1p1p1p/9/9/P1P1P1P1P/1C5C1/9/RNBAKABNR w - - 0 1
S|MPV4_NODES2000|CMD|go nodes 2000
S|MPV4_NODES2000|OUT|info string Available processors: 0-15
S|MPV4_NODES2000|OUT|info string Using 4 threads
S|MPV4_NODES2000|OUT|info string NNUE evaluation using pikafish.nnue (64MiB, (62083, 1024, 32, 32, 1))
S|MPV4_NODES2000|OUT|info string Network replica 1: Local memory. Shared memory not supported by the OS. Local allocation fallback.
S|MPV4_NODES2000|OUT|info depth 1 seldepth 10 multipv 1 score cp 24 nodes 785 nps 785000 hashfull 0 tbhits 0 time 1 pv h2e2
S|MPV4_NODES2000|OUT|info depth 1 seldepth 3 multipv 2 score cp 22 nodes 785 nps 785000 hashfull 0 tbhits 0 time 1 pv b2e2
S|MPV4_NODES2000|OUT|info depth 1 seldepth 3 multipv 3 score cp 19 nodes 785 nps 785000 hashfull 0 tbhits 0 time 1 pv c3c4
S|MPV4_NODES2000|OUT|info depth 1 seldepth 3 multipv 4 score cp 19 nodes 785 nps 785000 hashfull 0 tbhits 0 time 1 pv g3g4
S|MPV4_NODES2000|OUT|info depth 3 seldepth 5 multipv 1 score cp 25 nodes 2110 nps 2110000 hashfull 0 tbhits 0 time 1 pv h2e2 h9g7 h0g2
S|MPV4_NODES2000|OUT|info depth 3 seldepth 7 multipv 3 score cp 21 nodes 2110 nps 2110000 hashfull 0 tbhits 0 time 1 pv c3c4 b7c7 h2e2 g9e7
S|MPV4_NODES2000|OUT|info depth 3 seldepth 7 multipv 2 score cp 22 nodes 2110 nps 2110000 hashfull 0 tbhits 0 time 1 pv b2e2 b9c7 b0c2 c6c5
S|MPV4_NODES2000|OUT|info depth 2 seldepth 3 multipv 4 score cp 19 nodes 2110 nps 2110000 hashfull 0 tbhits 0 time 1 pv g3g4
S|MPV4_NODES2000|OUT|bestmove h2e2 ponder h9g7
S|MPV4_NODES2000|TIMEOUT
S|MPV4_NODES2000|END|lines=13
S|MPV4_MIDGAME_MT150|CMD|setoption name MultiPV value 4
S|MPV4_MIDGAME_MT150|CMD|position fen 1Rbaka1nr/9/c1n1b2c1/p1p1p3p/6p2/9/P1P1P1P1P/2N1C2CN/9/2BAKAB1R b - - 0 1
S|MPV4_MIDGAME_MT150|CMD|go movetime 150
S|MPV4_MIDGAME_MT150|OUT|info string Available processors: 0-15
S|MPV4_MIDGAME_MT150|OUT|info string Using 4 threads
S|MPV4_MIDGAME_MT150|OUT|info string NNUE evaluation using pikafish.nnue (64MiB, (62083, 1024, 32, 32, 1))
S|MPV4_MIDGAME_MT150|OUT|info string Network replica 1: Local memory. Shared memory not supported by the OS. Local allocation fallback.
S|MPV4_MIDGAME_MT150|OUT|info depth 1 seldepth 7 multipv 1 score cp -31 nodes 1470 nps 1470000 hashfull 0 tbhits 0 time 1 pv c7b9
S|MPV4_MIDGAME_MT150|OUT|info depth 1 seldepth 5 multipv 2 score cp -579 nodes 1470 nps 735000 hashfull 0 tbhits 0 time 2 pv d9e8
S|MPV4_MIDGAME_MT150|OUT|info depth 1 seldepth 4 multipv 3 score cp -581 nodes 1470 nps 735000 hashfull 0 tbhits 0 time 2 pv c6c5 h2h9 i9h9
S|MPV4_MIDGAME_MT150|OUT|info depth 1 seldepth 4 multipv 4 score cp -589 nodes 1470 nps 735000 hashfull 0 tbhits 0 time 2 pv f9e8
S|MPV4_MIDGAME_MT150|OUT|info depth 2 seldepth 7 multipv 1 score cp -31 nodes 3826 nps 1913000 hashfull 0 tbhits 0 time 2 pv c7b9
S|MPV4_MIDGAME_MT150|OUT|info depth 2 seldepth 4 multipv 2 score cp -580 nodes 3826 nps 1913000 hashfull 0 tbhits 0 time 2 pv d9e8
S|MPV4_MIDGAME_MT150|OUT|info depth 2 seldepth 4 multipv 3 score cp -581 nodes 3826 nps 1913000 hashfull 0 tbhits 0 time 2 pv c6c5 h2h9 i9h9
S|MPV4_MIDGAME_MT150|OUT|info depth 2 seldepth 4 multipv 4 score cp -594 nodes 3826 nps 1913000 hashfull 0 tbhits 0 time 2 pv i6i5
S|MPV4_MIDGAME_MT150|OUT|info depth 3 seldepth 3 multipv 1 score cp -42 nodes 7093 nps 2364333 hashfull 0 tbhits 0 time 3 pv c7b9 h2g2
S|MPV4_MIDGAME_MT150|OUT|info depth 3 seldepth 4 multipv 2 score cp -592 nodes 7093 nps 2364333 hashfull 0 tbhits 0 time 3 pv c6c5
S|MPV4_MIDGAME_MT150|OUT|info depth 3 seldepth 6 multipv 3 score cp -616 nodes 7093 nps 2364333 hashfull 0 tbhits 0 time 3 pv h7h5
S|MPV4_MIDGAME_MT150|OUT|info depth 3 seldepth 7 multipv 4 score cp -620 nodes 7093 nps 1773250 hashfull 0 tbhits 0 time 4 pv h7f7
S|MPV4_MIDGAME_MT150|OUT|info depth 4 seldepth 6 multipv 1 score cp -35 nodes 9233 nps 2308250 hashfull 0 tbhits 0 time 4 pv c7b9 h2g2 h9g7 i0h0
S|MPV4_MIDGAME_MT150|OUT|info depth 4 seldepth 4 multipv 2 score cp -598 nodes 9233 nps 2308250 hashfull 0 tbhits 0 time 4 pv c6c5
S|MPV4_MIDGAME_MT150|OUT|info depth 4 seldepth 4 multipv 3 score cp -603 nodes 9233 nps 2308250 hashfull 0 tbhits 0 time 4 pv d9e8
S|MPV4_MIDGAME_MT150|OUT|info depth 4 seldepth 2 multipv 4 score cp -617 nodes 9233 nps 2308250 hashfull 0 tbhits 0 time 4 pv h9g7
S|MPV4_MIDGAME_MT150|OUT|info depth 5 seldepth 5 multipv 1 score cp -32 nodes 10460 nps 2615000 hashfull 0 tbhits 0 time 4 pv c7b9 h2g2 h9g7
S|MPV4_MIDGAME_MT150|OUT|info depth 5 seldepth 4 multipv 2 score cp -599 nodes 10460 nps 2092000 hashfull 0 tbhits 0 time 5 pv c6c5
S|MPV4_MIDGAME_MT150|OUT|info depth 5 seldepth 4 multipv 3 score cp -605 nodes 10460 nps 2092000 hashfull 0 tbhits 0 time 5 pv d9e8
S|MPV4_MIDGAME_MT150|OUT|info depth 5 seldepth 4 multipv 4 score cp -615 nodes 10460 nps 2092000 hashfull 0 tbhits 0 time 5 pv f9e8
S|MPV4_MIDGAME_MT150|OUT|info depth 6 seldepth 11 multipv 1 score cp -31 nodes 12705 nps 2541000 hashfull 0 tbhits 0 time 5 pv c7b9 h2g2 c6c5
S|MPV4_MIDGAME_MT150|OUT|info depth 6 seldepth 6 multipv 2 score cp -617 nodes 12705 nps 2117500 hashfull 0 tbhits 0 time 6 pv h7i7 b9b4 c6c5
S|MPV4_MIDGAME_MT150|OUT|info depth 6 seldepth 6 multipv 3 score cp -618 nodes 12705 nps 2117500 hashfull 0 tbhits 0 time 6 pv h9f8 b9b8 f8d7
S|MPV4_MIDGAME_MT150|OUT|info depth 6 seldepth 5 multipv 4 score cp -619 nodes 12705 nps 2117500 hashfull 0 tbhits 0 time 6 pv h9g7 b9b4
S|MPV4_MIDGAME_MT150|OUT|info depth 7 seldepth 11 multipv 1 score cp -30 nodes 16428 nps 2346857 hashfull 0 tbhits 0 time 7 pv c7b9 h2g2 h9g7 i0h0 i9h9 h0h6
S|MPV4_MIDGAME_MT150|OUT|info depth 7 seldepth 7 multipv 2 score cp -609 nodes 16428 nps 2346857 hashfull 0 tbhits 0 time 7 pv c6c5 b9b4 h9f8 c3c4 c5c4
S|MPV4_MIDGAME_MT150|OUT|info depth 7 seldepth 6 multipv 3 score cp -617 nodes 16428 nps 2346857 hashfull 0 tbhits 0 time 7 pv h7i7 b9b4 c6c5 i0h0
S|MPV4_MIDGAME_MT150|OUT|info depth 7 seldepth 6 multipv 4 score cp -627 nodes 16428 nps 2346857 hashfull 0 tbhits 0 time 7 pv d9e8 b9b4 h9g7 i0i1
S|MPV4_MIDGAME_MT150|OUT|info depth 8 seldepth 11 multipv 1 score cp -31 nodes 21840 nps 2426666 hashfull 0 tbhits 0 time 9 pv c7b9 h2g2 c6c5 i0h0 h9f8 h0h6
S|MPV4_MIDGAME_MT150|OUT|info depth 8 seldepth 7 multipv 2 score cp -607 nodes 21840 nps 2426666 hashfull 0 tbhits 0 time 9 pv c6c5 b9b4 h9f8 c3c4 c5c4 b4c4
S|MPV4_MIDGAME_MT150|OUT|info depth 8 seldepth 8 multipv 3 score cp -613 nodes 21840 nps 2426666 hashfull 0 tbhits 0 time 9 pv d9e8
S|MPV4_MIDGAME_MT150|OUT|info depth 8 seldepth 6 multipv 4 score cp -617 nodes 21840 nps 2426666 hashfull 0 tbhits 0 time 9 pv h9g7
S|MPV4_MIDGAME_MT150|OUT|info depth 9 seldepth 14 multipv 1 score cp -30 nodes 26840 nps 2440000 hashfull 0 tbhits 0 time 11 pv c7b9 h2g2 c6c5 i0h0 h9f8 h0h4 b9c7 c3c4 c5c4 h4c4 a7a8
S|MPV4_MIDGAME_MT150|OUT|info depth 9 seldepth 10 multipv 2 score cp -609 nodes 26840 nps 2236666 hashfull 0 tbhits 0 time 12 pv h9g7
S|MPV4_MIDGAME_MT150|OUT|info depth 9 seldepth 13 multipv 3 score cp -609 nodes 26840 nps 2236666 hashfull 0 tbhits 0 time 12 pv c6c5 b9b4 h9f8 c3c4 c5c4
S|MPV4_MIDGAME_MT150|OUT|info depth 9 seldepth 9 multipv 4 score cp -620 nodes 26840 nps 2236666 hashfull 0 tbhits 0 time 12 pv h7i7 b9b4 c6c5 i0h0 h9f8 c3c4 c5c4
S|MPV4_MIDGAME_MT150|OUT|info depth 10 seldepth 11 multipv 1 score cp -30 nodes 37468 nps 2081555 hashfull 0 tbhits 0 time 18 pv c7b9 h2g2 c6c5 i0h0 h9f8 h0h4 b9c7 c3c4 c5c4 h4c4
S|MPV4_MIDGAME_MT150|OUT|info depth 10 seldepth 12 multipv 2 score cp -609 nodes 37468 nps 2081555 hashfull 0 tbhits 0 time 18 pv c6c5 b9b4 h9f8 c3c4 c5c4 b4c4 a7a8
S|MPV4_MIDGAME_MT150|OUT|info depth 10 seldepth 12 multipv 3 score cp -610 nodes 37468 nps 2081555 hashfull 0 tbhits 0 time 18 pv h7i7 b9b4 i7i3
S|MPV4_MIDGAME_MT150|OUT|info depth 10 seldepth 15 multipv 4 score cp -610 nodes 37468 nps 2081555 hashfull 0 tbhits 0 time 18 pv d9e8 b9b2 c6c5 c0a2 h9g7
S|MPV4_MIDGAME_MT150|OUT|info depth 11 seldepth 17 multipv 1 score cp -31 nodes 75604 nps 2043351 hashfull 3 tbhits 0 time 37 pv c7b9 h2g2 h9g7 i0h0 i9h9 h0h6 h7i7 h6h9 g7h9 e2e6 f9e8
S|MPV4_MIDGAME_MT150|OUT|info depth 11 seldepth 14 multipv 2 score cp -613 nodes 75604 nps 2043351 hashfull 3 tbhits 0 time 37 pv d9e8
S|MPV4_MIDGAME_MT150|OUT|info depth 11 seldepth 9 multipv 3 score cp -613 nodes 75604 nps 2043351 hashfull 3 tbhits 0 time 37 pv h9g7
S|MPV4_MIDGAME_MT150|OUT|info depth 11 seldepth 9 multipv 4 score cp -618 nodes 75604 nps 2043351 hashfull 3 tbhits 0 time 37 pv h7i7 b9b3 c6c5 h2h7 h9g7
S|MPV4_MIDGAME_MT150|OUT|info depth 12 seldepth 20 multipv 1 score cp -29 nodes 96867 nps 2061000 hashfull 4 tbhits 0 time 47 pv c7b9 h2g2 h9g7 i0h0 i9h9 h0h6 h7i7 h6h9 g7h9 e2e6 f9e8 c3c4 b9c7 e6e5
S|MPV4_MIDGAME_MT150|OUT|info depth 12 seldepth 14 multipv 2 score cp -611 nodes 96867 nps 2061000 hashfull 4 tbhits 0 time 47 pv h9g7 b9b4 f9e8 g3g4 i9f9 g4g5
S|MPV4_MIDGAME_MT150|OUT|info depth 12 seldepth 17 multipv 3 score cp -619 nodes 96867 nps 2061000 hashfull 4 tbhits 0 time 47 pv f9e8
S|MPV4_MIDGAME_MT150|OUT|info depth 12 seldepth 14 multipv 4 score cp -620 nodes 96867 nps 2018062 hashfull 4 tbhits 0 time 48 pv h7f7
S|MPV4_MIDGAME_MT150|OUT|info depth 13 seldepth 23 multipv 1 score cp -22 nodes 148198 nps 1975973 hashfull 9 tbhits 0 time 75 pv c7b9 h2g2 c6c5 e2e6 f9e8 i0h0 h9f8 e6e5 b9c7 i3i4 i9g9 g2g1 c7d5
S|MPV4_MIDGAME_MT150|OUT|info depth 13 seldepth 11 multipv 2 score cp -621 nodes 148198 nps 1975973 hashfull 9 tbhits 0 time 75 pv h7f7 b9b4 c6c5 i3i4 d9e8 i0h0
S|MPV4_MIDGAME_MT150|OUT|info depth 13 seldepth 12 multipv 3 score cp -621 nodes 148198 nps 1949973 hashfull 9 tbhits 0 time 76 pv h9g7 b9b4 c6c5 c3c4 c5c4 b4c4
S|MPV4_MIDGAME_MT150|OUT|info depth 13 seldepth 15 multipv 4 score cp -622 nodes 148198 nps 1949973 hashfull 9 tbhits 0 time 76 pv f9e8 b9b4 h9g7 b4h4 h7i7
S|MPV4_MIDGAME_MT150|OUT|info depth 14 seldepth 19 multipv 1 score cp -25 nodes 194517 nps 1925910 hashfull 12 tbhits 0 time 101 pv c7b9 h2g2 c6c5 e2e6 f9e8 i0h0 h9f8 e6e4 b9c7 g2g5 i9g9 h0h5 c7e6 g5d5 e6d4
S|MPV4_MIDGAME_MT150|OUT|info depth 14 seldepth 12 multipv 2 score cp -608 nodes 194517 nps 1925910 hashfull 12 tbhits 0 time 101 pv c6c5 b9b4 h9g7 h2f2 c7d5 c3c4 c5c4 b4c4
S|MPV4_MIDGAME_MT150|OUT|info depth 14 seldepth 15 multipv 3 score cp -613 nodes 194517 nps 1925910 hashfull 12 tbhits 0 time 101 pv f9e8 b9b4 c6c5 h2h9 i9h9 i0h0
S|MPV4_MIDGAME_MT150|OUT|info depth 14 seldepth 12 multipv 4 score cp -614 nodes 194517 nps 1925910 hashfull 12 tbhits 0 time 101 pv h9g7 b9b4 c6c5 h2f2 f9e8
S|MPV4_MIDGAME_MT150|OUT|info depth 15 seldepth 25 multipv 1 score cp -28 nodes 232071 nps 1917942 hashfull 15 tbhits 0 time 121 pv c7b9 h2g2 c6c5 e2e6 f9e8 e6e5 b9c7 i0h0 h9f8 i3i4 i9g9 h0h4 g9g6 g2f2 c7d5 h4d4 d5c7 c3c4 c5c4 d4c4 a7a8
S|MPV4_MIDGAME_MT150|OUT|info depth 15 seldepth 16 multipv 2 score cp -608 nodes 232071 nps 1917942 hashfull 15 tbhits 0 time 121 pv c6c5 h2h9 i9h9 b9b8 f9e8 b8b4 h7h2 i0h0 a7a8 e3e4 a8c8
S|MPV4_MIDGAME_MT150|OUT|info depth 15 seldepth 16 multipv 3 score cp -608 nodes 232071 nps 1917942 hashfull 15 tbhits 0 time 121 pv f9e8 b9b7 c6c5 h2h9 i9h9 b7b4 h7h2 i0h0 a7a8 e3e4
S|MPV4_MIDGAME_MT150|OUT|info depth 15 seldepth 19 multipv 4 score cp -608 nodes 232071 nps 1917942 hashfull 15 tbhits 0 time 121 pv h9g7 b9b4 c6c5 h2f2 g7h5 c3c4 c5c4 b4c4 f9e8 d0e1
S|MPV4_MIDGAME_MT150|OUT|info depth 16 seldepth 25 multipv 1 score cp -28 nodes 284576 nps 1897173 hashfull 17 tbhits 0 time 150 pv c7b9 h2g2 c6c5 e2e6 f9e8 e6e5 b9c7 i0h0 h9f8 i3i4 i9g9 h0h4 g9g6 g2f2 c7d5 h4d4 d5c7 c3c4 c5c4 d4c4 a7a8
S|MPV4_MIDGAME_MT150|OUT|info depth 16 seldepth 16 multipv 2 score cp -608 nodes 284576 nps 1897173 hashfull 17 tbhits 0 time 150 pv c6c5 h2h9 i9h9 b9b8 f9e8 b8b4 h7h2 i0h0 a7a8 e3e4 a8c8
S|MPV4_MIDGAME_MT150|OUT|info depth 16 seldepth 16 multipv 3 score cp -608 nodes 284576 nps 1897173 hashfull 17 tbhits 0 time 150 pv f9e8 b9b7 c6c5 h2h9 i9h9 b7b4 h7h2 i0h0 a7a8 e3e4
S|MPV4_MIDGAME_MT150|OUT|info depth 16 seldepth 19 multipv 4 score cp -608 nodes 284576 nps 1897173 hashfull 17 tbhits 0 time 150 pv h9g7 b9b4 c6c5 h2f2 g7h5 c3c4 c5c4 b4c4 f9e8 d0e1
S|MPV4_MIDGAME_MT150|OUT|bestmove c7b9 ponder h2g2
S|MPV4_MIDGAME_MT150|TIMEOUT
S|MPV4_MIDGAME_MT150|END|lines=69
S|MPV4_MIDGAME_MT500|CMD|setoption name MultiPV value 4
S|MPV4_MIDGAME_MT500|CMD|position fen 1Rbaka1nr/9/c1n1b2c1/p1p1p3p/6p2/9/P1P1P1P1P/2N1C2CN/9/2BAKAB1R b - - 0 1
S|MPV4_MIDGAME_MT500|CMD|go movetime 500
S|MPV4_MIDGAME_MT500|OUT|info string Available processors: 0-15
S|MPV4_MIDGAME_MT500|OUT|info string Using 4 threads
S|MPV4_MIDGAME_MT500|OUT|info string NNUE evaluation using pikafish.nnue (64MiB, (62083, 1024, 32, 32, 1))
S|MPV4_MIDGAME_MT500|OUT|info string Network replica 1: Local memory. Shared memory not supported by the OS. Local allocation fallback.
S|MPV4_MIDGAME_MT500|OUT|info depth 1 seldepth 7 multipv 1 score cp -25 nodes 1217 nps 1217000 hashfull 0 tbhits 0 time 1 pv c7b9
S|MPV4_MIDGAME_MT500|OUT|info depth 1 seldepth 4 multipv 2 score cp -609 nodes 1217 nps 1217000 hashfull 0 tbhits 0 time 1 pv h9g7
S|MPV4_MIDGAME_MT500|OUT|info depth 1 seldepth 4 multipv 3 score cp -612 nodes 1217 nps 1217000 hashfull 0 tbhits 0 time 1 pv c6c5
S|MPV4_MIDGAME_MT500|OUT|info depth 1 seldepth 4 multipv 4 score cp -613 nodes 1217 nps 1217000 hashfull 0 tbhits 0 time 1 pv d9e8
S|MPV4_MIDGAME_MT500|OUT|info depth 2 seldepth 7 multipv 1 score cp -26 nodes 4221 nps 4221000 hashfull 0 tbhits 0 time 1 pv c7b9 h2g2 c6c5
S|MPV4_MIDGAME_MT500|OUT|info depth 2 seldepth 2 multipv 2 score cp -608 nodes 4221 nps 4221000 hashfull 0 tbhits 0 time 1 pv h9g7
S|MPV4_MIDGAME_MT500|OUT|info depth 2 seldepth 4 multipv 3 score cp -613 nodes 4221 nps 4221000 hashfull 0 tbhits 0 time 1 pv d9e8
S|MPV4_MIDGAME_MT500|OUT|info depth 2 seldepth 4 multipv 4 score cp -613 nodes 4221 nps 4221000 hashfull 0 tbhits 0 time 1 pv c6c5
S|MPV4_MIDGAME_MT500|OUT|info depth 3 seldepth 7 multipv 1 score cp -27 nodes 7040 nps 3520000 hashfull 0 tbhits 0 time 2 pv c7b9 h2g2 c6c5
S|MPV4_MIDGAME_MT500|OUT|info depth 3 seldepth 5 multipv 2 score cp -613 nodes 7040 nps 3520000 hashfull 0 tbhits 0 time 2 pv h9g7 b9b4 c6c5
S|MPV4_MIDGAME_MT500|OUT|info depth 3 seldepth 8 multipv 3 score cp -614 nodes 7040 nps 3520000 hashfull 0 tbhits 0 time 2 pv c6c5
S|MPV4_MIDGAME_MT500|OUT|info depth 3 seldepth 6 multipv 4 score cp -615 nodes 7040 nps 3520000 hashfull 0 tbhits 0 time 2 pv f9e8 b9b4 h9g7
S|MPV4_MIDGAME_MT500|OUT|info depth 4 seldepth 8 multipv 1 score cp -24 nodes 9160 nps 4580000 hashfull 0 tbhits 0 time 2 pv c7b9 h2g2 c6c5 i0h0
S|MPV4_MIDGAME_MT500|OUT|info depth 4 seldepth 4 multipv 2 score cp -613 nodes 9160 nps 4580000 hashfull 0 tbhits 0 time 2 pv d9e8
S|MPV4_MIDGAME_MT500|OUT|info depth 4 seldepth 4 multipv 3 score cp -614 nodes 9160 nps 3053333 hashfull 0 tbhits 0 time 3 pv h9g7 b9b4
S|MPV4_MIDGAME_MT500|OUT|info depth 4 seldepth 4 multipv 4 score cp -614 nodes 9160 nps 3053333 hashfull 0 tbhits 0 time 3 pv f9e8
S|MPV4_MIDGAME_MT500|OUT|info depth 5 seldepth 7 multipv 1 score cp -23 nodes 10974 nps 3658000 hashfull 0 tbhits 0 time 3 pv c7b9 h2g2 c6c5 i0h0
S|MPV4_MIDGAME_MT500|OUT|info depth 5 seldepth 4 multipv 2 score cp -608 nodes 10974 nps 3658000 hashfull 0 tbhits 0 time 3 pv h9g7
S|MPV4_MIDGAME_MT500|OUT|info depth 5 seldepth 4 multipv 3 score cp -613 nodes 10974 nps 3658000 hashfull 0 tbhits 0 time 3 pv d9e8
S|MPV4_MIDGAME_MT500|OUT|info depth 5 seldepth 4 multipv 4 score cp -615 nodes 10974 nps 3658000 hashfull 0 tbhits 0 time 3 pv h9f8
S|MPV4_MIDGAME_MT500|OUT|info depth 6 seldepth 7 multipv 1 score cp -28 nodes 12645 nps 3161250 hashfull 0 tbhits 0 time 4 pv c7b9 h2g2 h9g7
S|MPV4_MIDGAME_MT500|OUT|info depth 6 seldepth 5 multipv 2 score cp -611 nodes 12645 nps 3161250 hashfull 0 tbhits 0 time 4 pv f9e8
S|MPV4_MIDGAME_MT500|OUT|info depth 6 seldepth 6 multipv 3 score cp -614 nodes 12645 nps 3161250 hashfull 0 tbhits 0 time 4 pv h9g7 b9b4
S|MPV4_MIDGAME_MT500|OUT|info depth 6 seldepth 4 multipv 4 score cp -622 nodes 12645 nps 3161250 hashfull 0 tbhits 0 time 4 pv d9e8 b9b4
S|MPV4_MIDGAME_MT500|OUT|info depth 7 seldepth 11 multipv 1 score cp -31 nodes 15593 nps 3118600 hashfull 0 tbhits 0 time 5 pv c7b9 h2g2 c6c5 e2e6 f9e8 i0h0
S|MPV4_MIDGAME_MT500|OUT|info depth 7 seldepth 6 multipv 2 score cp -609 nodes 15593 nps 3118600 hashfull 0 tbhits 0 time 5 pv f9e8 b9b4 c6c5 h2f2
S|MPV4_MIDGAME_MT500|OUT|info depth 7 seldepth 6 multipv 3 score cp -621 nodes 15593 nps 3118600 hashfull 0 tbhits 0 time 5 pv d9e8 b9b4 c6c5 h2h9 i9h9
S|MPV4_MIDGAME_MT500|OUT|info depth 7 seldepth 4 multipv 4 score cp -621 nodes 15593 nps 3118600 hashfull 0 tbhits 0 time 5 pv h9g7 b9b4 c6c5
S|MPV4_MIDGAME_MT500|OUT|info depth 8 seldepth 10 multipv 1 score cp -26 nodes 18444 nps 3074000 hashfull 0 tbhits 0 time 6 pv c7b9 h2g2 c6c5 e2e6 f9e8 i0h0 h9f8
S|MPV4_MIDGAME_MT500|OUT|info depth 8 seldepth 6 multipv 2 score cp -607 nodes 18444 nps 3074000 hashfull 0 tbhits 0 time 6 pv h9g7
S|MPV4_MIDGAME_MT500|OUT|info depth 8 seldepth 8 multipv 3 score cp -614 nodes 18444 nps 3074000 hashfull 0 tbhits 0 time 6 pv h9f8
S|MPV4_MIDGAME_MT500|OUT|info depth 8 seldepth 8 multipv 4 score cp -615 nodes 18444 nps 3074000 hashfull 0 tbhits 0 time 6 pv c6c5
S|MPV4_MIDGAME_MT500|OUT|info depth 9 seldepth 13 multipv 1 score cp -26 nodes 23182 nps 3311714 hashfull 0 tbhits 0 time 7 pv c7b9 h2g2 c6c5 e2e6 f9e8 i0h0 h9f8 e6b6 f8e6
S|MPV4_MIDGAME_MT500|OUT|info depth 9 seldepth 12 multipv 2 score cp -610 nodes 23182 nps 2897750 hashfull 0 tbhits 0 time 8 pv c6c5 b9b4 h9g7 c3c4
S|MPV4_MIDGAME_MT500|OUT|info depth 9 seldepth 8 multipv 3 score cp -611 nodes 23182 nps 2897750 hashfull 0 tbhits 0 time 8 pv f9e8 b9b4 h9g7 c3c4
S|MPV4_MIDGAME_MT500|OUT|info depth 9 seldepth 13 multipv 4 score cp -613 nodes 23182 nps 2897750 hashfull 0 tbhits 0 time 8 pv h9g7 b9b4 c6c5 h2f2 g7h5
S|MPV4_MIDGAME_MT500|OUT|info depth 10 seldepth 14 multipv 1 score cp -26 nodes 32925 nps 2993181 hashfull 0 tbhits 0 time 11 pv c7b9 h2g2 c6c5 e2e6 f9e8 i0h0 h9f8 e6b6 f8e6 h0h6 e6d4 c0e2
S|MPV4_MIDGAME_MT500|OUT|info depth 10 seldepth 12 multipv 2 score cp -610 nodes 32925 nps 2743750 hashfull 0 tbhits 0 time 12 pv h9g7 b9b4 c6c5 h2f2 f9e8 c3c4 i9f9 d0e1 g7h5 c4c5 e7c5
S|MPV4_MIDGAME_MT500|OUT|info depth 10 seldepth 11 multipv 3 score cp -612 nodes 32925 nps 2743750 hashfull 0 tbhits 0 time 12 pv c6c5 b9b4 h7f7 i0h0 h9g7
S|MPV4_MIDGAME_MT500|OUT|info depth 10 seldepth 10 multipv 4 score cp -614 nodes 32925 nps 2743750 hashfull 0 tbhits 0 time 12 pv f9e8 b9b1
S|MPV4_MIDGAME_MT500|OUT|info depth 11 seldepth 19 multipv 1 score cp -28 nodes 38772 nps 2769428 hashfull 0 tbhits 0 time 14 pv c7b9 h2g2 c6c5 e2e6 f9e8 i0h0 h9f8 e6b6 f8e6 h0h6 e6d4 c0e2
S|MPV4_MIDGAME_MT500|OUT|info depth 11 seldepth 11 multipv 2 score cp -612 nodes 38772 nps 2769428 hashfull 0 tbhits 0 time 14 pv c6c5 b9b4 h9g7
S|MPV4_MIDGAME_MT500|OUT|info depth 11 seldepth 12 multipv 3 score cp -612 nodes 38772 nps 2769428 hashfull 0 tbhits 0 time 14 pv f9e8
S|MPV4_MIDGAME_MT500|OUT|info depth 11 seldepth 13 multipv 4 score cp -613 nodes 38772 nps 2769428 hashfull 0 tbhits 0 time 14 pv h9g7 b9b4 c6c5 c3c4 c5c4 b4c4 g7f5 h2f2
S|MPV4_MIDGAME_MT500|OUT|info depth 12 seldepth 14 multipv 1 score cp -28 nodes 50310 nps 2647894 hashfull 0 tbhits 0 time 19 pv c7b9 h2g2 c6c5 e2e6 f9e8 i0h0 h9f8 e6b6 f8e6 h0h6 e6d4 c0e2 i9f9
S|MPV4_MIDGAME_MT500|OUT|info depth 12 seldepth 14 multipv 2 score cp -610 nodes 50310 nps 2647894 hashfull 0 tbhits 0 time 19 pv h9g7 b9b4 c6c5 c3c4 c5c4 b4c4 g7f5 h2g2 a7a8 c4h4 h7i7
S|MPV4_MIDGAME_MT500|OUT|info depth 12 seldepth 17 multipv 3 score cp -611 nodes 50310 nps 2647894 hashfull 0 tbhits 0 time 19 pv c6c5 h2h9 i9h9 b9b4 h7h2 i0h0 f9e8 i3i4 h9h7
S|MPV4_MIDGAME_MT500|OUT|info depth 12 seldepth 14 multipv 4 score cp -613 nodes 50310 nps 2647894 hashfull 0 tbhits 0 time 19 pv f9e8 b9b4 c6c5 h2f2 h9g7 i0h0 h7i7 c3c4 c5c4 b4c4 c7d5 h0h2 d5b6
S|MPV4_MIDGAME_MT500|OUT|info depth 13 seldepth 23 multipv 1 score cp -27 nodes 82502 nps 2578187 hashfull 2 tbhits 0 time 32 pv c7b9 h2g2 c6c5 e2e6 f9e8 i0h0 h9f8 e6e5 b9c7 d0e1 h7g7 h0h6 i9f9 i3i4 f8e6 h6i6 f9f5 e5e4 e6d4 i2h4 f5f4
S|MPV4_MIDGAME_MT500|OUT|info depth 13 seldepth 14 multipv 2 score cp -610 nodes 82502 nps 2578187 hashfull 2 tbhits 0 time 32 pv h9g7 b9b4 c6c5 c3c4 c5c4 b4c4 g7f5
S|MPV4_MIDGAME_MT500|OUT|info depth 13 seldepth 13 multipv 3 score cp -611 nodes 82502 nps 2578187 hashfull 2 tbhits 0 time 32 pv f9e8 b9b4 c6c5 h2h9 i9h9 i0h0 h7h2 i3i4
S|MPV4_MIDGAME_MT500|OUT|info depth 13 seldepth 17 multipv 4 score cp -612 nodes 82502 nps 2578187 hashfull 2 tbhits 0 time 32 pv c6c5 b9b4 f9e8 h2f2 h9g7 i0h0
S|MPV4_MIDGAME_MT500|OUT|info depth 14 seldepth 17 multipv 1 score cp -27 nodes 93171 nps 2518135 hashfull 2 tbhits 0 time 37 pv c7b9 h2g2 c6c5 e2e6 f9e8 i0h0 h9f8 e6e5 b9c7 d0e1 h7g7 h0h6 i9f9 i3i4 f8e6 h6i6
S|MPV4_MIDGAME_MT500|OUT|info depth 14 seldepth 14 multipv 2 score cp -611 nodes 93171 nps 2518135 hashfull 2 tbhits 0 time 37 pv f9e8 b9b4 c6c5 h2h9 i9h9 i0h0 h7h2 i3i4 h9h7 c2a1 a7a3 c3c4
S|MPV4_MIDGAME_MT500|OUT|info depth 14 seldepth 16 multipv 3 score cp -612 nodes 93171 nps 2518135 hashfull 2 tbhits 0 time 37 pv h9g7 b9b7 g7f5 h2f2 c6c5 i0h0 h7i7 b7b4 f9e8 c3c4 c5c4 b4c4
S|MPV4_MIDGAME_MT500|OUT|info depth 14 seldepth 16 multipv 4 score cp -617 nodes 93171 nps 2518135 hashfull 2 tbhits 0 time 37 pv h9f8 b9b8
S|MPV4_MIDGAME_MT500|OUT|info depth 15 seldepth 20 multipv 1 score cp -27 nodes 203958 nps 2039580 hashfull 10 tbhits 0 time 100 pv c7b9 h2g2 c6c5 e2e6 f9e8 i0h0 h9f8 e6e5 b9c7 d0e1 h7g7 h0h6 i9f9 i3i4 f8e6 h6i6 f9f5 e5e4 e6d4
S|MPV4_MIDGAME_MT500|OUT|info depth 15 seldepth 20 multipv 2 score cp -608 nodes 203958 nps 2039580 hashfull 10 tbhits 0 time 100 pv f9e8 b9b4 h9g7 h2f2 c6c5 i0h0 h7i7 c3c4 c5c4 b4c4 c7d5
S|MPV4_MIDGAME_MT500|OUT|info depth 15 seldepth 17 multipv 3 score cp -613 nodes 203958 nps 2039580 hashfull 10 tbhits 0 time 100 pv c6c5 b9b4 h9g7 c3c4 c5c4 b4c4 g7f5 h2f2 a7a8 c4f4 f5d6 f4h4 h7i7
S|MPV4_MIDGAME_MT500|OUT|info depth 15 seldepth 24 multipv 4 score cp -614 nodes 203958 nps 2039580 hashfull 10 tbhits 0 time 100 pv h9g7 b9b4 c6c5 c3c4 c5c4 b4c4 g7f5 h2g2 h7i7
S|MPV4_MIDGAME_MT500|OUT|info depth 16 seldepth 27 multipv 1 score cp -36 nodes 431235 nps 1925156 hashfull 25 tbhits 0 time 224 pv c7b9 h2g2 h9g7 i0h0 h7i7 c3c4 f9e8 c2d4 i9f9 h0h6 i7i3 g3g4 f9f2 g2g1 g5g4 f0e1 f2f4
S|MPV4_MIDGAME_MT500|OUT|info depth 16 seldepth 20 multipv 2 score cp -610 nodes 431235 nps 1925156 hashfull 25 tbhits 0 time 224 pv c6c5 b9b4 h9g7 h2f2 f9e8 i0h0 h7h5 c3c4 i9f9
S|MPV4_MIDGAME_MT500|OUT|info depth 16 seldepth 17 multipv 3 score cp -611 nodes 431235 nps 1925156 hashfull 25 tbhits 0 time 224 pv h9g7 b9b7 g7f5 h2f2 c6c5 i0h0 h7i7 b7b4 f9e8 c3c4 c5c4 b4c4 c7d5
S|MPV4_MIDGAME_MT500|OUT|info depth 16 seldepth 15 multipv 4 score cp -615 nodes 431235 nps 1925156 hashfull 25 tbhits 0 time 224 pv f9e8 b9b4 h9g7 h2f2 g7h5
S|MPV4_MIDGAME_MT500|OUT|info depth 17 seldepth 29 multipv 1 score cp -38 nodes 596048 nps 1916553 hashfull 39 tbhits 0 time 311 pv c7b9 h2g2 h9g7 i0h0 i9h9 h0h6 h7i7 e2e6 f9e8 h6h9 g7h9 c3c4 b9c7 e6f6 h9f8 e3e4 f8h7
S|MPV4_MIDGAME_MT500|OUT|info depth 17 seldepth 19 multipv 2 score cp -608 nodes 596048 nps 1916553 hashfull 39 tbhits 0 time 311 pv f9e8 b9b4 h9g7 h2f2 g7h5 c3c4 i6i5 f2f8
S|MPV4_MIDGAME_MT500|OUT|info depth 17 seldepth 18 multipv 3 score cp -608 nodes 596048 nps 1916553 hashfull 39 tbhits 0 time 311 pv c6c5 b9b4 h9g7 h2f2 g7h5 c3c4 c5c4 b4c4 f9e8 f2f8 c7d5
S|MPV4_MIDGAME_MT500|OUT|info depth 17 seldepth 18 multipv 4 score cp -609 nodes 596048 nps 1916553 hashfull 39 tbhits 0 time 311 pv h9g7 b9b4 c6c5 h2f2 g7h5 f2f7
S|MPV4_MIDGAME_MT500|OUT|info depth 18 seldepth 30 multipv 1 score cp -31 nodes 719410 nps 1913324 hashfull 50 tbhits 0 time 376 pv c7b9 h2g2 h9g7 i0h0 h7i7 c3c4 f9e8 c2d4 i9f9 h0h6 i7i3 g3g4 g5g4 g2g7 a7g7 h6g6 f9f7 g6g4 i6i5 e2e6 e9f9 e6e5 b9c7
S|MPV4_MIDGAME_MT500|OUT|info depth 18 seldepth 17 multipv 2 score cp -604 nodes 719410 nps 1913324 hashfull 50 tbhits 0 time 376 pv c6c5 b9b4 h9g7 h2f2 g7h5 c3c4 c5c4 b4c4 f9e8 f2f8 c7d5 f8h8 h5g7 i0h0
S|MPV4_MIDGAME_MT500|OUT|info depth 18 seldepth 16 multipv 3 score cp -606 nodes 719410 nps 1913324 hashfull 50 tbhits 0 time 376 pv f9e8 b9b4 h9g7 h2f2 g7h5 f2f8 c6c5 c3c4 c5c4 b4c4 c7d5 f8h8 h5g7 i0h0
S|MPV4_MIDGAME_MT500|OUT|info depth 18 seldepth 19 multipv 4 score cp -606 nodes 719410 nps 1913324 hashfull 50 tbhits 0 time 376 pv h9g7 b9b7 g7f5 h2f2 c6c5 i0h0 h7i7 b7b4 f9e8 c3c4 c5c4 b4c4 c7d5 i3i4 d5e3
S|MPV4_MIDGAME_MT500|OUT|info depth 18 seldepth 31 multipv 1 score cp -31 nodes 950282 nps 1896770 hashfull 62 tbhits 0 time 501 pv c7b9 h2g2 h9g7 i0h0 i9h9 h0h6 h7i7 e2e6 f9e8 h6h9 g7h9 c3c4 b9c7 e6f6 h9f8 e3e4 i7i3 e4e5 i3i5 g2f2 a7a8 f6f5 i5f5 e5f5
S|MPV4_MIDGAME_MT500|OUT|info depth 18 seldepth 8 multipv 2 score cp -545 upperbound nodes 950282 nps 1896770 hashfull 62 tbhits 0 time 501 pv h9g7 b9b7
S|MPV4_MIDGAME_MT500|OUT|info depth 18 seldepth 19 multipv 3 score cp -598 nodes 950282 nps 1896770 hashfull 62 tbhits 0 time 501 pv c6c5 b9b4 h9g7 h2f2 g7h5 i3i4 f9e8 f0e1 i9g9 e3e4 a7a8 e4e5
S|MPV4_MIDGAME_MT500|OUT|info depth 17 seldepth 18 multipv 4 score cp -607 nodes 950282 nps 1896770 hashfull 62 tbhits 0 time 501 pv f9e8 b9b4 h9g7 g3g4 g5g4 b4g4 g7f5 g4f4 f5g7
S|MPV4_MIDGAME_MT500|OUT|bestmove c7b9 ponder h2g2
S|MPV4_MIDGAME_MT500|END|lines=81
S|MPV1_T1_MT150|CMD|setoption name MultiPV value 4
S|MPV1_T1_MT150|CMD|setoption name Threads value 1
S|MPV1_T1_MT150|OUT|info string Using 1 thread
S|MPV1_T1_MT150|CMD|position fen rnbakabnr/9/1c5c1/p1p1p1p1p/9/9/P1P1P1P1P/1C5C1/9/RNBAKABNR w - - 0 1
S|MPV1_T1_MT150|CMD|go movetime 150
S|MPV1_T1_MT150|OUT|info string Available processors: 0-15
S|MPV1_T1_MT150|OUT|info string Using 1 thread
S|MPV1_T1_MT150|OUT|info string NNUE evaluation using pikafish.nnue (64MiB, (62083, 1024, 32, 32, 1))
S|MPV1_T1_MT150|OUT|info string Network replica 1: Local memory. Shared memory not supported by the OS. Local allocation fallback.
S|MPV1_T1_MT150|OUT|info depth 1 seldepth 3 multipv 1 score cp 22 nodes 255 nps 255000 hashfull 0 tbhits 0 time 1 pv b2e2
S|MPV1_T1_MT150|OUT|info depth 1 seldepth 3 multipv 2 score cp 22 nodes 255 nps 255000 hashfull 0 tbhits 0 time 1 pv h2e2
S|MPV1_T1_MT150|OUT|info depth 1 seldepth 3 multipv 3 score cp 12 nodes 255 nps 255000 hashfull 0 tbhits 0 time 1 pv c3c4
S|MPV1_T1_MT150|OUT|info depth 1 seldepth 3 multipv 4 score cp 12 nodes 255 nps 255000 hashfull 0 tbhits 0 time 1 pv g3g4
S|MPV1_T1_MT150|OUT|info depth 2 seldepth 3 multipv 1 score cp 22 nodes 473 nps 473000 hashfull 0 tbhits 0 time 1 pv b2e2
S|MPV1_T1_MT150|OUT|info depth 2 seldepth 3 multipv 2 score cp 22 nodes 473 nps 473000 hashfull 0 tbhits 0 time 1 pv h2e2
S|MPV1_T1_MT150|OUT|info depth 2 seldepth 3 multipv 3 score cp 12 nodes 473 nps 473000 hashfull 0 tbhits 0 time 1 pv c3c4
S|MPV1_T1_MT150|OUT|info depth 2 seldepth 3 multipv 4 score cp 12 nodes 473 nps 473000 hashfull 0 tbhits 0 time 1 pv g3g4
S|MPV1_T1_MT150|OUT|info depth 3 seldepth 4 multipv 1 score cp 119 nodes 875 nps 875000 hashfull 0 tbhits 0 time 1 pv b2e2
S|MPV1_T1_MT150|OUT|info depth 3 seldepth 3 multipv 2 score cp 35 nodes 875 nps 875000 hashfull 0 tbhits 0 time 1 pv h2e2
S|MPV1_T1_MT150|OUT|info depth 3 seldepth 3 multipv 3 score cp 14 nodes 875 nps 875000 hashfull 0 tbhits 0 time 1 pv c3c4
S|MPV1_T1_MT150|OUT|info depth 3 seldepth 3 multipv 4 score cp 14 nodes 875 nps 875000 hashfull 0 tbhits 0 time 1 pv g3g4
S|MPV1_T1_MT150|OUT|info depth 4 seldepth 3 multipv 1 score cp 137 nodes 1316 nps 658000 hashfull 0 tbhits 0 time 2 pv b2e2
S|MPV1_T1_MT150|OUT|info depth 4 seldepth 3 multipv 2 score cp 43 nodes 1316 nps 658000 hashfull 0 tbhits 0 time 2 pv h2e2
S|MPV1_T1_MT150|OUT|info depth 4 seldepth 3 multipv 3 score cp 15 nodes 1316 nps 658000 hashfull 0 tbhits 0 time 2 pv c3c4
S|MPV1_T1_MT150|OUT|info depth 4 seldepth 3 multipv 4 score cp 15 nodes 1316 nps 658000 hashfull 0 tbhits 0 time 2 pv g3g4
S|MPV1_T1_MT150|OUT|info depth 5 seldepth 5 multipv 1 score cp 69 nodes 2733 nps 683250 hashfull 0 tbhits 0 time 4 pv b2e2 c9e7 h0g2
S|MPV1_T1_MT150|OUT|info depth 5 seldepth 5 multipv 2 score cp 55 nodes 2733 nps 683250 hashfull 0 tbhits 0 time 4 pv h2e2 h9g7
S|MPV1_T1_MT150|OUT|info depth 5 seldepth 4 multipv 3 score cp 45 nodes 2733 nps 683250 hashfull 0 tbhits 0 time 4 pv b0c2
S|MPV1_T1_MT150|OUT|info depth 5 seldepth 4 multipv 4 score cp 42 nodes 2733 nps 683250 hashfull 0 tbhits 0 time 4 pv h0g2
S|MPV1_T1_MT150|OUT|info depth 6 seldepth 6 multipv 1 score cp 58 nodes 4197 nps 524625 hashfull 0 tbhits 0 time 8 pv b2e2 h9g7 b0c2 h7i7 h0g2
S|MPV1_T1_MT150|OUT|info depth 6 seldepth 5 multipv 2 score cp 45 nodes 4197 nps 524625 hashfull 0 tbhits 0 time 8 pv h2e2 h9g7 h0g2
S|MPV1_T1_MT150|OUT|info depth 6 seldepth 5 multipv 3 score cp 42 nodes 4197 nps 524625 hashfull 0 tbhits 0 time 8 pv g3g4 h7g7 b2e2
S|MPV1_T1_MT150|OUT|info depth 6 seldepth 4 multipv 4 score cp 42 nodes 4197 nps 524625 hashfull 0 tbhits 0 time 8 pv b0c2 h9g7 h2e2
S|MPV1_T1_MT150|OUT|info depth 7 seldepth 9 multipv 1 score cp 54 nodes 6627 nps 509769 hashfull 0 tbhits 0 time 13 pv b2e2 h9g7 b0c2 h7i7 a0b0
S|MPV1_T1_MT150|OUT|info depth 7 seldepth 8 multipv 2 score cp 43 nodes 6627 nps 509769 hashfull 0 tbhits 0 time 13 pv h2e2 h9g7 h0g2 i9h9 i0h0 g6g5
S|MPV1_T1_MT150|OUT|info depth 7 seldepth 8 multipv 3 score cp 31 nodes 6627 nps 509769 hashfull 0 tbhits 0 time 13 pv b0c2 h9g7 h2e2 g6g5
S|MPV1_T1_MT150|OUT|info depth 7 seldepth 9 multipv 4 score cp 30 nodes 6627 nps 509769 hashfull 0 tbhits 0 time 13 pv h0g2 h9g7 b2e2 g6g5 b0c2 b9c7 e3e4 a9b9
S|MPV1_T1_MT150|OUT|info depth 8 seldepth 11 multipv 1 score cp 38 nodes 14364 nps 478800 hashfull 0 tbhits 0 time 30 pv b2e2 b9c7 b0c2 a9b9 a0b0 g6g5 b0b4
S|MPV1_T1_MT150|OUT|info depth 8 seldepth 15 multipv 2 score cp 28 nodes 14364 nps 478800 hashfull 0 tbhits 0 time 30 pv b0c2 c6c5 h2e2 h9g7 h0g2 i9h9 i0h0
S|MPV1_T1_MT150|OUT|info depth 8 seldepth 14 multipv 3 score cp 28 nodes 14364 nps 478800 hashfull 0 tbhits 0 time 30 pv h2e2 h9g7 g3g4
S|MPV1_T1_MT150|OUT|info depth 8 seldepth 11 multipv 4 score cp 27 nodes 14364 nps 478800 hashfull 0 tbhits 0 time 30 pv h0g2 g6g5 b2e2 b9c7 b0c2 a9b9 a0b0 b7b3
S|MPV1_T1_MT150|OUT|info depth 9 seldepth 14 multipv 1 score cp 31 nodes 26408 nps 471571 hashfull 1 tbhits 0 time 56 pv b2e2 b9c7 b0c2 c6c5 a0b0 a9b9 b0b4 h9g7 g3g4 b7a7 b4b9 c7b9 h0g2
S|MPV1_T1_MT150|OUT|info depth 9 seldepth 17 multipv 2 score cp 27 nodes 26408 nps 471571 hashfull 1 tbhits 0 time 56 pv h2e2 h9g7 h0g2 g6g5 i0h0 i9h9 b0c2
S|MPV1_T1_MT150|OUT|info depth 9 seldepth 14 multipv 3 score cp 26 nodes 26408 nps 471571 hashfull 1 tbhits 0 time 56 pv g3g4 h7e7 h0g2 h9g7 c3c4 i9h9 i0h0 h9h5 b0c2 c6c5 c4c5 h5c5
S|MPV1_T1_MT150|OUT|info depth 9 seldepth 14 multipv 4 score cp 21 nodes 26408 nps 471571 hashfull 1 tbhits 0 time 56 pv c3c4 h7e7 h0g2 h9g7 g3g4 i9h9 i0h0 h9h5 c0e2
S|MPV1_T1_MT150|OUT|info depth 10 seldepth 15 multipv 1 score cp 37 nodes 35538 nps 467605 hashfull 2 tbhits 0 time 76 pv b2e2 b9c7 b0c2 c6c5 a0b0 a9b9 b0b4 h9g7 c3c4 c5c4 b4c4 h7i7 h0g2
S|MPV1_T1_MT150|OUT|info depth 10 seldepth 18 multipv 2 score cp 29 nodes 35538 nps 467605 hashfull 2 tbhits 0 time 76 pv h2e2 h9g7 h0g2 g6g5 i0h0 i9h9 b2d2 h7h3 b0c2 b9c7 a0b0 a9b9 b0b4 c6c5
S|MPV1_T1_MT150|OUT|info depth 10 seldepth 15 multipv 3 score cp 27 nodes 35538 nps 461532 hashfull 2 tbhits 0 time 77 pv c3c4 h7e7 b0c2 h9g7 h0g2 g6g5
S|MPV1_T1_MT150|OUT|info depth 10 seldepth 15 multipv 4 score cp 24 nodes 35538 nps 461532 hashfull 2 tbhits 0 time 77 pv g3g4 h7e7 h0g2 h9g7 i0h0 i9h9 b0c2 h9h5 c3c4 c6c5 c4c5 h5c5
S|MPV1_T1_MT150|OUT|info depth 11 seldepth 11 multipv 1 score cp 27 nodes 54474 nps 461644 hashfull 3 tbhits 0 time 118 pv c3c4 b7c7 b0c2 c6c5 c2d4 c5c4 d4e6
S|MPV1_T1_MT150|OUT|info depth 11 seldepth 22 multipv 2 score cp 25 nodes 54474 nps 461644 hashfull 3 tbhits 0 time 118 pv h2e2 h9g7 h0g2 i9h9 c3c4
S|MPV1_T1_MT150|OUT|info depth 11 seldepth 16 multipv 3 score cp 24 nodes 54474 nps 461644 hashfull 3 tbhits 0 time 118 pv g3g4 c6c5 h0g2 b9c7 b0a2 h7e7 i0h0
S|MPV1_T1_MT150|OUT|info depth 11 seldepth 17 multipv 4 score cp 24 nodes 54474 nps 461644 hashfull 3 tbhits 0 time 118 pv b2e2 b9c7 b0c2 c6c5 a0b0 a9b9 b0b4 h9g7 h0g2 g6g5
S|MPV1_T1_MT150|OUT|info depth 12 seldepth 17 multipv 1 score cp 29 nodes 67423 nps 449486 hashfull 4 tbhits 0 time 150 pv g3g4 b7e7 b0c2 b9c7 a0b0 h7g7 c3c4
S|MPV1_T1_MT150|OUT|info depth 12 seldepth 21 multipv 2 score cp 27 nodes 67423 nps 449486 hashfull 4 tbhits 0 time 150 pv h2e2 h9g7 h0g2 i9h9 i0h0 g6g5 h0h6 b9c7 e3e4 h7h8 b0c2 h8e8 h6g6 c6c5 c2e3 h9h7 c3c4 c7d5 c4c5
S|MPV1_T1_MT150|OUT|info depth 12 seldepth 16 multipv 3 score cp 25 nodes 67423 nps 449486 hashfull 4 tbhits 0 time 150 pv c3c4 b7c7 h2e2 h7e7 h0g2 b9a7 b0a2 a9b9 a0b0 h9g7 i0h0 b9b5 b2c2 b5f5 h0h4
S|MPV1_T1_MT150|OUT|info depth 11 seldepth 17 multipv 4 score cp 24 nodes 67423 nps 449486 hashfull 4 tbhits 0 time 150 pv b2e2 b9c7 b0c2 c6c5 a0b0 a9b9 b0b4 h9g7 h0g2 g6g5
S|MPV1_T1_MT150|OUT|bestmove g3g4 ponder b7e7
S|MPV1_T1_MT150|END|lines=54
S|RESTORE_T4|CMD|setoption name Threads value 4
S|RESTORE_T4|OUT|info string Using 4 threads
S|RESTORE_T4|CMD|setoption name MultiPV value 1
S|RESTORE_T4|END|lines=1
DRV DONE steps=13
DRV: not isolated, registering SW (try 0)
DRV: isolated ok, task=task_mpv.json
DRV: engine ready
S|MPV1_MT1500|CMD|setoption name MultiPV value 1
S|MPV1_MT1500|CMD|position fen rnbakabnr/9/1c5c1/p1p1p1p1p/9/9/P1P1P1P1P/1C5C1/9/RNBAKABNR w - - 0 1
S|MPV1_MT1500|CMD|go movetime 1500
S|MPV1_MT1500|OUT|info string Available processors: 0-15
S|MPV1_MT1500|OUT|info string Using 4 threads
S|MPV1_MT1500|OUT|info string NNUE evaluation using pikafish.nnue (64MiB, (62083, 1024, 32, 32, 1))
S|MPV1_MT1500|OUT|info string Network replica 1: Local memory. Shared memory not supported by the OS. Local allocation fallback.
S|MPV1_MT1500|OUT|info depth 1 seldepth 3 multipv 1 score cp 22 nodes 367 nps 61166 hashfull 0 tbhits 0 time 6 pv b2e2
S|MPV1_MT1500|OUT|info depth 2 seldepth 4 multipv 1 score cp 43 nodes 1511 nps 215857 hashfull 0 tbhits 0 time 7 pv b2e2
S|MPV1_MT1500|OUT|info depth 3 seldepth 3 multipv 1 score cp 40 nodes 1763 nps 251857 hashfull 0 tbhits 0 time 7 pv b2e2
S|MPV1_MT1500|OUT|info depth 4 seldepth 7 multipv 1 score cp 63 nodes 2607 nps 325875 hashfull 0 tbhits 0 time 8 pv h2e2 c9e7
S|MPV1_MT1500|OUT|info depth 5 seldepth 8 multipv 1 score cp 51 nodes 4537 nps 412454 hashfull 0 tbhits 0 time 11 pv h2e2 h9g7 h0g2 i9h9 i0h0 b9c7
S|MPV1_MT1500|OUT|info depth 6 seldepth 9 multipv 1 score cp 40 nodes 8123 nps 624846 hashfull 0 tbhits 0 time 13 pv h2e2 h9g7 h0g2 i9h9 i0h0 b9c7 g3g4
S|MPV1_MT1500|OUT|info depth 7 seldepth 13 multipv 1 score cp 22 nodes 17869 nps 940473 hashfull 0 tbhits 0 time 19 pv g0e2 b9c7 c3c4 b7a7
S|MPV1_MT1500|OUT|info depth 8 seldepth 15 multipv 1 score cp 29 nodes 27013 nps 1125541 hashfull 1 tbhits 0 time 24 pv c3c4 g6g5 b2e2 c9e7 b0c2
S|MPV1_MT1500|OUT|info depth 9 seldepth 13 multipv 1 score cp 26 nodes 29455 nps 1178200 hashfull 1 tbhits 0 time 25 pv h2e2 h9g7 h0g2 i9h9
S|MPV1_MT1500|OUT|info depth 10 seldepth 13 multipv 1 score cp 28 nodes 31099 nps 1196115 hashfull 1 tbhits 0 time 26 pv c3c4 b7e7 h0g2 b9c7 b0c2 g6g5 a0b0 a9b9
S|MPV1_MT1500|OUT|info depth 11 seldepth 18 multipv 1 score cp 39 nodes 88176 nps 1574571 hashfull 6 tbhits 0 time 56 pv b2e2 b9c7 b0c2 c6c5 a0b0 a9b9 b0b6 f9e8 h0g2 h9g7
S|MPV1_MT1500|OUT|info depth 12 seldepth 19 multipv 1 score cp 32 nodes 101626 nps 1639129 hashfull 7 tbhits 0 time 62 pv b2e2 b9c7 b0c2 a9b9 a0b0 c6c5 b0b6 g6g5 h0i2 h9g7 h2g2 g7h5 e2e6 c7e6 b6e6 h7e7
S|MPV1_MT1500|OUT|info depth 13 seldepth 22 multipv 1 score cp 27 nodes 284071 nps 1721642 hashfull 21 tbhits 0 time 165 pv c3c4 g6g5 b2e2 h9g7
S|MPV1_MT1500|OUT|info depth 14 seldepth 20 multipv 1 score cp 26 nodes 335345 nps 1746588 hashfull 25 tbhits 0 time 192 pv h2e2 h9g7 h0g2 i9h9 i0h0 g6g5 b2a2 h7h3 b0c2 b7e7 c3c4
S|MPV1_MT1500|OUT|info depth 15 seldepth 25 multipv 1 score cp 26 nodes 633884 nps 1699420 hashfull 47 tbhits 0 time 373 pv c3c4 g6g5 h2g2 c9e7 h0i2 h9g7 i0h0 i9h9 b0c2 h7h3 c0e2 b7a7 a0b0 b9d8 b2a2
S|MPV1_MT1500|OUT|info depth 16 seldepth 25 multipv 1 score cp 23 nodes 826326 nps 1689828 hashfull 65 tbhits 0 time 489 pv c3c4 g6g5 h2g2 c9e7 h0i2 h9g7 i0h0 i9h9 b0c2 h7h3 c0e2 b9d8 d0e1 b7a7 a0d0
S|MPV1_MT1500|OUT|info depth 17 seldepth 24 multipv 1 score cp 25 nodes 852759 nps 1698723 hashfull 66 tbhits 0 time 502 pv c3c4 g6g5 h2g2 c9e7 h0i2 h9g7 i0h0 i9h9 c0e2 h7h3 b0c2 b9d8 d0e1 b7a7 c2b4 a9c9 a0d0 d8f7 d0d5 h3e3 h0h9 g7h9
S|MPV1_MT1500|OUT|info depth 18 seldepth 25 multipv 1 score cp 26 nodes 1013950 nps 1687104 hashfull 78 tbhits 0 time 601 pv c3c4 g6g5 h2g2 c9e7 h0i2 h9g7 i0h0 i9h9 h0h4 b9d8 c0e2 h7i7 h4f4 b7d7 b0c2 a9b9 a0b0 i6i5 d0e1 f9e8 i3i4 i5i4 f4i4
S|MPV1_MT1500|OUT|info depth 19 seldepth 33 multipv 1 score cp 22 nodes 1941766 nps 1527746 hashfull 161 tbhits 0 time 1271 pv b2e2 b9c7 b0c2 c6c5 a0b0 a9b9 b0b6 g6g5 h0i2 h9g7 h2f2 h7h6 b6b4 b7a7 b4b9 c7b9 i0h0 i9h9 h0h4 g9e7 c3c4 c5c4 h4c4 f9e8 c2b4
S|MPV1_MT1500|OUT|info depth 20 seldepth 28 multipv 1 score cp 21 upperbound nodes 2325768 nps 1550512 hashfull 191 tbhits 0 time 1500 pv g3g4 h7g7
S|MPV1_MT1500|OUT|bestmove g3g4 ponder h7g7
S|MPV1_MT1500|END|lines=25
S|MPV2_MT1500|CMD|setoption name MultiPV value 2
S|MPV2_MT1500|CMD|position fen rnbakabnr/9/1c5c1/p1p1p1p1p/9/9/P1P1P1P1P/1C5C1/9/RNBAKABNR w - - 0 1
S|MPV2_MT1500|CMD|go movetime 1500
S|MPV2_MT1500|OUT|info string Available processors: 0-15
S|MPV2_MT1500|OUT|info string Using 4 threads
S|MPV2_MT1500|OUT|info string NNUE evaluation using pikafish.nnue (64MiB, (62083, 1024, 32, 32, 1))
S|MPV2_MT1500|OUT|info string Network replica 1: Local memory. Shared memory not supported by the OS. Local allocation fallback.
S|MPV2_MT1500|OUT|info depth 1 seldepth 5 multipv 1 score cp 23 nodes 209 nps 209000 hashfull 0 tbhits 0 time 1 pv h2e2
S|MPV2_MT1500|OUT|info depth 1 seldepth 3 multipv 2 score cp 21 nodes 209 nps 209000 hashfull 0 tbhits 0 time 1 pv g3g4
S|MPV2_MT1500|OUT|info depth 2 seldepth 3 multipv 1 score cp 25 nodes 1012 nps 1012000 hashfull 0 tbhits 0 time 1 pv c3c4
S|MPV2_MT1500|OUT|info depth 2 seldepth 3 multipv 2 score cp 23 nodes 1012 nps 1012000 hashfull 0 tbhits 0 time 1 pv h2e2
S|MPV2_MT1500|OUT|info depth 3 seldepth 5 multipv 1 score cp 24 nodes 1864 nps 1864000 hashfull 0 tbhits 0 time 1 pv c3c4 b7c7 h2e2
S|MPV2_MT1500|OUT|info depth 3 seldepth 5 multipv 2 score cp 23 nodes 1864 nps 1864000 hashfull 0 tbhits 0 time 1 pv h2e2 h9g7 h0g2
S|MPV2_MT1500|OUT|info depth 4 seldepth 7 multipv 1 score cp 29 nodes 3024 nps 1512000 hashfull 0 tbhits 0 time 2 pv g3g4
S|MPV2_MT1500|OUT|info depth 4 seldepth 3 multipv 2 score cp 28 nodes 3024 nps 1512000 hashfull 0 tbhits 0 time 2 pv h2e2 b9c7
S|MPV2_MT1500|OUT|info depth 5 seldepth 7 multipv 1 score cp 27 nodes 4281 nps 2140500 hashfull 0 tbhits 0 time 2 pv g3g4 h7g7 b2e2 b7e7
S|MPV2_MT1500|OUT|info depth 5 seldepth 6 multipv 2 score cp 26 nodes 4281 nps 2140500 hashfull 0 tbhits 0 time 2 pv c3c4
S|MPV2_MT1500|OUT|info depth 6 seldepth 11 multipv 1 score cp 22 nodes 7595 nps 2531666 hashfull 0 tbhits 0 time 3 pv g3g4 h7g7 b2e2 g9e7 h0i2 c6c5
S|MPV2_MT1500|OUT|info depth 6 seldepth 11 multipv 2 score cp 21 nodes 7595 nps 1898750 hashfull 0 tbhits 0 time 4 pv c3c4 b7c7 h2e2 c9e7 h0g2
S|MPV2_MT1500|OUT|info depth 7 seldepth 9 multipv 1 score cp 25 nodes 11294 nps 2258800 hashfull 0 tbhits 0 time 5 pv g3g4 h7g7 b2e2 g9e7 h0i2 c6c5 b0c2
S|MPV2_MT1500|OUT|info depth 7 seldepth 23 multipv 2 score cp 23 nodes 11294 nps 2258800 hashfull 0 tbhits 0 time 5 pv h2e2 h9g7 h0g2 i9h9 i0h0 g6g5 h0h4
S|MPV2_MT1500|OUT|info depth 8 seldepth 9 multipv 1 score cp 25 nodes 18952 nps 2369000 hashfull 0 tbhits 0 time 8 pv h2e2 h9g7 h0g2 i9h9
S|MPV2_MT1500|OUT|info depth 8 seldepth 11 multipv 2 score cp 22 nodes 18952 nps 2369000 hashfull 0 tbhits 0 time 8 pv g3g4 h7g7 b2e2 g9e7 h0i2 c6c5 i0h0
S|MPV2_MT1500|OUT|info depth 9 seldepth 19 multipv 1 score cp 27 nodes 22834 nps 2283400 hashfull 0 tbhits 0 time 10 pv g3g4 h7g7 b2e2 g9e7 h0i2 c6c5 i0h0
S|MPV2_MT1500|OUT|info depth 9 seldepth 14 multipv 2 score cp 23 nodes 22834 nps 2283400 hashfull 0 tbhits 0 time 10 pv h2e2 h9g7 h0g2 i9h9 i0h0 g6g5 h0h6 c6c5 b0c2
S|MPV2_MT1500|OUT|info depth 10 seldepth 19 multipv 1 score cp 28 nodes 82849 nps 2436735 hashfull 3 tbhits 0 time 34 pv b2e2 b9c7 b0c2 c6c5 a0b0 a9b9 b0b6
S|MPV2_MT1500|OUT|info depth 10 seldepth 24 multipv 2 score cp 23 nodes 82849 nps 2436735 hashfull 3 tbhits 0 time 34 pv h2e2 h9g7 h0g2 i9h9 i0h0 g6g5 b0c2 b9c7 c3c4 b7b3 h0h4 b3g3
S|MPV2_MT1500|OUT|info depth 11 seldepth 21 multipv 1 score cp 23 nodes 122458 nps 2354961 hashfull 5 tbhits 0 time 52 pv b2e2 b9c7 b0c2 c6c5 a0b0 a9b9 b0b6 g6g5 h2f2 h9g7 h0i2 i9i7 i0h0 b7b8
S|MPV2_MT1500|OUT|info depth 11 seldepth 26 multipv 2 score cp 22 nodes 122458 nps 2354961 hashfull 5 tbhits 0 time 52 pv h2e2 h9g7 h0g2 i9h9 i0h0 g6g5 b0c2
S|MPV2_MT1500|OUT|info depth 12 seldepth 20 multipv 1 score cp 26 nodes 128059 nps 2371462 hashfull 5 tbhits 0 time 54 pv h2e2 h9g7 h0g2 i9h9 i0h0 g6g5 b0c2
S|MPV2_MT1500|OUT|info depth 12 seldepth 22 multipv 2 score cp 21 nodes 128059 nps 2371462 hashfull 5 tbhits 0 time 54 pv b2e2 b9c7 b0c2 c6c5 a0b0 a9b9 b0b6 g6g5 h2f2 h9g7 h0i2 i9i7 i0h0 b7b8
S|MPV2_MT1500|OUT|info depth 13 seldepth 14 multipv 1 score cp 24 nodes 143936 nps 2359606 hashfull 6 tbhits 0 time 61 pv h2e2 h9g7 h0g2 i9h9 i0h0 g6g5 h0h4 b9c7 c3c4 h7i7 h4h9 g7h9
S|MPV2_MT1500|OUT|info depth 13 seldepth 20 multipv 2 score cp 22 nodes 143936 nps 2359606 hashfull 6 tbhits 0 time 61 pv b0c2 c6c5 h2e2 h9g7 h0g2 i9h9 i0h0 b9c7 g3g4 h7h3 b2b6 h3c3 h0h9
S|MPV2_MT1500|OUT|info depth 14 seldepth 35 multipv 1 score cp 25 nodes 327084 nps 1994414 hashfull 18 tbhits 0 time 164 pv h2e2 h9g7 h0g2 i9h9 i0h0 g6g5 h0h6 c6c5 b0a2 b9c7 b2d2 b7b6 h6h4 h7i7 h4h9 g7h9 a0b0 a9b9 b0b4 c9e7 g3g4 g5g4 b4g4 d9e8 d0e1 i7f7 g2h4 h9i7 c3c4 c5c4 g4c4 b6b8 h4f5
S|MPV2_MT1500|OUT|info depth 14 seldepth 24 multipv 2 score cp 23 nodes 327084 nps 1994414 hashfull 18 tbhits 0 time 164 pv g3g4 h7g7 b2e2 g9e7 h0i2 c6c5 b0c2 b9c7 i0h0 a9b9 a0b0 b7b3 h2h4 h9f8 c3c4 b3c3 c4c5 b9b0 c2b0 e7c5
S|MPV2_MT1500|OUT|info depth 15 seldepth 35 multipv 1 score cp 24 nodes 573914 nps 1887875 hashfull 38 tbhits 0 time 304 pv h2e2 h9g7 h0g2 i9h9 i0h0 g6g5 c3c4 h7h3 b0c2 c9e7 g2i1 h3h5 c2d4 b9c7 b2c2 a9b9 d4c6 b7b3 a0b0 b3c3 b0b9 c3c0 d0e1 c7b9
S|MPV2_MT1500|OUT|info depth 15 seldepth 26 multipv 2 score cp 24 nodes 573914 nps 1887875 hashfull 38 tbhits 0 time 304 pv b2e2 b9c7 b0c2 c6c5 a0b0 a9b9 g3g4 b7b3
S|MPV2_MT1500|OUT|info depth 16 seldepth 34 multipv 1 score cp 22 nodes 1060553 nps 1670162 hashfull 82 tbhits 0 time 635 pv b2e2 b9c7 b0c2 c6c5 a0b0 a9b9 g3g4 g9e7 h0g2 b7b3 c2a1 b3b5 b0b4 g6g5 c3c4 c5c4 b4c4 g5g4 c4g4 b5g5
S|MPV2_MT1500|OUT|info depth 16 seldepth 33 multipv 2 score cp 21 nodes 1060553 nps 1670162 hashfull 82 tbhits 0 time 635 pv g3g4 h7g7 b2e2 g9e7 b0c2 g6g5 h0i2 g5g4 a0b0 a9a8 i0h0 a8f8 b0b4 f9e8 b4g4 f8f6 f0e1
S|MPV2_MT1500|OUT|info depth 17 seldepth 34 multipv 1 score cp 33 nodes 1484272 nps 1754458 hashfull 107 tbhits 0 time 846 pv h2e2 h9g7 h0g2 i9h9 i0h0 g6g5 h0h6 c6c5 b0c2 b9c7 a0a1 d9e8 a1d1 g7f5 e3e4 g5g4 h6f6 g4g3
S|MPV2_MT1500|OUT|info depth 17 seldepth 28 multipv 2 score cp 22 nodes 1484272 nps 1754458 hashfull 107 tbhits 0 time 846 pv b2e2 b9c7 b0c2 c6c5 a0b0 a9b9 b0b6 g6g5 h2f2 h9g7 h0i2 b7b8 i0h0 i9i7 h0h4 b8h8
S|MPV2_MT1500|OUT|info depth 18 seldepth 34 multipv 1 score cp 30 nodes 1971019 nps 1816607 hashfull 135 tbhits 0 time 1085 pv h2e2 h9g7 h0g2 g6g5 i0h0 i9h9 h0h6 c6c5 b0c2 b9c7 a0a1 d9e8 a1d1 c9e7 e3e4 b7b3 e2e3 b3b7
S|MPV2_MT1500|OUT|info depth 18 seldepth 23 multipv 2 score cp 22 nodes 1971019 nps 1816607 hashfull 135 tbhits 0 time 1085 pv b2e2 b9c7 b0c2 c6c5 a0b0 a9b9 b0b6 g6g5 h0i2 h9g7 h2f2 i9h9 i0h0 h7h6
S|MPV2_MT1500|OUT|info depth 19 seldepth 29 multipv 1 score cp 30 nodes 2227887 nps 1821657 hashfull 156 tbhits 0 time 1223 pv h2e2 h9g7 h0g2 g6g5 i0h0 i9h9 h0h6 c6c5 b0c2 b9c7 a0a1 d9e8 a1d1 g7f5 e3e4 g5g4 h6f6 f5g3 g2e3 g3e2 b2e2 h7g7 g0i2 h9h3 e3g4 h3c3 g4h6
S|MPV2_MT1500|OUT|info depth 19 seldepth 25 multipv 2 score cp 26 nodes 2227887 nps 1821657 hashfull 156 tbhits 0 time 1223 pv b2e2 b9c7 b0c2 c6c5 a0b0 a9b9 b0b6 g6g5 h0g2 h9g7 e3e4 f9e8 g2e3 h7h6 b6b4 g9e7 h2g2 b7b5 i0h0 i9h9
S|MPV2_MT1500|OUT|info depth 20 seldepth 36 multipv 1 score cp 28 nodes 2486325 nps 1824156 hashfull 178 tbhits 0 time 1363 pv h2e2 h9g7 h0g2 g6g5 i0h0 i9h9 h0h6 c6c5 b0c2 b9c7 a0a1 b7b6 h6h4 c9e7 c3c4 h7h5 a1d1 d9e8 g3g4 c5c4 g4g5 c4c3 c2e1 e7g5
S|MPV2_MT1500|OUT|info depth 20 seldepth 26 multipv 2 score cp 23 nodes 2486325 nps 1824156 hashfull 178 tbhits 0 time 1363 pv b2e2 b9c7 b0c2 c6c5 a0b0 a9b9 g3g4 h7h3 h0g2 h9g7 g2f4 h3c3 i0h0 i9h9 h2h6 b7b4 d0e1 c5c4 e3e4 b9b5 f4g6 b4e4 b0b5 c7b5
S|MPV2_MT1500|OUT|info depth 21 seldepth 32 multipv 1 score cp 25 nodes 2730607 nps 1820404 hashfull 195 tbhits 0 time 1500 pv h2e2 h9g7 h0g2 g6g5 i0h0 i9h9 b0c2 h7h3 c3c4 c9e7 g2i1 h3h4 b2b4 h4b4 h0h9 g7h9 c2b4 b9d8 a0a1 a9a8 g3g4 g5g4 a1g1 g4f4 g1g8 h9g7 i1h3
S|MPV2_MT1500|OUT|info depth 20 seldepth 26 multipv 2 score cp 23 nodes 2730607 nps 1819191 hashfull 195 tbhits 0 time 1501 pv b2e2 b9c7 b0c2 c6c5 a0b0 a9b9 g3g4 h7h3 h0g2 h9g7 g2f4 h3c3 i0h0 i9h9 h2h6 b7b4 d0e1 c5c4 e3e4 b9b5 f4g6 b4e4 b0b5 c7b5
S|MPV2_MT1500|OUT|bestmove h2e2 ponder h9g7
S|MPV2_MT1500|END|lines=47
S|MPV3_MT1500|CMD|setoption name MultiPV value 3
S|MPV3_MT1500|CMD|position fen rnbakabnr/9/1c5c1/p1p1p1p1p/9/9/P1P1P1P1P/1C5C1/9/RNBAKABNR w - - 0 1
S|MPV3_MT1500|CMD|go movetime 1500
S|MPV3_MT1500|OUT|info string Available processors: 0-15
S|MPV3_MT1500|OUT|info string Using 4 threads
S|MPV3_MT1500|OUT|info string NNUE evaluation using pikafish.nnue (64MiB, (62083, 1024, 32, 32, 1))
S|MPV3_MT1500|OUT|info string Network replica 1: Local memory. Shared memory not supported by the OS. Local allocation fallback.
S|MPV3_MT1500|OUT|info depth 1 seldepth 3 multipv 1 score cp 31 nodes 552 nps 552000 hashfull 0 tbhits 0 time 1 pv h2e2
S|MPV3_MT1500|OUT|info depth 1 seldepth 5 multipv 2 score cp 29 nodes 552 nps 552000 hashfull 0 tbhits 0 time 1 pv b2e2
S|MPV3_MT1500|OUT|info depth 1 seldepth 3 multipv 3 score cp 23 nodes 552 nps 552000 hashfull 0 tbhits 0 time 1 pv c3c4
S|MPV3_MT1500|OUT|info depth 2 seldepth 3 multipv 1 score cp 34 nodes 1941 nps 1941000 hashfull 0 tbhits 0 time 1 pv h2e2
S|MPV3_MT1500|OUT|info depth 2 seldepth 3 multipv 2 score cp 24 nodes 1941 nps 1941000 hashfull 0 tbhits 0 time 1 pv c3c4
S|MPV3_MT1500|OUT|info depth 2 seldepth 3 multipv 3 score cp 23 nodes 1941 nps 1941000 hashfull 0 tbhits 0 time 1 pv b2e2
S|MPV3_MT1500|OUT|info depth 3 seldepth 4 multipv 1 score cp 27 nodes 3379 nps 1689500 hashfull 0 tbhits 0 time 2 pv h2e2 h9g7
S|MPV3_MT1500|OUT|info depth 3 seldepth 6 multipv 2 score cp 23 nodes 3379 nps 1689500 hashfull 0 tbhits 0 time 2 pv b2e2
S|MPV3_MT1500|OUT|info depth 3 seldepth 4 multipv 3 score cp 22 nodes 3379 nps 1689500 hashfull 0 tbhits 0 time 2 pv c3c4 g6g5
S|MPV3_MT1500|OUT|info depth 4 seldepth 6 multipv 1 score cp 27 nodes 5037 nps 2518500 hashfull 0 tbhits 0 time 2 pv h2e2 h9g7 h0g2 i9h9
S|MPV3_MT1500|OUT|info depth 4 seldepth 7 multipv 2 score cp 23 nodes 5037 nps 2518500 hashfull 0 tbhits 0 time 2 pv b2e2 b9c7 b0c2 c6c5 a0b0 a9b9
S|MPV3_MT1500|OUT|info depth 4 seldepth 9 multipv 3 score cp 22 nodes 5037 nps 2518500 hashfull 0 tbhits 0 time 2 pv c3c4 g6g5 b2a2
S|MPV3_MT1500|OUT|info depth 5 seldepth 13 multipv 1 score cp 27 nodes 6957 nps 2319000 hashfull 0 tbhits 0 time 3 pv h2e2 h9g7 h0g2 i9h9 g3g4
S|MPV3_MT1500|OUT|info depth 5 seldepth 5 multipv 2 score cp 24 nodes 6957 nps 2319000 hashfull 0 tbhits 0 time 3 pv c3c4
S|MPV3_MT1500|OUT|info depth 5 seldepth 5 multipv 3 score cp 23 nodes 6957 nps 2319000 hashfull 0 tbhits 0 time 3 pv b2e2 b9c7 b0c2
S|MPV3_MT1500|OUT|info depth 6 seldepth 9 multipv 1 score cp 26 nodes 8744 nps 2914666 hashfull 0 tbhits 0 time 3 pv c3c4
S|MPV3_MT1500|OUT|info depth 6 seldepth 7 multipv 2 score cp 25 nodes 8744 nps 2914666 hashfull 0 tbhits 0 time 3 pv h2e2 h9g7 h0g2 i9h9 i0h0
S|MPV3_MT1500|OUT|info depth 6 seldepth 18 multipv 3 score cp 21 nodes 8744 nps 2914666 hashfull 0 tbhits 0 time 3 pv g3g4
S|MPV3_MT1500|OUT|info depth 7 seldepth 16 multipv 1 score cp 25 nodes 13795 nps 2759000 hashfull 0 tbhits 0 time 5 pv h2e2 h9g7 h0g2 i9h9 i0h0 g6g5 h0h6 b9c7 b0c2 c6c5 a0a1 d9e8 a1d1
S|MPV3_MT1500|OUT|info depth 7 seldepth 16 multipv 2 score cp 24 nodes 13795 nps 2759000 hashfull 0 tbhits 0 time 5 pv g3g4 h7g7 b2e2 g9e7 b0c2
S|MPV3_MT1500|OUT|info depth 7 seldepth 13 multipv 3 score cp 22 nodes 13795 nps 2759000 hashfull 0 tbhits 0 time 5 pv b0c2 c6c5 h2e2 b9c7 h0g2 h9i7 i0h0 i9h9 g3g4 f9e8 g2f4
S|MPV3_MT1500|OUT|info depth 8 seldepth 12 multipv 1 score cp 25 nodes 22222 nps 2777750 hashfull 0 tbhits 0 time 8 pv h2e2 h9g7 h0g2 i9h9 i0h0 g6g5 h0h6 b9c7 b0c2 c6c5 a0a1
S|MPV3_MT1500|OUT|info depth 8 seldepth 18 multipv 2 score cp 23 nodes 22222 nps 2777750 hashfull 0 tbhits 0 time 8 pv g3g4 h7g7 b2e2 b7e7 h0g2 g6g5 g2f4 g5g4 f4e6 a9a8
S|MPV3_MT1500|OUT|info depth 8 seldepth 18 multipv 3 score cp 21 nodes 22222 nps 2777750 hashfull 0 tbhits 0 time 8 pv b0c2 c6c5 h2e2 b9c7 h0g2 h9g7 e3e4 i9h9 c2e3 c7d5 e4e5 d5c3
S|MPV3_MT1500|OUT|info depth 9 seldepth 14 multipv 1 score cp 25 nodes 35045 nps 2920416 hashfull 0 tbhits 0 time 12 pv h2e2 h9g7 h0g2 i9h9 i0h0 g6g5 h0h6 b9c7 b0c2 c6c5 a0a1 d9e8 a1d1
S|MPV3_MT1500|OUT|info depth 9 seldepth 17 multipv 2 score cp 23 nodes 35045 nps 2920416 hashfull 0 tbhits 0 time 12 pv g3g4 h7g7 b2e2 g9e7 b0c2 g6g5 h0i2 g5g4 a0b0 h9f8
S|MPV3_MT1500|OUT|info depth 9 seldepth 11 multipv 3 score cp 20 nodes 35045 nps 2695769 hashfull 0 tbhits 0 time 13 pv b0c2 c6c5 h2e2 h9g7 h0g2 b9c7 e3e4 i9h9 c2e3 c7d5
S|MPV3_MT1500|OUT|info depth 10 seldepth 35 multipv 1 score cp 28 nodes 62199 nps 2827227 hashfull 0 tbhits 0 time 22 pv h2e2 h9g7 h0g2 i9h9 i0h0 g6g5 h0h6 b9c7 b0c2 c6c5 a0a1 d9e8
S|MPV3_MT1500|OUT|info depth 10 seldepth 21 multipv 2 score cp 27 nodes 62199 nps 2827227 hashfull 0 tbhits 0 time 22 pv b2e2 b9c7 b0c2 c6c5 a0b0 a9b9 b0b6 h9g7 g3g4 b7a7
S|MPV3_MT1500|OUT|info depth 10 seldepth 16 multipv 3 score cp 21 nodes 62199 nps 2827227 hashfull 0 tbhits 0 time 22 pv b0c2 c6c5 h2e2 h9g7 h0g2 b9c7 i0h0 i9h9 g3g4 c9e7
S|MPV3_MT1500|OUT|info depth 11 seldepth 22 multipv 1 score cp 26 nodes 107028 nps 2892648 hashfull 2 tbhits 0 time 37 pv b0c2 h9g7 g3g4 c6c5 h0g2
S|MPV3_MT1500|OUT|info depth 11 seldepth 19 multipv 2 score cp 26 nodes 107028 nps 2892648 hashfull 2 tbhits 0 time 37 pv h2e2 h9g7 h0g2 i9h9 i0h0 g6g5 h0h6 b9c7 c3c4 d9e8 b0c2 h7i7 h6g6 i7i8 b2a2
S|MPV3_MT1500|OUT|info depth 11 seldepth 22 multipv 3 score cp 23 nodes 107028 nps 2892648 hashfull 2 tbhits 0 time 37 pv c3c4 b7c7 h2e2 c9e7 h0g2 c6c5 b0a2 c5c4 i0h0
S|MPV3_MT1500|OUT|info depth 12 seldepth 19 multipv 1 score cp 23 nodes 276360 nps 2582803 hashfull 11 tbhits 0 time 107 pv b0c2 h9g7 b2a2 h7i7 h2e2 i9h9 h0g2 b9c7 g3g4
S|MPV3_MT1500|OUT|info depth 12 seldepth 27 multipv 2 score cp 23 nodes 276360 nps 2582803 hashfull 11 tbhits 0 time 107 pv h2e2 h9g7 h0g2 i9h9 i0h0 g6g5 h0h6 b9c7 b0c2 c6c5 a0a1 b7b6 h6h4 c9e7 g3g4 g5g4 h4g4 g7h5 c3c4
S|MPV3_MT1500|OUT|info depth 12 seldepth 31 multipv 3 score cp 22 nodes 276360 nps 2582803 hashfull 11 tbhits 0 time 107 pv c3c4 b7c7 h2e2 c9e7 h0g2
S|MPV3_MT1500|OUT|info depth 13 seldepth 28 multipv 1 score cp 25 nodes 458494 nps 2425894 hashfull 21 tbhits 0 time 189 pv h2e2 h9g7 h0g2 i9h9 i0h0 g6g5 h0h6 b9c7 b0c2 c6c5 a0a1 b7b6 h6h4 c9e7 a1d1 b6c6 g3g4 h7i7 g4g5
S|MPV3_MT1500|OUT|info depth 13 seldepth 26 multipv 2 score cp 23 nodes 458494 nps 2425894 hashfull 21 tbhits 0 time 189 pv b0c2 c6c5 h2e2 h9g7 h0g2 i9h9 i0h0 b9c7 g3g4 c9e7 b2b6 c7b5 b6g6 a9c9 h0h5 f9e8 g2f4 h7i7 h5h9 g7h9
S|MPV3_MT1500|OUT|info depth 13 seldepth 33 multipv 3 score cp 23 nodes 458494 nps 2425894 hashfull 21 tbhits 0 time 189 pv b2e2 b9c7 b0c2 a9b9 a0b0 c6c5 h0g2 b7b3 c2a1 b3b2 g3g4 h7e7 a1c2 b2b3 i0h0 h9g7 d0e1 i9h9
S|MPV3_MT1500|OUT|info depth 14 seldepth 31 multipv 1 score cp 28 nodes 539583 nps 2387535 hashfull 24 tbhits 0 time 226 pv b2e2 b9c7 b0c2 c6c5 a0b0 a9b9 b0b6 g6g5 h0g2 h9g7 i0i1 f9e8 i1f1 g9e7 e3e4 i9f9 f1f9 e9f9 e4e5 h7h6 b6b4 e6e5 g3g4 h6e6 g4g5 e7g5 g2f4
S|MPV3_MT1500|OUT|info depth 14 seldepth 18 multipv 2 score cp 25 nodes 539583 nps 2387535 hashfull 24 tbhits 0 time 226 pv h2e2 h9g7 h0g2 g6g5 i0h0 i9h9 h0h6 c6c5 b0c2 b9c7 a0a1 b7b6 h6h4 c9e7 c3c4 h7h5
S|MPV3_MT1500|OUT|info depth 14 seldepth 22 multipv 3 score cp 23 nodes 539583 nps 2387535 hashfull 24 tbhits 0 time 226 pv b0c2 c6c5 h2e2 b9c7 h0g2 h9g7 i0h0 i9h9 g3g4 c9e7 b2b6 c7b5 b6g6 a9c9 h0h5 f9e8 g2f4 h7i7 h5h9 g7h9
S|MPV3_MT1500|OUT|info depth 15 seldepth 32 multipv 1 score cp 29 nodes 702198 nps 2294764 hashfull 37 tbhits 0 time 306 pv b2e2 b9c7 b0c2 a9b9 a0b0 c6c5 b0b6 g6g5 h0g2 h9g7 i0i1 f9e8 i1f1 g9e7 e3e4 i9f9 f1f9 e9f9 e4e5
S|MPV3_MT1500|OUT|info depth 15 seldepth 36 multipv 2 score cp 28 nodes 702198 nps 2287289 hashfull 37 tbhits 0 time 307 pv h2e2 h9g7 h0g2 g6g5 i0h0 i9h9 h0h6 b9c7 b0c2 c6c5 a0a1 c9e7
S|MPV3_MT1500|OUT|info depth 15 seldepth 30 multipv 3 score cp 22 nodes 702198 nps 2287289 hashfull 37 tbhits 0 time 307 pv h0g2 g6g5 b2e2 h9g7 b0c2 b9c7 a0b0 a9b9 c3c4 b7b3 h2h6 b3g3 b0b9 c7b9 g0i2 c9e7
S|MPV3_MT1500|OUT|info depth 16 seldepth 40 multipv 1 score cp 29 nodes 1319422 nps 2134987 hashfull 84 tbhits 0 time 618 pv h2e2 h9g7 h0g2 g6g5 i0h0 i9h9 h0h6 b9c7 b0c2 c6c5 a0a1 b7b6 h6h4 c9e7 c3c4 h7h5 a1d1 d9e8 g3g4 c5c4 g4g5 c4c3 c2e1 e7g5 d1d6
S|MPV3_MT1500|OUT|info depth 16 seldepth 32 multipv 2 score cp 24 nodes 1319422 nps 2134987 hashfull 84 tbhits 0 time 618 pv b2e2 b9c7 b0c2 c6c5 h0g2 a9b9 g3g4 b7a7 a0a1 f9e8 a1d1 h9g7 e3e4 g9e7 h2i2 i9h9
S|MPV3_MT1500|OUT|info depth 16 seldepth 26 multipv 3 score cp 20 nodes 1319422 nps 2134987 hashfull 84 tbhits 0 time 618 pv b0c2 c6c5 h2e2 h9g7 h0g2 i9h9 i0h0 b9c7 g3g4 h7h3 b2b6 h3c3 h0h9 g7h9 g2f4 g9e7 f4e6 c5c4 e6c7
S|MPV3_MT1500|OUT|info depth 17 seldepth 21 multipv 1 score cp 23 nodes 1640340 nps 2135859 hashfull 107 tbhits 0 time 768 pv h2e2 h9g7 h0g2 g6g5 i0h0 i9h9 h0h6 b9c7 b0c2 c6c5 a0a1 b7b6 h6h4 c9e7 g3g4 g5g4 h4g4 g7h5 a1d1
S|MPV3_MT1500|OUT|info depth 17 seldepth 39 multipv 2 score cp 23 nodes 1640340 nps 2135859 hashfull 107 tbhits 0 time 768 pv b2e2 b9c7 b0c2 c6c5 a0b0 a9b9 b0b6 g6g5 h0g2 h9g7 i0i1 f9e8 i1f1 c7d5 e3e4 c5c4 b6d6 d5c3 c2e3 c3e2 h2e2 b7c7 c0a2 c4d4 d6d4 i9h9 g3g4
S|MPV3_MT1500|OUT|info depth 17 seldepth 28 multipv 3 score cp 22 nodes 1640340 nps 2133081 hashfull 107 tbhits 0 time 769 pv b0c2 c6c5 h2e2 h9g7 h0g2 b9c7 i0h0 i9h9 g3g4 h7h3 g2f4 c9e7 b2b6 h3c3 h0h9 g7h9 b6g6
S|MPV3_MT1500|OUT|info depth 18 seldepth 34 multipv 1 score cp 23 nodes 2552801 nps 2052090 hashfull 173 tbhits 0 time 1244 pv h2e2 h9g7 h0g2 g6g5 i0h0 i9h9 h0h6 b9c7 b0c2 c6c5 a0a1 b7b6 h6h4 c9e7 g3g4 g5g4 h4g4 g7h5 a1d1 d9e8 e3e4 a9d9 d1d9 e9d9 e4e5 e6e5 c2e3 h7g7 e2e5 b6e6 f0e1 g7g2 e3g2
S|MPV3_MT1500|OUT|info depth 18 seldepth 34 multipv 2 score cp 22 nodes 2552801 nps 2052090 hashfull 173 tbhits 0 time 1244 pv b2e2 b9c7 b0c2 c6c5 a0b0 a9b9 b0b6 g6g5 h0g2 h9g7 e3e4 f9e8
S|MPV3_MT1500|OUT|info depth 18 seldepth 33 multipv 3 score cp 15 nodes 2552801 nps 2052090 hashfull 173 tbhits 0 time 1244 pv g3g4 h7g7 b2e2 g9e7 f0e1 b9c7 h2f2 a9b9 c3c4 b7b2 b0c2 b2e2 g0e2 h9i7 a0b0 b9b0 c2b0 c6c5 c4c5 e7c5 h0g2 i9h9
S|MPV3_MT1500|OUT|info depth 19 seldepth 44 multipv 1 score cp 25 nodes 3073115 nps 2048743 hashfull 204 tbhits 0 time 1500 pv h2e2 h9g7 h0g2 g6g5 i0h0 i9h9 h0h6 b9c7 b0c2 c6c5 a0a1 b7b6 h6h4 c9e7 c3c4 h7h5 a1d1 d9e8 g3g4 c5c4 g4g5 c4c3 c2e1 e7g5 d1d6 h5h6 d6d8 b6c6 h4g4 g9e7 g4c4 c6c5 c4c3 a9b9
S|MPV3_MT1500|OUT|info depth 19 seldepth 40 multipv 2 score cp 21 nodes 3073115 nps 2048743 hashfull 204 tbhits 0 time 1500 pv g3g4 h7g7 b2e2 g9e7 g0i2 c6c5 h2f2 b9c7 h0g2 b7a7 b0c2 a9b9 a0a1 h9i7 i0h0 f9e8
S|MPV3_MT1500|OUT|info depth 19 seldepth 40 multipv 3 score cp 20 upperbound nodes 3073115 nps 2048743 hashfull 204 tbhits 0 time 1500 pv b2e2 b9c7
S|MPV3_MT1500|OUT|bestmove h2e2 ponder h9g7
S|MPV3_MT1500|END|lines=62
S|MPV4_MT1500|CMD|setoption name MultiPV value 4
S|MPV4_MT1500|CMD|position fen rnbakabnr/9/1c5c1/p1p1p1p1p/9/9/P1P1P1P1P/1C5C1/9/RNBAKABNR w - - 0 1
S|MPV4_MT1500|CMD|go movetime 1500
S|MPV4_MT1500|OUT|info string Available processors: 0-15
S|MPV4_MT1500|OUT|info string Using 4 threads
S|MPV4_MT1500|OUT|info string NNUE evaluation using pikafish.nnue (64MiB, (62083, 1024, 32, 32, 1))
S|MPV4_MT1500|OUT|info string Network replica 1: Local memory. Shared memory not supported by the OS. Local allocation fallback.
S|MPV4_MT1500|OUT|info depth 1 seldepth 3 multipv 1 score cp 26 nodes 1323 nps 1323000 hashfull 0 tbhits 0 time 1 pv h2e2
S|MPV4_MT1500|OUT|info depth 1 seldepth 3 multipv 2 score cp 26 nodes 1323 nps 1323000 hashfull 0 tbhits 0 time 1 pv c3c4
S|MPV4_MT1500|OUT|info depth 1 seldepth 3 multipv 3 score cp 23 nodes 1323 nps 1323000 hashfull 0 tbhits 0 time 1 pv b2e2
S|MPV4_MT1500|OUT|info depth 1 seldepth 3 multipv 4 score cp 22 nodes 1323 nps 1323000 hashfull 0 tbhits 0 time 1 pv g3g4
S|MPV4_MT1500|OUT|info depth 2 seldepth 3 multipv 1 score cp 28 nodes 3094 nps 3094000 hashfull 0 tbhits 0 time 1 pv h2e2
S|MPV4_MT1500|OUT|info depth 2 seldepth 3 multipv 2 score cp 27 nodes 3094 nps 3094000 hashfull 0 tbhits 0 time 1 pv b2e2
S|MPV4_MT1500|OUT|info depth 2 seldepth 3 multipv 3 score cp 21 nodes 3094 nps 1547000 hashfull 0 tbhits 0 time 2 pv g3g4
S|MPV4_MT1500|OUT|info depth 2 seldepth 3 multipv 4 score cp 19 nodes 3094 nps 1547000 hashfull 0 tbhits 0 time 2 pv c3c4
S|MPV4_MT1500|OUT|info depth 3 seldepth 3 multipv 1 score cp 26 nodes 5311 nps 2655500 hashfull 0 tbhits 0 time 2 pv c3c4
S|MPV4_MT1500|OUT|info depth 3 seldepth 3 multipv 2 score cp 26 nodes 5311 nps 2655500 hashfull 0 tbhits 0 time 2 pv b2e2
S|MPV4_MT1500|OUT|info depth 3 seldepth 3 multipv 3 score cp 24 nodes 5311 nps 2655500 hashfull 0 tbhits 0 time 2 pv h2e2 h9g7
S|MPV4_MT1500|OUT|info depth 3 seldepth 9 multipv 4 score cp 21 nodes 5311 nps 2655500 hashfull 0 tbhits 0 time 2 pv g3g4 h7g7 b2e2 g9e7 g0i2 c6c5
S|MPV4_MT1500|OUT|info depth 4 seldepth 10 multipv 1 score cp 29 nodes 7389 nps 3694500 hashfull 0 tbhits 0 time 2 pv h2e2 h9g7 h0g2
S|MPV4_MT1500|OUT|info depth 4 seldepth 5 multipv 2 score cp 22 nodes 7389 nps 3694500 hashfull 0 tbhits 0 time 2 pv c3c4 b7c7 h2e2
S|MPV4_MT1500|OUT|info depth 4 seldepth 6 multipv 3 score cp 20 nodes 7389 nps 2463000 hashfull 0 tbhits 0 time 3 pv g3g4
S|MPV4_MT1500|OUT|info depth 4 seldepth 5 multipv 4 score cp 20 nodes 7389 nps 2463000 hashfull 0 tbhits 0 time 3 pv b2e2 b9c7 b0c2
S|MPV4_MT1500|OUT|info depth 5 seldepth 7 multipv 1 score cp 24 nodes 9547 nps 3182333 hashfull 0 tbhits 0 time 3 pv b2e2 b9c7 b0c2 a9b9 a0b0 c6c5
S|MPV4_MT1500|OUT|info depth 5 seldepth 5 multipv 2 score cp 22 nodes 9547 nps 3182333 hashfull 0 tbhits 0 time 3 pv h2e2 h9g7 h0g2 i9h9
S|MPV4_MT1500|OUT|info depth 5 seldepth 12 multipv 3 score cp 21 nodes 9547 nps 3182333 hashfull 0 tbhits 0 time 3 pv g3g4 h7g7 b2e2 g9e7
S|MPV4_MT1500|OUT|info depth 5 seldepth 7 multipv 4 score cp 19 nodes 9547 nps 3182333 hashfull 0 tbhits 0 time 3 pv c3c4 b7c7 h2e2 g9e7
S|MPV4_MT1500|OUT|info depth 6 seldepth 7 multipv 1 score cp 24 nodes 11393 nps 2848250 hashfull 0 tbhits 0 time 4 pv h2e2 h9g7 h0g2 i9h9
S|MPV4_MT1500|OUT|info depth 6 seldepth 8 multipv 2 score cp 24 nodes 11393 nps 2848250 hashfull 0 tbhits 0 time 4 pv b2e2 b9c7 b0c2 a9b9 a0b0 c6c5 h0g2
S|MPV4_MT1500|OUT|info depth 6 seldepth 9 multipv 3 score cp 21 nodes 11393 nps 2848250 hashfull 0 tbhits 0 time 4 pv g3g4 h7g7 b2e2 g9e7 g0i2 c6c5
S|MPV4_MT1500|OUT|info depth 6 seldepth 10 multipv 4 score cp 20 nodes 11393 nps 2848250 hashfull 0 tbhits 0 time 4 pv c3c4 b7c7 h2e2 c9e7 h0g2 c6c5
S|MPV4_MT1500|OUT|info depth 7 seldepth 20 multipv 1 score cp 26 nodes 16510 nps 3302000 hashfull 0 tbhits 0 time 5 pv g3g4 h7g7 b2e2 g9e7 b0c2 g6g5
S|MPV4_MT1500|OUT|info depth 7 seldepth 15 multipv 2 score cp 24 nodes 16510 nps 3302000 hashfull 0 tbhits 0 time 5 pv b2e2 b9c7 c3c4 a9b9 b0c2 b7a7 g3g4 g6g5 g4g5 b9b5 g5g6 b5g5 h2f2
S|MPV4_MT1500|OUT|info depth 7 seldepth 18 multipv 3 score cp 23 nodes 16510 nps 2751666 hashfull 0 tbhits 0 time 6 pv h2e2 h9g7 h0g2 i9h9 i0h0 g6g5 h0h6 c6c5 b0c2 b9c7 a0a1 b7b6 h6h4 c9e7 c3c4 h7h5
S|MPV4_MT1500|OUT|info depth 7 seldepth 16 multipv 4 score cp 20 nodes 16510 nps 2751666 hashfull 0 tbhits 0 time 6 pv c3c4 b7c7 h2e2 c9e7 h0g2 c6c5 b2c2 c5c4 i0h0 i9i8 b0a2 c7c2 e2e6 f9e8 h0h7
S|MPV4_MT1500|OUT|info depth 8 seldepth 15 multipv 1 score cp 24 nodes 62396 nps 2310962 hashfull 3 tbhits 0 time 27 pv g3g4 h7g7 b2e2 b7e7 b0c2 h9i7 h2f2 b9c7 h0g2
S|MPV4_MT1500|OUT|info depth 8 seldepth 9 multipv 2 score cp 24 nodes 62396 nps 2310962 hashfull 3 tbhits 0 time 27 pv b2e2 b9c7 c3c4 a9b9 b0c2 b7a7
S|MPV4_MT1500|OUT|info depth 8 seldepth 14 multipv 3 score cp 23 nodes 62396 nps 2310962 hashfull 3 tbhits 0 time 27 pv h2e2 h9g7 h0g2 i9h9 i0h0 g6g5 h0h6 c6c5 b0c2 b9c7 a0a1 b7b6
S|MPV4_MT1500|OUT|info depth 8 seldepth 20 multipv 4 score cp 16 nodes 62396 nps 2310962 hashfull 3 tbhits 0 time 27 pv c3c4 b7c7 h2e2 c9e7 b0a2 i9i8 h0g2 i8d8
S|MPV4_MT1500|OUT|info depth 9 seldepth 14 multipv 1 score cp 25 nodes 87800 nps 2372972 hashfull 4 tbhits 0 time 37 pv g3g4 h7g7 b2e2 b7e7 b0c2 h9i7 h2f2 b9c7 a0b0 i9h9
S|MPV4_MT1500|OUT|info depth 9 seldepth 22 multipv 2 score cp 23 nodes 87800 nps 2372972 hashfull 4 tbhits 0 time 37 pv h2e2 h9g7 h0g2 i9h9 i0h0 g6g5 h0h6 b9c7
S|MPV4_MT1500|OUT|info depth 9 seldepth 19 multipv 3 score cp 22 nodes 87800 nps 2372972 hashfull 4 tbhits 0 time 37 pv b2e2 b9c7 b0c2 c6c5 h2f2 h9g7 h0g2 a9b9 i0h0 i9h9 a0b0 b7b3 h0h6 g6g5 h6g6 g7e8 g3g4
S|MPV4_MT1500|OUT|info depth 9 seldepth 19 multipv 4 score cp 15 nodes 87800 nps 2372972 hashfull 4 tbhits 0 time 37 pv c3c4 b7c7 h2e2 c9e7 d0e1 g6g5 b2d2 h9g7 b0c2 i9h9 h0g2 c7c4
S|MPV4_MT1500|OUT|info depth 10 seldepth 25 multipv 1 score cp 26 nodes 140831 nps 2514839 hashfull 8 tbhits 0 time 56 pv g3g4 h7g7 b2e2 g9e7 g0i2 b9c7 h2f2 a9b9 b0c2 h9i7
S|MPV4_MT1500|OUT|info depth 10 seldepth 27 multipv 2 score cp 23 nodes 140831 nps 2514839 hashfull 8 tbhits 0 time 56 pv h2e2 h9g7 h0g2 i9h9 i0h0 g6g5 b0c2
S|MPV4_MT1500|OUT|info depth 10 seldepth 17 multipv 3 score cp 20 nodes 140831 nps 2514839 hashfull 8 tbhits 0 time 56 pv h0g2 g6g5 b2e2 b9c7 b0c2 a9b9 a0b0 h9g7 c3c4 b7b3 h2h6 b3g3 b0b9 c7b9 g0i2
S|MPV4_MT1500|OUT|info depth 10 seldepth 15 multipv 4 score cp 20 nodes 140831 nps 2514839 hashfull 8 tbhits 0 time 56 pv b2e2 b9c7 h2f2 c6c5 h0g2 h9g7 b0c2 a9b9 a0b0
S|MPV4_MT1500|OUT|info depth 11 seldepth 35 multipv 1 score cp 24 nodes 162518 nps 2425641 hashfull 9 tbhits 0 time 67 pv g3g4 h7g7 b2e2 g9e7 g0i2 a9a8 b0c2 a8f8
S|MPV4_MT1500|OUT|info depth 11 seldepth 20 multipv 2 score cp 24 nodes 162518 nps 2425641 hashfull 9 tbhits 0 time 67 pv h2e2 h9g7 h0g2 i9h9 i0h0 g6g5 b0c2 c6c5 b2a2 b9c7 a0b0 a9b9 b0b4 b7a7 b4b9 c7b9
S|MPV4_MT1500|OUT|info depth 11 seldepth 15 multipv 3 score cp 21 nodes 162518 nps 2425641 hashfull 9 tbhits 0 time 67 pv b2e2 b9c7 h2f2 a9b9 h0g2 h9i7
S|MPV4_MT1500|OUT|info depth 11 seldepth 19 multipv 4 score cp 21 nodes 162518 nps 2425641 hashfull 9 tbhits 0 time 67 pv c3c4 b7c7 h2e2 g9e7
S|MPV4_MT1500|OUT|info depth 12 seldepth 23 multipv 1 score cp 24 nodes 258057 nps 2434500 hashfull 15 tbhits 0 time 106 pv b2e2 b9c7 h2f2 c6c5 h0g2 h9i7 b0c2 a9b9 i0h0 i9h9 a0b0 b7b3 c3c4
S|MPV4_MT1500|OUT|info depth 12 seldepth 17 multipv 2 score cp 23 nodes 258057 nps 2411747 hashfull 15 tbhits 0 time 107 pv h2e2 h9g7 h0g2 i9h9 i0h0 g6g5 h0h6 c6c5 b0c2 b9c7 a0a1
S|MPV4_MT1500|OUT|info depth 12 seldepth 21 multipv 3 score cp 21 nodes 258057 nps 2411747 hashfull 15 tbhits 0 time 107 pv g3g4 h7g7 b2e2 g9e7 b0c2 g6g5 g0i2 g5g4 a0b0 a9a8 e2e6 f9e8 i2g4 b9c7 e6e5 b7a7 b0b6
S|MPV4_MT1500|OUT|info depth 12 seldepth 21 multipv 4 score cp 21 nodes 258057 nps 2411747 hashfull 15 tbhits 0 time 107 pv c3c4 b7c7 h2e2 c9e7 d0e1 g6g5 b2d2 h9g7 b0c2
S|MPV4_MT1500|OUT|info depth 13 seldepth 26 multipv 1 score cp 25 nodes 503244 nps 2503701 hashfull 28 tbhits 0 time 201 pv h2e2 h9g7 h0g2 i9h9 i0h0 g6g5 h0h6 b9c7 b0c2 c6c5 a0a1 b7b6 h6h4 c9e7 c3c4 h7h5 a1d1 d9e8 d1d8 a9c9 g2e1 b6c6 c2b4 c6c4 c0a2
S|MPV4_MT1500|OUT|info depth 13 seldepth 15 multipv 2 score cp 24 nodes 503244 nps 2503701 hashfull 28 tbhits 0 time 201 pv b2e2 b9c7 h2f2 c6c5 h0g2 h9i7 b0c2 a9b9 i0h0 i9h9 a0b0 b7b3 c3c4 c5c4
S|MPV4_MT1500|OUT|info depth 13 seldepth 25 multipv 3 score cp 21 nodes 503244 nps 2503701 hashfull 28 tbhits 0 time 201 pv h0g2 g6g5 b2e2 b9c7 b0c2 a9b9 a0b0 h9g7 c3c4
S|MPV4_MT1500|OUT|info depth 13 seldepth 26 multipv 4 score cp 20 nodes 503244 nps 2503701 hashfull 28 tbhits 0 time 201 pv g3g4 h7g7 b2e2 g9e7 b0c2 g6g5 g0i2 g5g4 i2g4
S|MPV4_MT1500|OUT|info depth 14 seldepth 24 multipv 1 score cp 25 nodes 765618 nps 2438273 hashfull 41 tbhits 0 time 314 pv h2e2 h9g7 h0g2 g6g5 i0h0 i9h9 h0h6 b9c7 b0c2 c6c5 a0a1 b7b6 h6h4 c9e7 c3c4 h7h5 a1d1 d9e8 d1d8 a9c9 g2e1 h5h8
S|MPV4_MT1500|OUT|info depth 14 seldepth 23 multipv 2 score cp 24 nodes 765618 nps 2438273 hashfull 41 tbhits 0 time 314 pv b2e2 b9c7 h2f2 c6c5 h0g2 h9i7 b0c2 a9b9 i0h0 i9h9 a0b0 b7b3 c3c4 c5c4 h0h4 c4c3 h4c4 c7d5 c4c5
S|MPV4_MT1500|OUT|info depth 14 seldepth 28 multipv 3 score cp 23 nodes 765618 nps 2438273 hashfull 41 tbhits 0 time 314 pv g3g4 h7g7 b2e2 g9e7 g0i2 b9c7 h2f2 c6c5 h0g2 a9a8 b0c2 a8f8 d0e1 c7b5 i0h0 f9e8 h0h5 b5c3 a0b0 c3e2 c0e2 h9i7 c2d4
S|MPV4_MT1500|OUT|info depth 14 seldepth 32 multipv 4 score cp 16 nodes 765618 nps 2438273 hashfull 41 tbhits 0 time 314 pv c3c4 b7c7 h2e2 c9e7 h0g2 c6c5 b2c2 c5c4 i0h0 b9d8 h0h4 c4c3 c2c7 h7c7 b0a2 c3d3
S|MPV4_MT1500|OUT|info depth 15 seldepth 30 multipv 1 score cp 25 nodes 887437 nps 2444730 hashfull 48 tbhits 0 time 363 pv h2e2 h9g7 h0g2 g6g5 b0c2 i9h9 i0h0 h7h3 g2i1 h3h2 c3c4 h9h7 i1g2 h2e2 b2e2 h7h0 g2h0 b9a7
S|MPV4_MT1500|OUT|info depth 15 seldepth 22 multipv 2 score cp 22 nodes 887437 nps 2444730 hashfull 48 tbhits 0 time 363 pv g3g4 h7g7 b2e2 g9e7 g0i2 b9c7 h2f2 c6c5 b0c2 a9a8
S|MPV4_MT1500|OUT|info depth 15 seldepth 19 multipv 3 score cp 19 nodes 887437 nps 2444730 hashfull 48 tbhits 0 time 363 pv b2e2 b9c7 b0c2 a9b9 g3g4 c6c5 h0g2 b7a7 a0a1 b9b4 e3e4 h7e7 c3c4 b4b5 c2e3 c7d5 h2h5
S|MPV4_MT1500|OUT|info depth 15 seldepth 27 multipv 4 score cp 16 nodes 887437 nps 2444730 hashfull 48 tbhits 0 time 363 pv c3c4 b7c7 h2e2 c9e7 d0e1 g6g5 b2d2 h9g7 h0g2
S|MPV4_MT1500|OUT|info depth 16 seldepth 34 multipv 1 score cp 21 nodes 1226501 nps 2381555 hashfull 71 tbhits 0 time 515 pv h2e2 h9g7 h0g2 g6g5 b0c2 i9h9 b2a2 b9c7 a0b0 a9b9 b0b4 g9e7 i0h0
S|MPV4_MT1500|OUT|info depth 16 seldepth 23 multipv 2 score cp 21 nodes 1226501 nps 2376939 hashfull 71 tbhits 0 time 516 pv b2e2 b9c7 b0c2 a9b9 c3c4 b7a7 g3g4 g6g5 g4g5 b9b5 g5g6 b5g5 c2e1 g5g6 h0g2 h7e7 g2f4 g6g5 e1g2 h9g7 a0b0
S|MPV4_MT1500|OUT|info depth 16 seldepth 26 multipv 3 score cp 19 nodes 1226501 nps 2376939 hashfull 71 tbhits 0 time 516 pv g3g4 h7g7 b2e2 g9e7 g0i2 b9c7 h2f2 c6c5 b0c2 a9b9 h0g2 g7f7 a0b0 b7b3 i0h0 h9g7 h0h6 f9e8 d0e1
S|MPV4_MT1500|OUT|info depth 16 seldepth 30 multipv 4 score cp 15 nodes 1226501 nps 2376939 hashfull 71 tbhits 0 time 516 pv b2d2 b7e7 h0g2 b9c7 c3c4 a9b9 b0c2 g6g5 a0a1 b9b5 a1f1 c6c5 c4c5 b5c5 d2d1 c5d5
S|MPV4_MT1500|OUT|info depth 17 seldepth 39 multipv 1 score cp 25 nodes 1661078 nps 2303852 hashfull 99 tbhits 0 time 721 pv h2e2 h9g7 h0g2 g6g5 i0h0 i9h9 b0c2 b9c7 h0h6 c6c5 a0a1 d9e8 a1d1 c9e7 e3e4 a9d9 d1d9 e9d9 e4e5 h7i7 h6g6 e6e5 g6c6 g7f5 c2e3 f5e3 g2e3 h9h4 e3d5 h4d4 d5c7 i7c7 c6c7 d4d0 e0e1 d0d1 e1e0
S|MPV4_MT1500|OUT|info depth 17 seldepth 25 multipv 2 score cp 24 nodes 1661078 nps 2303852 hashfull 99 tbhits 0 time 721 pv g3g4 h7g7 b2e2 g9e7 b0c2 g6g5 a0b0 g5g4 g0i2 a9a8 e2e6 f9e8 i2g4 h9f8 e6e4 a8d8 b0b5 d8d3 h0f1 d3c3
S|MPV4_MT1500|OUT|info depth 17 seldepth 35 multipv 3 score cp 20 nodes 1661078 nps 2303852 hashfull 99 tbhits 0 time 721 pv b2e2 b9c7 b0c2 c6c5 h2f2 a9b9 h0g2 h7f7 a0b0 b7b3 i0h0 h9g7
S|MPV4_MT1500|OUT|info depth 17 seldepth 16 multipv 4 score cp 20 nodes 1661078 nps 2303852 hashfull 99 tbhits 0 time 721 pv b2d2 b7e7 h0g2 b9c7 b0c2 a9b9 c3c4 g6g5 a0a1 b9b5 a1f1 c6c5 c4c5 b5c5
S|MPV4_MT1500|OUT|info depth 18 seldepth 23 multipv 1 score cp 22 nodes 2594481 nps 2246303 hashfull 156 tbhits 0 time 1155 pv h2e2 h9g7 h0g2 g6g5 b0c2 b9c7 i0h0 i9h9 h0h6 c6c5 a0a1 b7b6 h6h4 c9e7 g3g4 g5g4 h4g4
S|MPV4_MT1500|OUT|info depth 18 seldepth 40 multipv 2 score cp 20 nodes 2594481 nps 2246303 hashfull 156 tbhits 0 time 1155 pv b2e2 b9c7 c3c4 a9b9 b0c2 b7a7 h0g2 g6g5 h2h6 h9g7 h6g6 g9e7 i0h0 i9h9 h0h6 b9b1 a0a1 b1a1 c2a1 h7i7 h6h9 g7h9 g6c6 a7a3
S|MPV4_MT1500|OUT|info depth 18 seldepth 37 multipv 3 score cp 18 nodes 2594481 nps 2246303 hashfull 156 tbhits 0 time 1155 pv b2d2 h7e7 h0g2 h9g7 b0c2 b7c7 a0b0 b9a7 i0h0 i9h9 h2h6 c6c5 g3g4 c5c4 c3c4 c7c2 d2d7 e7e8
S|MPV4_MT1500|OUT|info depth 18 seldepth 36 multipv 4 score cp 16 nodes 2594481 nps 2244360 hashfull 156 tbhits 0 time 1156 pv g3g4 h7g7 b2e2 g9e7 b0c2 g6g5 a0b0 g5g4 g0i2 a9a8 e2e6 f9e8 i2g4 h9f8 e6e4 a8d8 h2g2 b9a7 g2g7 b7g7 b0b5 d8d4 h0f1 i9f9 b5f5 f8e6
S|MPV4_MT1500|OUT|info depth 19 seldepth 36 multipv 1 score cp 25 nodes 3299045 nps 2199363 hashfull 195 tbhits 0 time 1500 pv h2e2 h9g7 h0g2 g6g5 i0h0 i9h9 b0c2 b9c7 h0h6 c6c5 a0a1 b7b6 h6h4 c9e7 g3g4 g5g4 h4g4 g7f5 c3c4 c5c4 g4c4 b6b8 a1h1 b8c8 c4f4 h7f7 h1h9 f7f4 g2f4
S|MPV4_MT1500|OUT|info depth 19 seldepth 22 multipv 2 score cp 21 nodes 3299045 nps 2199363 hashfull 195 tbhits 0 time 1500 pv b2e2 b9c7 b0c2 c6c5 a0b0 a9b9 b0b6 g6g5 h0g2 h9g7 i0i1 f9e8 i1f1 c7d5 e3e4 c5c4 b6d6 d5c3
S|MPV4_MT1500|OUT|info depth 19 seldepth 31 multipv 3 score cp 16 nodes 3299045 nps 2199363 hashfull 195 tbhits 0 time 1500 pv g3g4 h7g7 b2e2 g9e7 b0c2 g6g5 g0i2 g5g4 a0b0 a9a8 e2e6 f9e8 i2g4 h9f8 e6e4 a8d8 h2g2 b9a7 g2g7 b7g7 b0b5 d8d3 b5f5 i9f9
S|MPV4_MT1500|OUT|info depth 19 seldepth 24 multipv 4 score cp 13 upperbound nodes 3299045 nps 2199363 hashfull 195 tbhits 0 time 1500 pv b2d2 h7e7
S|MPV4_MT1500|OUT|bestmove h2e2 ponder h9g7
S|MPV4_MT1500|END|lines=81
S|MPV4_MT50|CMD|setoption name MultiPV value 4
S|MPV4_MT50|CMD|position fen rnbakabnr/9/1c5c1/p1p1p1p1p/9/9/P1P1P1P1P/1C5C1/9/RNBAKABNR w - - 0 1
S|MPV4_MT50|CMD|go movetime 50
S|MPV4_MT50|OUT|info string Available processors: 0-15
S|MPV4_MT50|OUT|info string Using 4 threads
S|MPV4_MT50|OUT|info string NNUE evaluation using pikafish.nnue (64MiB, (62083, 1024, 32, 32, 1))
S|MPV4_MT50|OUT|info string Network replica 1: Local memory. Shared memory not supported by the OS. Local allocation fallback.
S|MPV4_MT50|OUT|info depth 1 seldepth 9 multipv 1 score cp 26 nodes 871 nps 871000 hashfull 0 tbhits 0 time 1 pv h2e2
S|MPV4_MT50|OUT|info depth 1 seldepth 3 multipv 2 score cp 21 nodes 871 nps 871000 hashfull 0 tbhits 0 time 1 pv b2e2
S|MPV4_MT50|OUT|info depth 1 seldepth 3 multipv 3 score cp 16 nodes 871 nps 871000 hashfull 0 tbhits 0 time 1 pv h0g2
S|MPV4_MT50|OUT|info depth 1 seldepth 3 multipv 4 score cp 14 nodes 871 nps 871000 hashfull 0 tbhits 0 time 1 pv c3c4
S|MPV4_MT50|OUT|info depth 2 seldepth 5 multipv 1 score cp 26 nodes 2275 nps 2275000 hashfull 0 tbhits 0 time 1 pv h2e2 h9g7 h0g2
S|MPV4_MT50|OUT|info depth 2 seldepth 3 multipv 2 score cp 21 nodes 2275 nps 2275000 hashfull 0 tbhits 0 time 1 pv b2e2
S|MPV4_MT50|OUT|info depth 2 seldepth 3 multipv 3 score cp 14 nodes 2275 nps 2275000 hashfull 0 tbhits 0 time 1 pv c3c4
S|MPV4_MT50|OUT|info depth 2 seldepth 3 multipv 4 score cp 12 nodes 2275 nps 2275000 hashfull 0 tbhits 0 time 1 pv b2d2
S|MPV4_MT50|OUT|info depth 3 seldepth 6 multipv 1 score cp 26 nodes 4619 nps 2309500 hashfull 0 tbhits 0 time 2 pv h2e2 h9g7 h0g2 i9h9
S|MPV4_MT50|OUT|info depth 3 seldepth 6 multipv 2 score cp 21 nodes 4619 nps 2309500 hashfull 0 tbhits 0 time 2 pv b2e2 h9g7
S|MPV4_MT50|OUT|info depth 3 seldepth 6 multipv 3 score cp 21 nodes 4619 nps 2309500 hashfull 0 tbhits 0 time 2 pv c3c4 b7c7 h2e2 h7e7 h0g2
S|MPV4_MT50|OUT|info depth 3 seldepth 5 multipv 4 score cp 18 nodes 4619 nps 1539666 hashfull 0 tbhits 0 time 3 pv g3g4 h7g7
S|MPV4_MT50|OUT|info depth 4 seldepth 13 multipv 1 score cp 26 nodes 6575 nps 2191666 hashfull 0 tbhits 0 time 3 pv h2e2 h9g7 h0g2 i9h9
S|MPV4_MT50|OUT|info depth 4 seldepth 7 multipv 2 score cp 22 nodes 6575 nps 2191666 hashfull 0 tbhits 0 time 3 pv g3g4 h7g7 b2e2 b7e7
S|MPV4_MT50|OUT|info depth 4 seldepth 7 multipv 3 score cp 20 nodes 6575 nps 2191666 hashfull 0 tbhits 0 time 3 pv c3c4 b7c7 h2e2 h7e7
S|MPV4_MT50|OUT|info depth 4 seldepth 7 multipv 4 score cp 18 nodes 6575 nps 2191666 hashfull 0 tbhits 0 time 3 pv b2e2 b9c7 b0c2 a9b9
S|MPV4_MT50|OUT|info depth 5 seldepth 9 multipv 1 score cp 25 nodes 9411 nps 2352750 hashfull 0 tbhits 0 time 4 pv h2e2 h9g7 h0g2 i9h9 i0h0 g6g5 h0h6 c6c5
S|MPV4_MT50|OUT|info depth 5 seldepth 10 multipv 2 score cp 21 nodes 9411 nps 1882200 hashfull 0 tbhits 0 time 5 pv b2e2 b9c7 b0c2 a9b9 a0b0
S|MPV4_MT50|OUT|info depth 5 seldepth 7 multipv 3 score cp 19 nodes 9411 nps 1882200 hashfull 0 tbhits 0 time 5 pv c3c4
S|MPV4_MT50|OUT|info depth 5 seldepth 7 multipv 4 score cp 16 nodes 9411 nps 1882200 hashfull 0 tbhits 0 time 5 pv g3g4 h7g7 b2e2 g9e7 b0c2
S|MPV4_MT50|OUT|info depth 6 seldepth 11 multipv 1 score cp 23 nodes 14263 nps 2377166 hashfull 0 tbhits 0 time 6 pv b2e2 b9c7 c3c4 a9b9 b0c2 b7a7 h0g2
S|MPV4_MT50|OUT|info depth 6 seldepth 11 multipv 2 score cp 21 nodes 14263 nps 2377166 hashfull 0 tbhits 0 time 6 pv h2e2 h9g7 h0g2 i9h9 i0h0 g6g5 b0c2
S|MPV4_MT50|OUT|info depth 6 seldepth 10 multipv 3 score cp 21 nodes 14263 nps 2377166 hashfull 0 tbhits 0 time 6 pv g3g4 h7g7 b2e2 b7e7
S|MPV4_MT50|OUT|info depth 6 seldepth 10 multipv 4 score cp 15 nodes 14263 nps 2377166 hashfull 0 tbhits 0 time 6 pv c3c4 b7c7 h2e2 c9e7 e2e6
S|MPV4_MT50|OUT|info depth 7 seldepth 12 multipv 1 score cp 26 nodes 16997 nps 2428142 hashfull 0 tbhits 0 time 7 pv h2e2 h9g7 h0g2 i9h9 i0h0 g6g5
S|MPV4_MT50|OUT|info depth 7 seldepth 11 multipv 2 score cp 20 nodes 16997 nps 2428142 hashfull 0 tbhits 0 time 7 pv g3g4 h7g7 b2e2
S|MPV4_MT50|OUT|info depth 7 seldepth 10 multipv 3 score cp 20 nodes 16997 nps 2428142 hashfull 0 tbhits 0 time 7 pv b2e2 b9c7 c3c4 a9b9 b0c2 b7a7 h0g2 g6g5
S|MPV4_MT50|OUT|info depth 7 seldepth 12 multipv 4 score cp 15 nodes 16997 nps 2428142 hashfull 0 tbhits 0 time 7 pv c3c4 b7c7 h2e2 c9e7 h0g2 c6c5 c0a2 c5c4
S|MPV4_MT50|OUT|info depth 8 seldepth 9 multipv 1 score cp 26 nodes 27261 nps 2478272 hashfull 1 tbhits 0 time 11 pv h2e2 h9g7 h0g2 i9h9 i0h0 g6g5 h0h6
S|MPV4_MT50|OUT|info depth 8 seldepth 8 multipv 2 score cp 20 nodes 27261 nps 2478272 hashfull 1 tbhits 0 time 11 pv g3g4 h7g7 b2e2 b7e7 b0c2 h9i7 h2f2
S|MPV4_MT50|OUT|info depth 8 seldepth 14 multipv 3 score cp 20 nodes 27261 nps 2478272 hashfull 1 tbhits 0 time 11 pv b2e2 b9c7 c3c4 b7a7 g3g4
S|MPV4_MT50|OUT|info depth 8 seldepth 15 multipv 4 score cp 16 nodes 27261 nps 2271750 hashfull 1 tbhits 0 time 12 pv h0g2 g6g5 b2e2 h9g7 b0c2 b9a7
S|MPV4_MT50|OUT|info depth 9 seldepth 19 multipv 1 score cp 25 nodes 80726 nps 2604064 hashfull 3 tbhits 0 time 31 pv h2e2 h9g7 h0g2 i9h9 i0h0 g6g5 h0h6 c6c5
S|MPV4_MT50|OUT|info depth 9 seldepth 18 multipv 2 score cp 21 nodes 80726 nps 2604064 hashfull 3 tbhits 0 time 31 pv b2e2 b9c7 c3c4 a9b9 b0c2 b7a7 h0g2 g6g5 h2h6 h9g7 h6g6 h7h5 i0h0 i9h9 h0h4 c6c5
S|MPV4_MT50|OUT|info depth 9 seldepth 16 multipv 3 score cp 16 nodes 80726 nps 2604064 hashfull 3 tbhits 0 time 31 pv g3g4 h7g7 b2e2 g9e7 b0c2 g6g5 a0b0 g5g4 h0i2 a9a8 b0b4 a8f8 b4g4 f8f6 i0h0
S|MPV4_MT50|OUT|info depth 9 seldepth 22 multipv 4 score cp 15 nodes 80726 nps 2604064 hashfull 3 tbhits 0 time 31 pv h0g2 g6g5 b2e2 b9c7 b0c2 a9b9 a0b0 b7b3 c3c4 h9g7 h2h6 b3g3 b0b9 c7b9 f0e1 i6i5 h6c6 i9h9
S|MPV4_MT50|OUT|info depth 10 seldepth 34 multipv 1 score cp 26 nodes 130477 nps 2609540 hashfull 5 tbhits 0 time 50 pv h2e2 h9g7 h0g2 i9h9 i0h0 g6g5 h0h6 c6c5 b0c2 b9c7 a0a1 b7b6 h6h4 c9e7 g3g4 g5g4 h4g4 g7h5 a1d1 d9e8 e3e4
S|MPV4_MT50|OUT|info depth 10 seldepth 21 multipv 2 score cp 21 nodes 130477 nps 2609540 hashfull 5 tbhits 0 time 50 pv b2e2 b9c7 c3c4 a9b9 b0c2 b7a7 h0g2 g6g5 h2h6 h9g7 h6g6 i9h9 i0h0 g9e7
S|MPV4_MT50|OUT|info depth 10 seldepth 31 multipv 3 score cp 16 nodes 130477 nps 2609540 hashfull 5 tbhits 0 time 50 pv g3g4 h7g7 b2e2 g9e7 b0c2 g6g5 g0i2 g5g4 i2g4 a9a8 e2e6 f9e8 i0i2
S|MPV4_MT50|OUT|info depth 9 seldepth 22 multipv 4 score cp 15 nodes 130477 nps 2609540 hashfull 5 tbhits 0 time 50 pv h0g2 g6g5 b2e2 b9c7 b0c2 a9b9 a0b0 b7b3 c3c4 h9g7 h2h6 b3g3 b0b9 c7b9 f0e1 i6i5 h6c6 i9h9
S|MPV4_MT50|OUT|bestmove h2e2 ponder h9g7
S|MPV4_MT50|TIMEOUT
S|MPV4_MT50|END|lines=45
S|MPV4_MT150|CMD|setoption name MultiPV value 4
S|MPV4_MT150|CMD|position fen rnbakabnr/9/1c5c1/p1p1p1p1p/9/9/P1P1P1P1P/1C5C1/9/RNBAKABNR w - - 0 1
S|MPV4_MT150|CMD|go movetime 150
S|MPV4_MT150|OUT|info string Available processors: 0-15
S|MPV4_MT150|OUT|info string Using 4 threads
S|MPV4_MT150|OUT|info string NNUE evaluation using pikafish.nnue (64MiB, (62083, 1024, 32, 32, 1))
S|MPV4_MT150|OUT|info string Network replica 1: Local memory. Shared memory not supported by the OS. Local allocation fallback.
S|MPV4_MT150|OUT|info depth 1 seldepth 8 multipv 1 score cp 26 nodes 683 nps 683000 hashfull 0 tbhits 0 time 1 pv h2e2
S|MPV4_MT150|OUT|info depth 1 seldepth 3 multipv 2 score cp 21 nodes 683 nps 683000 hashfull 0 tbhits 0 time 1 pv b2e2
S|MPV4_MT150|OUT|info depth 1 seldepth 3 multipv 3 score cp 17 nodes 683 nps 683000 hashfull 0 tbhits 0 time 1 pv c3c4
S|MPV4_MT150|OUT|info depth 1 seldepth 3 multipv 4 score cp 17 nodes 683 nps 683000 hashfull 0 tbhits 0 time 1 pv g3g4
S|MPV4_MT150|OUT|info depth 2 seldepth 3 multipv 1 score cp 26 nodes 2364 nps 2364000 hashfull 0 tbhits 0 time 1 pv h2e2
S|MPV4_MT150|OUT|info depth 2 seldepth 3 multipv 2 score cp 20 nodes 2364 nps 2364000 hashfull 0 tbhits 0 time 1 pv b2e2
S|MPV4_MT150|OUT|info depth 2 seldepth 3 multipv 3 score cp 17 nodes 2364 nps 2364000 hashfull 0 tbhits 0 time 1 pv h0g2
S|MPV4_MT150|OUT|info depth 2 seldepth 3 multipv 4 score cp 16 nodes 2364 nps 1182000 hashfull 0 tbhits 0 time 2 pv c3c4
S|MPV4_MT150|OUT|info depth 3 seldepth 7 multipv 1 score cp 29 nodes 4229 nps 2114500 hashfull 0 tbhits 0 time 2 pv b2e2 b9c7
S|MPV4_MT150|OUT|info depth 3 seldepth 5 multipv 2 score cp 27 nodes 4229 nps 2114500 hashfull 0 tbhits 0 time 2 pv h2e2 h9g7 h0g2 i9h9
S|MPV4_MT150|OUT|info depth 3 seldepth 4 multipv 3 score cp 19 nodes 4229 nps 2114500 hashfull 0 tbhits 0 time 2 pv g3g4 h7g7
S|MPV4_MT150|OUT|info depth 3 seldepth 5 multipv 4 score cp 16 nodes 4229 nps 2114500 hashfull 0 tbhits 0 time 2 pv c3c4
S|MPV4_MT150|OUT|info depth 4 seldepth 7 multipv 1 score cp 26 nodes 5939 nps 1979666 hashfull 0 tbhits 0 time 3 pv h2e2 h9g7 h0g2 i9h9
S|MPV4_MT150|OUT|info depth 4 seldepth 8 multipv 2 score cp 24 nodes 5939 nps 1979666 hashfull 0 tbhits 0 time 3 pv b2e2 b9c7 b0c2
S|MPV4_MT150|OUT|info depth 4 seldepth 7 multipv 3 score cp 17 nodes 5939 nps 1979666 hashfull 0 tbhits 0 time 3 pv c3c4 b7c7 h2e2
S|MPV4_MT150|OUT|info depth 4 seldepth 17 multipv 4 score cp 16 nodes 5939 nps 1979666 hashfull 0 tbhits 0 time 3 pv g3g4 h7g7 b2e2 g9e7 b0c2 g6g5 g0i2 g5g4 i2g4 a9a8 e2e6 f9e8 a0b0 h9f8 e6e4 a8d8
S|MPV4_MT150|OUT|info depth 5 seldepth 7 multipv 1 score cp 26 nodes 7902 nps 2634000 hashfull 0 tbhits 0 time 3 pv b2e2
S|MPV4_MT150|OUT|info depth 5 seldepth 10 multipv 2 score cp 24 nodes 7902 nps 2634000 hashfull 0 tbhits 0 time 3 pv h2e2 h9g7 h0g2 i9h9
S|MPV4_MT150|OUT|info depth 5 seldepth 8 multipv 3 score cp 19 nodes 7902 nps 2634000 hashfull 0 tbhits 0 time 3 pv b0c2
S|MPV4_MT150|OUT|info depth 5 seldepth 4 multipv 4 score cp 18 nodes 7902 nps 2634000 hashfull 0 tbhits 0 time 3 pv h0g2
S|MPV4_MT150|OUT|info depth 6 seldepth 7 multipv 1 score cp 29 nodes 14085 nps 2817000 hashfull 0 tbhits 0 time 5 pv b2e2 b9c7 b0c2
S|MPV4_MT150|OUT|info depth 6 seldepth 9 multipv 2 score cp 25 nodes 14085 nps 2817000 hashfull 0 tbhits 0 time 5 pv h2e2 h9g7 h0g2 g6g5 i0h0 i9h9
S|MPV4_MT150|OUT|info depth 6 seldepth 10 multipv 3 score cp 17 nodes 14085 nps 2817000 hashfull 0 tbhits 0 time 5 pv g3g4 h7g7 b2e2 g9e7 b0c2 g6g5
S|MPV4_MT150|OUT|info depth 6 seldepth 8 multipv 4 score cp 16 nodes 14085 nps 2347500 hashfull 0 tbhits 0 time 6 pv h0g2
S|MPV4_MT150|OUT|info depth 7 seldepth 20 multipv 2 score cp 21 nodes 26264 nps 2918222 hashfull 0 tbhits 0 time 9 pv b2e2 b9c7 b0c2 c6c5 a0b0 a9b9 h0g2 h9g7 b0b6 g6g5 i0i1 f9e8 i1f1 c7d5 e3e4 c5c4
S|MPV4_MT150|OUT|info depth 7 seldepth 17 multipv 3 score cp 16 nodes 26264 nps 2918222 hashfull 0 tbhits 0 time 9 pv g3g4 h7g7 b2e2 g9e7 b0c2 g6g5 g0i2 g5g4 i2g4 a9a8 e2e6 f9e8 a0b0 h9f8 e6e4 a8d8
S|MPV4_MT150|OUT|info depth 7 seldepth 19 multipv 4 score cp 15 nodes 26264 nps 2918222 hashfull 0 tbhits 0 time 9 pv h0g2 g6g5 b2e2 b9c7 b0c2 a9b9 a0b0 b7b3 c3c4 h9g7 h2h6 b3g3 b0b9 c7b9
S|MPV4_MT150|OUT|info depth 7 seldepth 13 multipv 1 score cp 26 nodes 26264 nps 2918222 hashfull 0 tbhits 0 time 9 pv h2e2 h9g7 h0g2 g6g5 i0h0 i9h9 b0c2 h7h3 g2i1
S|MPV4_MT150|OUT|info depth 8 seldepth 14 multipv 1 score cp 27 nodes 42627 nps 2664187 hashfull 0 tbhits 0 time 16 pv h2e2 h9g7 h0g2 g6g5 i0h0 i9h9 h0h6 b9c7 b0c2 c6c5 a0a1 b7b6 h6h4
S|MPV4_MT150|OUT|info depth 8 seldepth 14 multipv 2 score cp 20 nodes 42627 nps 2664187 hashfull 0 tbhits 0 time 16 pv b2e2 b9c7 b0c2 c6c5 a0b0 a9b9 b0b6 h9g7 h0g2 g6g5 i0i1 f9e8 i1f1
S|MPV4_MT150|OUT|info depth 8 seldepth 25 multipv 3 score cp 16 nodes 42627 nps 2664187 hashfull 0 tbhits 0 time 16 pv g3g4 h7g7 b2e2 g9e7 b0c2 g6g5 f0e1
S|MPV4_MT150|OUT|info depth 8 seldepth 18 multipv 4 score cp 16 nodes 42627 nps 2664187 hashfull 0 tbhits 0 time 16 pv h2f2 b7e7 b0c2 b9c7 h0g2 h9i7
S|MPV4_MT150|OUT|info depth 9 seldepth 22 multipv 1 score cp 26 nodes 66991 nps 2912652 hashfull 1 tbhits 0 time 23 pv h2e2 h9g7 h0g2 g6g5 i0h0 i9h9 h0h6 b9c7 b0c2 h7i7
S|MPV4_MT150|OUT|info depth 9 seldepth 22 multipv 2 score cp 21 nodes 66991 nps 2791291 hashfull 1 tbhits 0 time 24 pv b2e2 b9c7 b0c2 c6c5 a0b0 a9b9 b0b6 h9g7 h0g2 g6g5 i0i1 f9e8 i1f1 c7d5 e3e4 c5c4 b6d6 d5c3
S|MPV4_MT150|OUT|info depth 9 seldepth 14 multipv 3 score cp 18 nodes 66991 nps 2791291 hashfull 1 tbhits 0 time 24 pv g3g4 h7g7 b2e2 g9e7 b0c2 g6g5 g0i2 g5g4 a0b0 a9a8 e2e6 f9e8 i2g4
S|MPV4_MT150|OUT|info depth 9 seldepth 22 multipv 4 score cp 16 nodes 66991 nps 2791291 hashfull 1 tbhits 0 time 24 pv h0g2 g6g5 b2e2 h9g7 b0c2 b9c7 a0b0 a9b9 b0b6
S|MPV4_MT150|OUT|info depth 10 seldepth 28 multipv 1 score cp 25 nodes 100167 nps 2946088 hashfull 2 tbhits 0 time 34 pv h2e2 h9g7 h0g2 g6g5 i0h0 i9h9 h0h6 c6c5 b0c2 b9c7 a0a1 b7b6 h6h4 c9e7 c3c4 h7h5 a1d1
S|MPV4_MT150|OUT|info depth 10 seldepth 17 multipv 2 score cp 21 nodes 100167 nps 2946088 hashfull 2 tbhits 0 time 34 pv b2e2 b9c7 b0c2 c6c5 a0b0 a9b9 b0b6 h9g7 h0g2 g6g5 i0i1 f9e8 i1f1 c7d5 e3e4
S|MPV4_MT150|OUT|info depth 10 seldepth 21 multipv 3 score cp 17 nodes 100167 nps 2946088 hashfull 3 tbhits 0 time 34 pv g3g4 h7g7 b2e2 g9e7 b0c2 g6g5 g0i2 g5g4 i2g4 a9a8 e2e6 f9e8 a0b0 h9f8 e6e4 a8d8 h2g2 b9a7 b0b5
S|MPV4_MT150|OUT|info depth 10 seldepth 21 multipv 4 score cp 16 nodes 100167 nps 2946088 hashfull 3 tbhits 0 time 34 pv h0g2 g6g5 b2e2 b9c7 b0c2 a9b9 a0b0 b7b3 c3c4 h9g7 h2h6 b3g3 b0b9 c7b9
S|MPV4_MT150|OUT|info depth 11 seldepth 28 multipv 1 score cp 26 nodes 239769 nps 2664100 hashfull 12 tbhits 0 time 90 pv h2e2 h9g7 h0g2 g6g5 i0h0 i9h9 h0h6 c6c5 b0c2 d9e8
S|MPV4_MT150|OUT|info depth 11 seldepth 21 multipv 2 score cp 21 nodes 239769 nps 2664100 hashfull 12 tbhits 0 time 90 pv b2e2 b9c7 b0c2 c6c5 a0b0 a9b9 b0b6 h9g7 h0g2 g6g5 i0i1 f9e8 i1f1 c7d5 e3e4 c5c4 b6d6 d5c3 c2e3
S|MPV4_MT150|OUT|info depth 11 seldepth 32 multipv 3 score cp 21 nodes 239769 nps 2664100 hashfull 12 tbhits 0 time 90 pv g3g4 h7g7 b2e2 g9e7 b0c2 g6g5 a0b0 g5g4 g0i2 a9a8 e2e6 f9e8 i2g4 h9f8 e6e4 a8d8 h2g2
S|MPV4_MT150|OUT|info depth 11 seldepth 26 multipv 4 score cp 17 nodes 239769 nps 2664100 hashfull 12 tbhits 0 time 90 pv b0c2 c6c5 b2a2
S|MPV4_MT150|OUT|info depth 12 seldepth 31 multipv 1 score cp 28 nodes 264188 nps 2615722 hashfull 14 tbhits 0 time 101 pv h2e2 h9g7 h0g2 g6g5 i0h0 i9h9 h0h6 b9c7 b0c2 c6c5 a0a1 d9e8 a1d1 c9e7 e3e4 b7b3
S|MPV4_MT150|OUT|info depth 12 seldepth 27 multipv 2 score cp 21 nodes 264188 nps 2615722 hashfull 14 tbhits 0 time 101 pv g3g4 h7g7 b2e2 g9e7 b0c2 g6g5 a0b0 g5g4 g0i2 a9a8 e2e6 f9e8 i2g4 h9f8
S|MPV4_MT150|OUT|info depth 12 seldepth 32 multipv 3 score cp 20 nodes 264188 nps 2615722 hashfull 14 tbhits 0 time 101 pv b2e2 b9c7 c3c4 a9b9 b0c2 b7a7 h0g2 g6g5 h2h6 h9g7 h6c6
S|MPV4_MT150|OUT|info depth 12 seldepth 18 multipv 4 score cp 14 nodes 264188 nps 2615722 hashfull 14 tbhits 0 time 101 pv h0g2 g6g5 b2e2 b9c7 b0c2 a9b9 a0b0 b7b3 c3c4 h9g7 h2h6 b3g3 b0b9 c7b9 g0i2 g9e7 f0e1
S|MPV4_MT150|OUT|info depth 12 seldepth 37 multipv 1 score cp 27 nodes 389920 nps 2599466 hashfull 19 tbhits 0 time 150 pv h2e2 h9g7 h0g2 g6g5 i0h0 i9h9 h0h6 b9c7 b0c2 c6c5 a0a1 b7b6 h6h4 c9e7 g3g4 g5g4 h4g4 g7f5 a1f1 f5h6 g4b4
S|MPV4_MT150|OUT|info depth 12 seldepth 13 multipv 2 score cp 22 nodes 389920 nps 2599466 hashfull 19 tbhits 0 time 150 pv b2e2 b9c7 h2f2 h9g7 h0g2 a9b9 i0h0 i9h9 g3g4 c6c5 b0c2
S|MPV4_MT150|OUT|info depth 12 seldepth 26 multipv 3 score cp 20 nodes 389920 nps 2599466 hashfull 19 tbhits 0 time 150 pv g3g4 h7g7 b2e2 g9e7 b0c2 g6g5 g0i2 g5g4 a0b0 a9a8 e2e6 f9e8 i2g4 h9f8 e6e4 a8d8 b0b5
S|MPV4_MT150|OUT|info depth 12 seldepth 28 multipv 4 score cp 12 upperbound nodes 389920 nps 2599466 hashfull 19 tbhits 0 time 150 pv h0g2 g6g5
S|MPV4_MT150|OUT|bestmove h2e2 ponder h9g7
S|MPV4_MT150|END|lines=57
S|MPV4_MT500|CMD|setoption name MultiPV value 4
S|MPV4_MT500|CMD|position fen rnbakabnr/9/1c5c1/p1p1p1p1p/9/9/P1P1P1P1P/1C5C1/9/RNBAKABNR w - - 0 1
S|MPV4_MT500|CMD|go movetime 500
S|MPV4_MT500|OUT|info string Available processors: 0-15
S|MPV4_MT500|OUT|info string Using 4 threads
S|MPV4_MT500|OUT|info string NNUE evaluation using pikafish.nnue (64MiB, (62083, 1024, 32, 32, 1))
S|MPV4_MT500|OUT|info string Network replica 1: Local memory. Shared memory not supported by the OS. Local allocation fallback.
S|MPV4_MT500|OUT|info depth 1 seldepth 4 multipv 1 score cp 25 nodes 1009 nps 1009000 hashfull 0 tbhits 0 time 1 pv h2e2
S|MPV4_MT500|OUT|info depth 1 seldepth 3 multipv 2 score cp 22 nodes 1009 nps 1009000 hashfull 0 tbhits 0 time 1 pv b2e2
S|MPV4_MT500|OUT|info depth 1 seldepth 3 multipv 3 score cp 20 nodes 1009 nps 1009000 hashfull 0 tbhits 0 time 1 pv g3g4
S|MPV4_MT500|OUT|info depth 1 seldepth 3 multipv 4 score cp 16 nodes 1009 nps 1009000 hashfull 0 tbhits 0 time 1 pv h0g2
S|MPV4_MT500|OUT|info depth 2 seldepth 3 multipv 1 score cp 27 nodes 2914 nps 2914000 hashfull 0 tbhits 0 time 1 pv h2e2 h9g7
S|MPV4_MT500|OUT|info depth 2 seldepth 3 multipv 2 score cp 20 nodes 2914 nps 2914000 hashfull 0 tbhits 0 time 1 pv g3g4
S|MPV4_MT500|OUT|info depth 2 seldepth 5 multipv 3 score cp 19 nodes 2914 nps 2914000 hashfull 0 tbhits 0 time 1 pv b2e2 b9c7 b0c2
S|MPV4_MT500|OUT|info depth 2 seldepth 5 multipv 4 score cp 18 nodes 2914 nps 2914000 hashfull 0 tbhits 0 time 1 pv b2d2
S|MPV4_MT500|OUT|info depth 3 seldepth 5 multipv 1 score cp 30 nodes 5124 nps 2562000 hashfull 0 tbhits 0 time 2 pv h2e2 h9g7 h0g2
S|MPV4_MT500|OUT|info depth 3 seldepth 4 multipv 2 score cp 26 nodes 5124 nps 2562000 hashfull 0 tbhits 0 time 2 pv b2e2 b9c7
S|MPV4_MT500|OUT|info depth 3 seldepth 4 multipv 3 score cp 18 nodes 5124 nps 2562000 hashfull 0 tbhits 0 time 2 pv b2d2 h7e7
S|MPV4_MT500|OUT|info depth 3 seldepth 5 multipv 4 score cp 18 nodes 5124 nps 2562000 hashfull 0 tbhits 0 time 2 pv g3g4 h7g7 b2e2
S|MPV4_MT500|OUT|info depth 4 seldepth 6 multipv 1 score cp 26 nodes 7397 nps 2465666 hashfull 0 tbhits 0 time 3 pv h2e2 h9g7 h0g2
S|MPV4_MT500|OUT|info depth 4 seldepth 6 multipv 2 score cp 20 nodes 7397 nps 2465666 hashfull 0 tbhits 0 time 3 pv b2e2 b9c7 b0c2 c6c5 h0g2
S|MPV4_MT500|OUT|info depth 4 seldepth 7 multipv 3 score cp 16 nodes 7397 nps 2465666 hashfull 0 tbhits 0 time 3 pv g3g4 h7g7 b2e2 g9e7
S|MPV4_MT500|OUT|info depth 4 seldepth 6 multipv 4 score cp 14 nodes 7397 nps 2465666 hashfull 0 tbhits 0 time 3 pv b0c2 c6c5 h2e2 h9g7 h0g2
S|MPV4_MT500|OUT|info depth 5 seldepth 7 multipv 1 score cp 26 nodes 9411 nps 3137000 hashfull 0 tbhits 0 time 3 pv h2e2 h9g7 h0g2 g6g5 i0h0
S|MPV4_MT500|OUT|info depth 5 seldepth 6 multipv 2 score cp 22 nodes 9411 nps 3137000 hashfull 0 tbhits 0 time 3 pv b2e2 b9c7 h2f2 a9b9 h0g2
S|MPV4_MT500|OUT|info depth 5 seldepth 12 multipv 3 score cp 20 nodes 9411 nps 3137000 hashfull 0 tbhits 0 time 3 pv g3g4 h7g7 b2e2 g9e7 b0c2 g6g5 g0i2 g5g4
S|MPV4_MT500|OUT|info depth 5 seldepth 14 multipv 4 score cp 14 nodes 9411 nps 3137000 hashfull 0 tbhits 0 time 3 pv b2d2
S|MPV4_MT500|OUT|info depth 6 seldepth 9 multipv 1 score cp 26 nodes 11438 nps 2859500 hashfull 0 tbhits 0 time 4 pv h2e2 h9g7 h0g2 g6g5 i0h0 i9h9 h0h6
S|MPV4_MT500|OUT|info depth 6 seldepth 7 multipv 2 score cp 22 nodes 11438 nps 2859500 hashfull 0 tbhits 0 time 4 pv b2e2 b9c7 h2f2 a9b9 h0g2 h9g7
S|MPV4_MT500|OUT|info depth 6 seldepth 10 multipv 3 score cp 20 nodes 11438 nps 2859500 hashfull 0 tbhits 0 time 4 pv g3g4 h7g7 b2e2 g9e7 b0c2 g6g5
S|MPV4_MT500|OUT|info depth 6 seldepth 10 multipv 4 score cp 14 nodes 11438 nps 2859500 hashfull 0 tbhits 0 time 4 pv b2d2 h7e7 h0g2 h9g7 b0c2
S|MPV4_MT500|OUT|info depth 7 seldepth 10 multipv 1 score cp 26 nodes 19392 nps 2770285 hashfull 0 tbhits 0 time 7 pv h2e2 h9g7 h0g2 g6g5 i0h0 i9h9 h0h6 b9c7 b0c2
S|MPV4_MT500|OUT|info depth 7 seldepth 17 multipv 2 score cp 22 nodes 19392 nps 2770285 hashfull 0 tbhits 0 time 7 pv b2e2 b9c7 h2f2 a9b9 h0g2 h9g7 b0c2 i9h9 i0h0 b7a7 g3g4 b9b5 a0b0 b5b0 c2b0
S|MPV4_MT500|OUT|info depth 7 seldepth 24 multipv 3 score cp 21 nodes 19392 nps 2770285 hashfull 0 tbhits 0 time 7 pv g3g4 h7g7 b2e2 g9e7 b0c2 g6g5 g0i2 g5g4 a0b0 a9a8 e2e6 f9e8 i2g4
S|MPV4_MT500|OUT|info depth 7 seldepth 22 multipv 4 score cp 15 nodes 19392 nps 2770285 hashfull 0 tbhits 0 time 7 pv h0g2 g6g5 b2d2 b9a7 h2i2 h9g7
S|MPV4_MT500|OUT|info depth 8 seldepth 31 multipv 1 score cp 23 nodes 50214 nps 3138375 hashfull 1 tbhits 0 time 16 pv h2e2 h9g7 h0g2 g6g5 i0h0 i9h9 h0h6 b9c7 b0c2 c6c5 a0a1 b7b6
S|MPV4_MT500|OUT|info depth 8 seldepth 22 multipv 2 score cp 22 nodes 50214 nps 3138375 hashfull 1 tbhits 0 time 16 pv b2e2 b9c7 b0c2 c6c5 a0b0 a9b9 h0g2 b7b3 g3g4 g9e7 c2a1
S|MPV4_MT500|OUT|info depth 8 seldepth 14 multipv 3 score cp 21 nodes 50214 nps 3138375 hashfull 1 tbhits 0 time 16 pv g3g4 h7g7 b2e2 g9e7 b0c2 g6g5 a0b0 g5g4 g0i2 a9a8 e2e6 f9e8 i2g4
S|MPV4_MT500|OUT|info depth 8 seldepth 22 multipv 4 score cp 12 nodes 50214 nps 3138375 hashfull 1 tbhits 0 time 16 pv h0g2 g6g5 b2e2 b9c7 b0c2 a9b9 a0b0 b7b3 c3c4 h9g7 h2h6 b3g3 b0b9 c7b9 g0i2 g9e7 h6c6
S|MPV4_MT500|OUT|info depth 9 seldepth 34 multipv 1 score cp 23 nodes 91502 nps 3267928 hashfull 4 tbhits 0 time 28 pv b2e2 b9c7 b0c2 a9b9 a0b0 c6c5 h0g2 h9g7 b0b6 g6g5 i0i1 f9e8 i1f1 c7d5 e3e4 c5c4 b6d6 d5c3 c2e3 c3e2 h2e2 b7c7 c0a2 c4d4 d6d4 i9h9 g3g4 h7h2 e2h2 h9h2 g4g5 g7f9 f1f6
S|MPV4_MT500|OUT|info depth 9 seldepth 13 multipv 2 score cp 23 nodes 91502 nps 3267928 hashfull 4 tbhits 0 time 28 pv h2e2 h9g7 h0g2 g6g5 i0h0 i9h9 h0h6 b9c7 b0c2 c6c5 a0a1 b7b6
S|MPV4_MT500|OUT|info depth 9 seldepth 21 multipv 3 score cp 17 nodes 91502 nps 3267928 hashfull 4 tbhits 0 time 28 pv g3g4 h7g7 b2e2 g9e7 b0c2 g6g5 a0b0 g5g4 g0i2 a9a8 i2g4
S|MPV4_MT500|OUT|info depth 9 seldepth 24 multipv 4 score cp 14 nodes 91502 nps 3267928 hashfull 4 tbhits 0 time 28 pv b0c2 c6c5 h2e2 b9c7 h0g2 h9g7 i0h0 i9h9 h0h4 g6g5
S|MPV4_MT500|OUT|info depth 10 seldepth 20 multipv 1 score cp 26 nodes 100241 nps 3233580 hashfull 4 tbhits 0 time 31 pv h2e2 h9g7 h0g2 g6g5 i0h0 i9h9 h0h6 b9c7 b0c2 c6c5 a0a1 b7b6 h6h4 c9e7 c3c4
S|MPV4_MT500|OUT|info depth 10 seldepth 27 multipv 2 score cp 23 nodes 100241 nps 3233580 hashfull 4 tbhits 0 time 31 pv b2e2 b9c7 b0c2 c6c5 a0b0 a9b9 h0g2 h9g7 b0b6 g6g5 i0i1 f9e8 i1f1 c7d5 e3e4 c5c4 b6d6 d5c3 c2e3 c3e2 h2e2 b7c7 c0a2 c4d4 d6d4 i9h9
S|MPV4_MT500|OUT|info depth 10 seldepth 15 multipv 3 score cp 19 nodes 100241 nps 3233580 hashfull 4 tbhits 0 time 31 pv g3g4 h7g7 b2e2 g9e7 b0c2 g6g5 a0b0 g5g4 g0i2 a9a8 e2e6 f9e8 i2g4 h9f8
S|MPV4_MT500|OUT|info depth 10 seldepth 22 multipv 4 score cp 14 nodes 100241 nps 3233580 hashfull 4 tbhits 0 time 31 pv b0c2 c6c5 h2e2 b9c7 h0g2 h9g7 i0h0 i9h9 h0h4 h7i7 h4h9 g7h9 g3g4 c9e7
S|MPV4_MT500|OUT|info depth 11 seldepth 18 multipv 1 score cp 26 nodes 128176 nps 3126243 hashfull 5 tbhits 0 time 41 pv h2e2 h9g7 h0g2 g6g5 i0h0 i9h9 h0h6 b9c7 b0c2 c6c5 a0a1 b7b6 h6h4 c9e7 c3c4 h7h5
S|MPV4_MT500|OUT|info depth 11 seldepth 33 multipv 2 score cp 23 nodes 128176 nps 3126243 hashfull 5 tbhits 0 time 41 pv b2e2 b9c7 b0c2 c6c5 a0b0 a9b9 h0g2 h9g7 b0b6 g6g5 i0i1 b7a7
S|MPV4_MT500|OUT|info depth 11 seldepth 26 multipv 3 score cp 19 nodes 128176 nps 3126243 hashfull 5 tbhits 0 time 41 pv g3g4 h7g7 b2e2 g9e7 b0c2 g6g5 a0b0 g5g4 g0i2 a9a8 e2e6 f9e8 i2g4 a8d8
S|MPV4_MT500|OUT|info depth 11 seldepth 22 multipv 4 score cp 14 nodes 128176 nps 3126243 hashfull 5 tbhits 0 time 41 pv b0c2 c6c5 h2e2 h9g7 h0g2 i9h9 i0h0 h7h3 g3g4 b9c7
S|MPV4_MT500|OUT|info depth 12 seldepth 20 multipv 1 score cp 26 nodes 233150 nps 2951265 hashfull 8 tbhits 0 time 79 pv h2e2 h9g7 h0g2 g6g5 i0h0 i9h9 h0h6 b9c7 b0c2 c6c5 a0a1 b7b6 h6h4 c9e7 c3c4 h7h5 a1d1 d9e8
S|MPV4_MT500|OUT|info depth 12 seldepth 40 multipv 2 score cp 22 nodes 233150 nps 2951265 hashfull 8 tbhits 0 time 79 pv b2e2 b9c7 b0c2 c6c5 a0b0 a9b9 h0g2 h9g7 b0b6 g6g5 i0i1 f9e8 i1f1 c7d5 e3e4 c5c4 b6d6 d5c3 c2e3 c3e2 h2e2 b7c7 c0a2 c4d4 d6d4 i9h9 g3g4 h7h2 e2h2 h9h2 g4g5 g7f9 f1f6 c7g7
S|MPV4_MT500|OUT|info depth 12 seldepth 25 multipv 3 score cp 19 nodes 233150 nps 2951265 hashfull 8 tbhits 0 time 79 pv g3g4 h7g7 b2e2 g9e7 b0c2 g6g5 g0i2 g5g4 a0b0 a9a8 e2e6 f9e8 i2g4
S|MPV4_MT500|OUT|info depth 12 seldepth 28 multipv 4 score cp 13 nodes 233150 nps 2951265 hashfull 8 tbhits 0 time 79 pv h0g2 g6g5 b2e2 b9c7 b0c2 a9b9 a0b0 b7b3 c3c4 h9g7 h2h6 b3g3 b0b9 c7b9 g0i2 g9e7 c2d4
S|MPV4_MT500|OUT|info depth 13 seldepth 27 multipv 1 score cp 22 nodes 378516 nps 2824746 hashfull 17 tbhits 0 time 134 pv b2e2 b9c7 b0c2 c6c5 a0b0 a9b9 h0g2 h9g7 b0b6 g6g5 i0i1 f9e8 i1f1 c7d5 e3e4 c5c4 b6d6 d5c3 c2e3 c3e2 h2e2 b7c7 c0a2 c4d4 d6d4 i9h9
S|MPV4_MT500|OUT|info depth 13 seldepth 30 multipv 2 score cp 21 nodes 378516 nps 2824746 hashfull 17 tbhits 0 time 134 pv h2e2 h9g7 h0g2 i9h9 i0h0 g6g5 h0h6 c6c5 b0c2 b9c7 a0a1 b7b6 h6h4 c9e7 g3g4
S|MPV4_MT500|OUT|info depth 13 seldepth 26 multipv 3 score cp 19 nodes 378516 nps 2824746 hashfull 17 tbhits 0 time 134 pv g3g4 h7g7 b2e2 g9e7 b0c2 g6g5 a0b0 g5g4 g0i2 a9a8 e2e6 f9e8 i2g4 h9f8 e6e4 a8d8 b0b5 d8d3 c3c4 c6c5 b5c5 b9c7 h0f1
S|MPV4_MT500|OUT|info depth 13 seldepth 22 multipv 4 score cp 13 nodes 378516 nps 2824746 hashfull 17 tbhits 0 time 134 pv h0g2 g6g5 b2e2 b9c7 c3c4 h9g7 b0c2 b7b3 a0b0 a9b9 h2h6 b3g3 b0b9 c7b9 g0i2 g9e7 c2d4
S|MPV4_MT500|OUT|info depth 14 seldepth 30 multipv 1 score cp 24 nodes 532498 nps 2703035 hashfull 23 tbhits 0 time 197 pv b2e2 b9c7 b0c2 c6c5 a0b0 a9b9 b0b6 g6g5 h0g2 h9g7 i0i1 f9e8 i1f1 c7d5 e3e4 c5c4 b6d6 d5c3 c2e3 c3e2 h2e2 b7c7 c0a2 c4c3
S|MPV4_MT500|OUT|info depth 14 seldepth 21 multipv 2 score cp 22 nodes 532498 nps 2703035 hashfull 23 tbhits 0 time 197 pv h2e2 h9g7 h0g2 g6g5 i0h0 i9h9 h0h6 b9c7 b0c2 c6c5 a0a1 b7b6 h6h4 c9e7 g3g4 g5g4 h4g4
S|MPV4_MT500|OUT|info depth 14 seldepth 33 multipv 3 score cp 21 nodes 532498 nps 2703035 hashfull 23 tbhits 0 time 197 pv g3g4 h7g7 b2e2 g9e7 b0c2 g6g5 a0b0 g5g4 g0i2 a9a8 e2e6 f9e8 i2g4 h9f8 e6e4 a8d8 h2g2 b9a7
S|MPV4_MT500|OUT|info depth 14 seldepth 23 multipv 4 score cp 13 nodes 532498 nps 2703035 hashfull 23 tbhits 0 time 197 pv h0g2 g6g5 b2e2 b9c7 b0c2 a9b9 a0b0 b7b3 c3c4 h9g7 h2h6 b3g3 b0b9 c7b9 f0e1 g9e7 c2d4
S|MPV4_MT500|OUT|info depth 15 seldepth 40 multipv 1 score cp 27 nodes 817848 nps 2539900 hashfull 40 tbhits 0 time 322 pv h2e2 h9g7 h0g2 g6g5 i0h0 i9h9 h0h6 b9c7 b0c2 c6c5 a0a1 b7b6 h6h4 c9e7 g3g4 g5g4 h4g4 g7f5 a1f1
S|MPV4_MT500|OUT|info depth 15 seldepth 35 multipv 2 score cp 20 nodes 817848 nps 2539900 hashfull 40 tbhits 0 time 322 pv g3g4 h7g7 b2e2 g9e7 b0c2 g6g5 a0b0 g5g4 g0i2 a9a8 e2e6 f9e8 i2g4 h9f8 e6e4 a8d8 h2g2 b9a7 g2g7 b7g7 b0b5 d8d3 b5f5 f8e6 c3c4 d3c3 f5e5 e6c7 i0i2 c3c4 i2f2
S|MPV4_MT500|OUT|info depth 15 seldepth 47 multipv 3 score cp 19 nodes 817848 nps 2539900 hashfull 40 tbhits 0 time 322 pv b2e2 b9c7 b0c2 c6c5 a0b0 a9b9 b0b6 g6g5 h0g2 h9g7 i0i1 f9e8 i1f1 c7d5 e3e4 c5c4 b6d6 d5c3 c2e3 c3e2 h2e2 b7c7 c0a2 c4d4 d6d4 i9h9 g3g4 h7h2 e2h2
S|MPV4_MT500|OUT|info depth 15 seldepth 26 multipv 4 score cp 12 nodes 817848 nps 2539900 hashfull 40 tbhits 0 time 322 pv h0g2 g6g5 h2i2 h9g7 i0h0 i9h9 b2e2 b9c7 b0c2 h7h3 a0b0 a9b9 b0b4 b7a7
S|MPV4_MT500|OUT|info depth 16 seldepth 29 multipv 1 score cp 26 nodes 1225216 nps 2495348 hashfull 62 tbhits 0 time 491 pv h2e2 h9g7 h0g2 i9h9 i0h0 g6g5 h0h6 c6c5 b0c2 b9c7 a0a1 d9e8 a1d1 g7f5 e3e4 g5g4 h6f6 f5g3 g2e3 g3e2 b2e2 h7g7
S|MPV4_MT500|OUT|info depth 16 seldepth 20 multipv 2 score cp 21 nodes 1225216 nps 2495348 hashfull 62 tbhits 0 time 491 pv g3g4 h7g7 b2e2 g9e7 b0c2 g6g5 a0b0 g5g4 h0i2 a9a8 b0b4 a8h8 e2e6 f9e8 h2e2 h9f8 e6a6
S|MPV4_MT500|OUT|info depth 16 seldepth 34 multipv 3 score cp 19 nodes 1225216 nps 2495348 hashfull 62 tbhits 0 time 491 pv b2e2 b9c7 b0c2 c6c5 a0b0 a9b9 b0b6 g6g5 h0g2 h9g7 i0i1 f9e8 i1f1 c7d5 e3e4 c5c4 b6d6 d5c3 c2e3 c3e2 h2e2 b7c7 c0a2 c4d4 d6d4 i9h9 g3g4 h7h2 e2h2 h9h2 g4g5 g7f9 g5g6
S|MPV4_MT500|OUT|info depth 16 seldepth 28 multipv 4 score cp 15 nodes 1225216 nps 2495348 hashfull 62 tbhits 0 time 491 pv h0g2 g6g5 b2e2 b9c7 b0c2 a9b9 a0b0 b7b3 c3c4 h9g7 h2h6 b3g3 b0b9 c7b9 g0i2 g9e7 f0e1 f9e8 i0f0
S|MPV4_MT500|OUT|info depth 17 seldepth 32 multipv 1 score cp 26 nodes 1242805 nps 2485610 hashfull 63 tbhits 0 time 500 pv h2e2 h9g7 h0g2 i9h9 i0h0 g6g5 h0h6 c6c5 b0c2 b9c7 a0a1 d9e8 a1d1 g7f5 e3e4 g5g4 h6f6 f5g3 g2e3 g3e2 b2e2 h7g7 f6g6
S|MPV4_MT500|OUT|info depth 17 seldepth 21 multipv 2 score cp 23 nodes 1242805 nps 2485610 hashfull 63 tbhits 0 time 500 pv g3g4 h7g7 b2e2 g9e7 b0c2 g6g5 a0b0 g5g4 h0i2 a9a8 b0b4
S|MPV4_MT500|OUT|info depth 17 seldepth 17 multipv 3 score cp 19 nodes 1242805 nps 2485610 hashfull 63 tbhits 0 time 500 pv b2e2 b9c7 b0c2 c6c5 a0b0 a9b9 b0b6 g6g5 h0g2 h9g7 i0i1 f9e8 i1f1 c7d5 e3e4
S|MPV4_MT500|OUT|info depth 17 seldepth 37 multipv 4 score cp 15 nodes 1242805 nps 2485610 hashfull 63 tbhits 0 time 500 pv h0g2 g6g5 b2e2 b9c7 b0c2 a9b9 a0b0 b7b3 c3c4 h9g7 h2h6 b3g3 b0b9 c7b9 g0i2 g9e7 f0e1 f9e8 i0f0 i9f9 f0f9 e9f9 c2d4 a6a5 d4e6 g7e6 e2e6 b9c7 e6i6 c6c5 c4c5 e7c5 e3e4 c7b5 e4e5
S|MPV4_MT500|OUT|bestmove h2e2 ponder h9g7
S|MPV4_MT500|END|lines=73
S|MPV4_NODES200|CMD|setoption name MultiPV value 4
S|MPV4_NODES200|CMD|position fen rnbakabnr/9/1c5c1/p1p1p1p1p/9/9/P1P1P1P1P/1C5C1/9/RNBAKABNR w - - 0 1
S|MPV4_NODES200|CMD|go nodes 200
S|MPV4_NODES200|OUT|info string Available processors: 0-15
S|MPV4_NODES200|OUT|info string Using 4 threads
S|MPV4_NODES200|OUT|info string NNUE evaluation using pikafish.nnue (64MiB, (62083, 1024, 32, 32, 1))
S|MPV4_NODES200|OUT|info string Network replica 1: Local memory. Shared memory not supported by the OS. Local allocation fallback.
S|MPV4_NODES200|OUT|info depth 1 seldepth 3 multipv 1 score cp 23 nodes 538 nps 538000 hashfull 0 tbhits 0 time 1 pv b2e2
S|MPV4_NODES200|OUT|info depth 1 seldepth 6 multipv 2 score cp 23 nodes 538 nps 538000 hashfull 0 tbhits 0 time 1 pv h2e2
S|MPV4_NODES200|OUT|info depth 1 seldepth 3 multipv 3 score cp 19 nodes 538 nps 538000 hashfull 0 tbhits 0 time 1 pv g3g4
S|MPV4_NODES200|OUT|info depth 1 seldepth 3 multipv 4 score cp 15 nodes 538 nps 538000 hashfull 0 tbhits 0 time 1 pv h0g2
S|MPV4_NODES200|OUT|info depth 2 seldepth 3 multipv 1 score cp 28 nodes 2890 nps 2890000 hashfull 0 tbhits 0 time 1 pv h2e2
S|MPV4_NODES200|OUT|info depth 2 seldepth 3 multipv 2 score cp 22 nodes 2890 nps 2890000 hashfull 0 tbhits 0 time 1 pv b2e2
S|MPV4_NODES200|OUT|info depth 2 seldepth 15 multipv 3 score cp 17 nodes 2890 nps 2890000 hashfull 0 tbhits 0 time 1 pv g3g4
S|MPV4_NODES200|OUT|info depth 2 seldepth 3 multipv 4 score cp 17 nodes 2890 nps 2890000 hashfull 0 tbhits 0 time 1 pv b2d2
S|MPV4_NODES200|OUT|info depth 3 seldepth 6 multipv 1 score cp 26 nodes 5003 nps 5003000 hashfull 0 tbhits 0 time 1 pv h2e2 h9g7 h0g2 i9h9
S|MPV4_NODES200|OUT|info depth 3 seldepth 6 multipv 2 score cp 21 nodes 5003 nps 2501500 hashfull 0 tbhits 0 time 2 pv b2e2 b9c7 b0c2 a9b9
S|MPV4_NODES200|OUT|info depth 3 seldepth 5 multipv 3 score cp 20 nodes 5003 nps 2501500 hashfull 0 tbhits 0 time 2 pv g3g4 h7g7 b2e2 b9c7
S|MPV4_NODES200|OUT|info depth 3 seldepth 6 multipv 4 score cp 17 nodes 5003 nps 2501500 hashfull 0 tbhits 0 time 2 pv c3c4
S|MPV4_NODES200|OUT|info depth 7 seldepth 7 multipv 1 score cp 26 nodes 8216 nps 4108000 hashfull 0 tbhits 0 time 2 pv h2e2 h9g7 h0g2 i9h9 i0h0 b9c7
S|MPV4_NODES200|OUT|info depth 6 seldepth 5 multipv 2 score cp 20 nodes 8216 nps 4108000 hashfull 0 tbhits 0 time 2 pv g3g4 h7g7 h0g2
S|MPV4_NODES200|OUT|info depth 6 seldepth 5 multipv 3 score cp 20 nodes 8216 nps 2738666 hashfull 0 tbhits 0 time 3 pv b2e2 b9c7 b0c2 c6c5
S|MPV4_NODES200|OUT|info depth 6 seldepth 5 multipv 4 score cp 19 nodes 8216 nps 2738666 hashfull 0 tbhits 0 time 3 pv b0c2 c6c5 b2a2
S|MPV4_NODES200|OUT|bestmove h2e2 ponder h9g7
S|MPV4_NODES200|TIMEOUT
S|MPV4_NODES200|END|lines=21
S|MPV4_NODES2000|CMD|setoption name MultiPV value 4
S|MPV4_NODES2000|CMD|position fen rnbakabnr/9/1c5c1/p1p1p1p1p/9/9/P1P1P1P1P/1C5C1/9/RNBAKABNR w - - 0 1
S|MPV4_NODES2000|CMD|go nodes 2000
S|MPV4_NODES2000|OUT|info string Available processors: 0-15
S|MPV4_NODES2000|OUT|info string Using 4 threads
S|MPV4_NODES2000|OUT|info string NNUE evaluation using pikafish.nnue (64MiB, (62083, 1024, 32, 32, 1))
S|MPV4_NODES2000|OUT|info string Network replica 1: Local memory. Shared memory not supported by the OS. Local allocation fallback.
S|MPV4_NODES2000|OUT|info depth 1 seldepth 8 multipv 1 score cp 25 nodes 824 nps 824000 hashfull 0 tbhits 0 time 1 pv h2e2
S|MPV4_NODES2000|OUT|info depth 1 seldepth 3 multipv 2 score cp 22 nodes 824 nps 824000 hashfull 0 tbhits 0 time 1 pv b2e2
S|MPV4_NODES2000|OUT|info depth 1 seldepth 3 multipv 3 score cp 22 nodes 824 nps 824000 hashfull 0 tbhits 0 time 1 pv g3g4
S|MPV4_NODES2000|OUT|info depth 3 seldepth 5 multipv 1 score cp 25 nodes 2071 nps 2071000 hashfull 0 tbhits 0 time 1 pv b2e2 b9c7
S|MPV4_NODES2000|OUT|info depth 1 seldepth 3 multipv 4 score cp 18 nodes 824 nps 824000 hashfull 0 tbhits 0 time 1 pv c3c4
S|MPV4_NODES2000|OUT|info depth 3 seldepth 9 multipv 2 score cp 23 nodes 2071 nps 2071000 hashfull 0 tbhits 0 time 1 pv h2e2 h9g7 h0g2 i9h9 i0h0 b9c7 g3g4
S|MPV4_NODES2000|OUT|info depth 3 seldepth 12 multipv 3 score cp 21 nodes 2071 nps 2071000 hashfull 0 tbhits 0 time 1 pv g3g4 h7g7 b2e2 g9e7
S|MPV4_NODES2000|OUT|info depth 2 seldepth 3 multipv 4 score cp 18 nodes 2071 nps 2071000 hashfull 0 tbhits 0 time 1 pv c3c4
S|MPV4_NODES2000|OUT|bestmove b2e2 ponder b9c7
S|MPV4_NODES2000|TIMEOUT
S|MPV4_NODES2000|END|lines=13
S|MPV4_MIDGAME_MT150|CMD|setoption name MultiPV value 4
S|MPV4_MIDGAME_MT150|CMD|position fen 1Rbaka1nr/9/c1n1b2c1/p1p1p3p/6p2/9/P1P1P1P1P/2N1C2CN/9/2BAKAB1R b - - 0 1
S|MPV4_MIDGAME_MT150|CMD|go movetime 150
S|MPV4_MIDGAME_MT150|OUT|info string Available processors: 0-15
S|MPV4_MIDGAME_MT150|OUT|info string Using 4 threads
S|MPV4_MIDGAME_MT150|OUT|info string NNUE evaluation using pikafish.nnue (64MiB, (62083, 1024, 32, 32, 1))
S|MPV4_MIDGAME_MT150|OUT|info string Network replica 1: Local memory. Shared memory not supported by the OS. Local allocation fallback.
S|MPV4_MIDGAME_MT150|OUT|info depth 1 seldepth 7 multipv 1 score cp -29 nodes 1608 nps 1608000 hashfull 0 tbhits 0 time 1 pv c7b9
S|MPV4_MIDGAME_MT150|OUT|info depth 1 seldepth 5 multipv 2 score cp -585 nodes 1608 nps 1608000 hashfull 0 tbhits 0 time 1 pv d9e8
S|MPV4_MIDGAME_MT150|OUT|info depth 1 seldepth 4 multipv 3 score cp -586 nodes 1608 nps 1608000 hashfull 0 tbhits 0 time 1 pv c6c5 h2h9 i9h9
S|MPV4_MIDGAME_MT150|OUT|info depth 1 seldepth 4 multipv 4 score cp -587 nodes 1608 nps 1608000 hashfull 0 tbhits 0 time 1 pv f9e8
S|MPV4_MIDGAME_MT150|OUT|info depth 2 seldepth 7 multipv 1 score cp -35 nodes 3553 nps 3553000 hashfull 0 tbhits 0 time 1 pv c7b9
S|MPV4_MIDGAME_MT150|OUT|info depth 2 seldepth 4 multipv 2 score cp -583 nodes 3553 nps 3553000 hashfull 0 tbhits 0 time 1 pv c6c5 h2h9 i9h9
S|MPV4_MIDGAME_MT150|OUT|info depth 2 seldepth 4 multipv 3 score cp -587 nodes 3553 nps 3553000 hashfull 0 tbhits 0 time 1 pv f9e8
S|MPV4_MIDGAME_MT150|OUT|info depth 2 seldepth 4 multipv 4 score cp -589 nodes 3553 nps 1776500 hashfull 0 tbhits 0 time 2 pv d9e8
S|MPV4_MIDGAME_MT150|OUT|info depth 3 seldepth 7 multipv 1 score cp -40 nodes 6625 nps 2208333 hashfull 0 tbhits 0 time 3 pv c7b9 h2g2 c6c5
S|MPV4_MIDGAME_MT150|OUT|info depth 3 seldepth 4 multipv 2 score cp -569 nodes 6625 nps 2208333 hashfull 0 tbhits 0 time 3 pv h7i7 b9b4 i7i3
S|MPV4_MIDGAME_MT150|OUT|info depth 3 seldepth 4 multipv 3 score cp -598 nodes 6625 nps 2208333 hashfull 0 tbhits 0 time 3 pv c6c5 b9b0
S|MPV4_MIDGAME_MT150|OUT|info depth 3 seldepth 6 multipv 4 score cp -603 nodes 6625 nps 2208333 hashfull 0 tbhits 0 time 3 pv d9e8
S|MPV4_MIDGAME_MT150|OUT|info depth 4 seldepth 6 multipv 1 score cp -41 nodes 12014 nps 2402800 hashfull 0 tbhits 0 time 5 pv c7b9 h2g2 c6c5 i0h0
S|MPV4_MIDGAME_MT150|OUT|info depth 4 seldepth 8 multipv 2 score cp -596 nodes 12014 nps 2402800 hashfull 0 tbhits 0 time 5 pv c6c5 b9b8 h7i7
S|MPV4_MIDGAME_MT150|OUT|info depth 4 seldepth 6 multipv 3 score cp -620 nodes 12014 nps 2402800 hashfull 0 tbhits 0 time 5 pv h9g7 b9b8 c6c5 b8h8 h7i7
S|MPV4_MIDGAME_MT150|OUT|info depth 4 seldepth 6 multipv 4 score cp -621 nodes 12014 nps 2402800 hashfull 0 tbhits 0 time 5 pv h7i7 b9b4 i7i3
S|MPV4_MIDGAME_MT150|OUT|info depth 5 seldepth 6 multipv 1 score cp -37 nodes 13645 nps 2274166 hashfull 0 tbhits 0 time 6 pv c7b9 h2g2 c6c5 i0h0 h9f8
S|MPV4_MIDGAME_MT150|OUT|info depth 5 seldepth 4 multipv 2 score cp -606 nodes 13645 nps 2274166 hashfull 0 tbhits 0 time 6 pv c6c5 h2h9 i9h9
S|MPV4_MIDGAME_MT150|OUT|info depth 5 seldepth 2 multipv 3 score cp -611 nodes 13645 nps 2274166 hashfull 0 tbhits 0 time 6 pv h9g7
S|MPV4_MIDGAME_MT150|OUT|info depth 5 seldepth 4 multipv 4 score cp -613 nodes 13645 nps 2274166 hashfull 0 tbhits 0 time 6 pv d9e8
S|MPV4_MIDGAME_MT150|OUT|info depth 6 seldepth 6 multipv 1 score cp -37 nodes 18120 nps 2265000 hashfull 0 tbhits 0 time 8 pv c7b9 h2g2 c6c5 i0h0 h9f8
S|MPV4_MIDGAME_MT150|OUT|info depth 6 seldepth 5 multipv 2 score cp -589 nodes 18120 nps 2265000 hashfull 0 tbhits 0 time 8 pv c6c5 h2h9 i9h9 b9b4
S|MPV4_MIDGAME_MT150|OUT|info depth 6 seldepth 7 multipv 3 score cp -608 nodes 18120 nps 2265000 hashfull 0 tbhits 0 time 8 pv h7i7
S|MPV4_MIDGAME_MT150|OUT|info depth 6 seldepth 6 multipv 4 score cp -611 nodes 18120 nps 2265000 hashfull 0 tbhits 0 time 8 pv h9g7 b9b7 g7f5 c3c4 f5g3
S|MPV4_MIDGAME_MT150|OUT|info depth 7 seldepth 8 multipv 1 score cp -32 nodes 20773 nps 2308111 hashfull 0 tbhits 0 time 9 pv c7b9 c3c4 h9g7 h2g2 i9h9 i0h0 h7h3
S|MPV4_MIDGAME_MT150|OUT|info depth 7 seldepth 10 multipv 2 score cp -611 nodes 20773 nps 2308111 hashfull 0 tbhits 0 time 9 pv c6c5 h2h9 f9e8
S|MPV4_MIDGAME_MT150|OUT|info depth 7 seldepth 10 multipv 3 score cp -611 nodes 20773 nps 2308111 hashfull 0 tbhits 0 time 9 pv h9g7 b9b7 g7f5 c3c4 f5g3
S|MPV4_MIDGAME_MT150|OUT|info depth 7 seldepth 10 multipv 4 score cp -614 nodes 20773 nps 2308111 hashfull 0 tbhits 0 time 9 pv d9e8 h2h9 i9h9 b9b4 h7i7 i0h0
S|MPV4_MIDGAME_MT150|OUT|info depth 8 seldepth 11 multipv 1 score cp -30 nodes 24062 nps 2187454 hashfull 0 tbhits 0 time 11 pv c7b9 h2f2 h9g7 i0h0 i9h9
S|MPV4_MIDGAME_MT150|OUT|info depth 8 seldepth 5 multipv 2 score cp -607 nodes 24062 nps 2187454 hashfull 0 tbhits 0 time 11 pv c6c5 h2h9 i9h9 b9b4
S|MPV4_MIDGAME_MT150|OUT|info depth 8 seldepth 10 multipv 3 score cp -610 nodes 24062 nps 2187454 hashfull 0 tbhits 0 time 11 pv h9g7
S|MPV4_MIDGAME_MT150|OUT|info depth 8 seldepth 10 multipv 4 score cp -617 nodes 24062 nps 2187454 hashfull 0 tbhits 0 time 11 pv h9f8
S|MPV4_MIDGAME_MT150|OUT|info depth 9 seldepth 17 multipv 1 score cp -28 nodes 39946 nps 1997300 hashfull 1 tbhits 0 time 20 pv c7b9 h2g2 h9g7 i0h0 i9h9 c3c4
S|MPV4_MIDGAME_MT150|OUT|info depth 9 seldepth 11 multipv 2 score cp -602 nodes 39946 nps 1997300 hashfull 1 tbhits 0 time 20 pv c6c5 b9b4 h9g7 c3c4 c5c4 b4c4 g7f5 h2f2 a7a8 c4b4
S|MPV4_MIDGAME_MT150|OUT|info depth 9 seldepth 6 multipv 3 score cp -605 nodes 39946 nps 1997300 hashfull 1 tbhits 0 time 20 pv h9g7
S|MPV4_MIDGAME_MT150|OUT|info depth 9 seldepth 8 multipv 4 score cp -623 nodes 39946 nps 1997300 hashfull 1 tbhits 0 time 20 pv h7i7
S|MPV4_MIDGAME_MT150|OUT|info depth 10 seldepth 18 multipv 1 score cp -27 nodes 52362 nps 2094480 hashfull 1 tbhits 0 time 25 pv c7b9 h2g2 c6c5 i0h0 h9f8 h0h4 b9c7 c3c4 c5c4 h4c4 a7a8 g2f2 a8c8
S|MPV4_MIDGAME_MT150|OUT|info depth 10 seldepth 11 multipv 2 score cp -609 nodes 52362 nps 2094480 hashfull 1 tbhits 0 time 25 pv c6c5 b9b2
S|MPV4_MIDGAME_MT150|OUT|info depth 10 seldepth 11 multipv 3 score cp -617 nodes 52362 nps 2094480 hashfull 1 tbhits 0 time 25 pv h9g7 b9b4 c6c5 c3c4 c5c4 b4c4 g7f5 h2f2
S|MPV4_MIDGAME_MT150|OUT|info depth 10 seldepth 11 multipv 4 score cp -625 nodes 52362 nps 2013923 hashfull 1 tbhits 0 time 26 pv h7i7 b9b8 h9g7 c3c4 i9h9 i0h0 f9e8 b8b7 g7f5
S|MPV4_MIDGAME_MT150|OUT|info depth 11 seldepth 16 multipv 1 score cp -29 nodes 77319 nps 2034710 hashfull 2 tbhits 0 time 38 pv c7b9 h2g2 c6c5 i0h0 h9f8 h0h4 b9c7 c3c4 c5c4 h4c4 a7a8 c4f4
S|MPV4_MIDGAME_MT150|OUT|info depth 11 seldepth 13 multipv 2 score cp -608 nodes 77319 nps 2034710 hashfull 2 tbhits 0 time 38 pv h9g7 b9b8 c6c5 b8h8 h7i7 i0h0 i9g9 c3c4 c5c4
S|MPV4_MIDGAME_MT150|OUT|info depth 11 seldepth 13 multipv 3 score cp -617 nodes 77319 nps 2034710 hashfull 2 tbhits 0 time 38 pv c6c5 b9b4 h9g7 c3c4 c5c4 b4c4 g7f5 h2h5 f5g7 h5h4 g7f5
S|MPV4_MIDGAME_MT150|OUT|info depth 11 seldepth 14 multipv 4 score cp -619 nodes 77319 nps 2034710 hashfull 2 tbhits 0 time 38 pv f9e8 b9b4 c6c5 c3c4 c5c4 b4c4 h9g7 h2h4
S|MPV4_MIDGAME_MT150|OUT|info depth 12 seldepth 26 multipv 1 score cp -30 nodes 163256 nps 2040700 hashfull 8 tbhits 0 time 80 pv c7b9 c3c4 h9g7 i0i1 f9e8 h2g2 i9h9
S|MPV4_MIDGAME_MT150|OUT|info depth 12 seldepth 12 multipv 2 score cp -608 nodes 163256 nps 2015506 hashfull 8 tbhits 0 time 81 pv h9g7 b9b4 c6c5 c3c4 c5c4 b4c4 c7d5 c4d4 d5c7
S|MPV4_MIDGAME_MT150|OUT|info depth 12 seldepth 13 multipv 3 score cp -613 nodes 163256 nps 2015506 hashfull 8 tbhits 0 time 81 pv f9e8
S|MPV4_MIDGAME_MT150|OUT|info depth 12 seldepth 17 multipv 4 score cp -615 nodes 163256 nps 2015506 hashfull 8 tbhits 0 time 81 pv h7i7 b9b4 i7i3
S|MPV4_MIDGAME_MT150|OUT|info depth 13 seldepth 14 multipv 1 score cp -27 nodes 195119 nps 2032489 hashfull 10 tbhits 0 time 96 pv c7b9 c3c4 h9g7 i0i1 f9e8 h2g2 i9h9 i1h1 h7i7 h1h9 g7h9 e2e6
S|MPV4_MIDGAME_MT150|OUT|info depth 13 seldepth 20 multipv 2 score cp -596 nodes 195119 nps 2011536 hashfull 10 tbhits 0 time 97 pv h9g7 b9b2 c6c5 h2f2 h7i7 i0h0 f9e8
S|MPV4_MIDGAME_MT150|OUT|info depth 13 seldepth 16 multipv 3 score cp -611 nodes 195119 nps 2011536 hashfull 10 tbhits 0 time 97 pv c6c5 b9b4 h9g7 c3c4 c5c4 b4c4
S|MPV4_MIDGAME_MT150|OUT|info depth 13 seldepth 14 multipv 4 score cp -621 nodes 195119 nps 2011536 hashfull 10 tbhits 0 time 97 pv f9e8 b9b4 h9g7 g3g4 c6c5 g4g5
S|MPV4_MIDGAME_MT150|OUT|info depth 14 seldepth 19 multipv 1 score cp -21 nodes 286765 nps 1950782 hashfull 16 tbhits 0 time 147 pv c7b9 h2g2 c6c5 i0h0 h9f8 h0h4 b9c7 i3i4 f9e8 g2g1 a7a8 g1c1 a8c8
S|MPV4_MIDGAME_MT150|OUT|info depth 14 seldepth 16 multipv 2 score cp -601 nodes 286765 nps 1950782 hashfull 16 tbhits 0 time 147 pv f9e8 b9b8
S|MPV4_MIDGAME_MT150|OUT|info depth 14 seldepth 18 multipv 3 score cp -615 nodes 286765 nps 1950782 hashfull 16 tbhits 0 time 147 pv h9g7 b9b7 g7f5 c3c4 c6c5 c4c5 f5g3 c5c6
S|MPV4_MIDGAME_MT150|OUT|info depth 14 seldepth 18 multipv 4 score cp -616 nodes 286765 nps 1950782 hashfull 16 tbhits 0 time 147 pv c6c5 b9b4 f9e8 h2h9 i9h9 c3c4
S|MPV4_MIDGAME_MT150|OUT|info depth 16 seldepth 21 multipv 1 score cp -25 nodes 291961 nps 1946406 hashfull 17 tbhits 0 time 150 pv c7b9 h2g2 c6c5 i0h0 h9f8 h0h4 b9c7 i3i4 a7a8 g2g1 i9h9 g1c1 a8c8 c3c4 c5c4 c1c4 c8c4 h4c4
S|MPV4_MIDGAME_MT150|OUT|info depth 16 seldepth 16 multipv 2 score cp -601 nodes 291961 nps 1946406 hashfull 17 tbhits 0 time 150 pv f9e8 b9b4 h9g7 c3c4 i9f9 f0e1 f9f6
S|MPV4_MIDGAME_MT150|OUT|info depth 16 seldepth 19 multipv 3 score cp -615 nodes 291961 nps 1946406 hashfull 17 tbhits 0 time 150 pv c6c5 b9b4 h9g7 c3c4 c5c4 b4c4 c7d5 h2h6 f9e8 h6a6 i9f9 i0h0
S|MPV4_MIDGAME_MT150|OUT|info depth 16 seldepth 19 multipv 4 score cp -615 nodes 291961 nps 1933516 hashfull 17 tbhits 0 time 151 pv h9g7 b9b7 f9e8 b7c7 i9f9 c7c6 f9f2 h2h6 a7d7
S|MPV4_MIDGAME_MT150|OUT|bestmove c7b9 ponder h2g2
S|MPV4_MIDGAME_MT150|END|lines=65
S|MPV4_MIDGAME_MT500|CMD|setoption name MultiPV value 4
S|MPV4_MIDGAME_MT500|CMD|position fen 1Rbaka1nr/9/c1n1b2c1/p1p1p3p/6p2/9/P1P1P1P1P/2N1C2CN/9/2BAKAB1R b - - 0 1
S|MPV4_MIDGAME_MT500|CMD|go movetime 500
S|MPV4_MIDGAME_MT500|OUT|info string Available processors: 0-15
S|MPV4_MIDGAME_MT500|OUT|info string Using 4 threads
S|MPV4_MIDGAME_MT500|OUT|info string NNUE evaluation using pikafish.nnue (64MiB, (62083, 1024, 32, 32, 1))
S|MPV4_MIDGAME_MT500|OUT|info string Network replica 1: Local memory. Shared memory not supported by the OS. Local allocation fallback.
S|MPV4_MIDGAME_MT500|OUT|info depth 1 seldepth 7 multipv 1 score cp -25 nodes 1376 nps 1376000 hashfull 0 tbhits 0 time 1 pv c7b9
S|MPV4_MIDGAME_MT500|OUT|info depth 1 seldepth 5 multipv 2 score cp -602 nodes 1376 nps 1376000 hashfull 0 tbhits 0 time 1 pv f9e8
S|MPV4_MIDGAME_MT500|OUT|info depth 1 seldepth 4 multipv 3 score cp -604 nodes 1376 nps 1376000 hashfull 0 tbhits 0 time 1 pv c6c5
S|MPV4_MIDGAME_MT500|OUT|info depth 1 seldepth 5 multipv 4 score cp -609 nodes 1376 nps 1376000 hashfull 0 tbhits 0 time 1 pv h9g7
S|MPV4_MIDGAME_MT500|OUT|info depth 2 seldepth 7 multipv 1 score cp -25 nodes 3803 nps 3803000 hashfull 0 tbhits 0 time 1 pv c7b9 h2g2 h9g7
S|MPV4_MIDGAME_MT500|OUT|info depth 2 seldepth 6 multipv 2 score cp -604 nodes 3803 nps 1901500 hashfull 0 tbhits 0 time 2 pv f9e8
S|MPV4_MIDGAME_MT500|OUT|info depth 2 seldepth 4 multipv 3 score cp -609 nodes 3803 nps 1901500 hashfull 0 tbhits 0 time 2 pv h9g7
S|MPV4_MIDGAME_MT500|OUT|info depth 2 seldepth 4 multipv 4 score cp -611 nodes 3803 nps 1901500 hashfull 0 tbhits 0 time 2 pv c6c5
S|MPV4_MIDGAME_MT500|OUT|info depth 3 seldepth 7 multipv 1 score cp -24 nodes 7355 nps 3677500 hashfull 0 tbhits 0 time 2 pv c7b9 h2g2 c6c5
S|MPV4_MIDGAME_MT500|OUT|info depth 3 seldepth 5 multipv 2 score cp -612 nodes 7355 nps 3677500 hashfull 0 tbhits 0 time 2 pv c6c5
S|MPV4_MIDGAME_MT500|OUT|info depth 3 seldepth 5 multipv 3 score cp -613 nodes 7355 nps 2451666 hashfull 0 tbhits 0 time 3 pv f9e8 b9b4 c6c5
S|MPV4_MIDGAME_MT500|OUT|info depth 3 seldepth 5 multipv 4 score cp -622 nodes 7355 nps 2451666 hashfull 0 tbhits 0 time 3 pv h7f7
S|MPV4_MIDGAME_MT500|OUT|info depth 4 seldepth 7 multipv 1 score cp -23 nodes 10126 nps 3375333 hashfull 0 tbhits 0 time 3 pv c7b9 h2g2 c6c5 i0h0
S|MPV4_MIDGAME_MT500|OUT|info depth 4 seldepth 6 multipv 2 score cp -597 nodes 10126 nps 3375333 hashfull 0 tbhits 0 time 3 pv f9e8 b9b4 h9g7
S|MPV4_MIDGAME_MT500|OUT|info depth 4 seldepth 7 multipv 3 score cp -605 nodes 10126 nps 3375333 hashfull 0 tbhits 0 time 3 pv h9g7 b9b7 g7f5 c3c4 f5g3
S|MPV4_MIDGAME_MT500|OUT|info depth 4 seldepth 7 multipv 4 score cp -612 nodes 10126 nps 3375333 hashfull 0 tbhits 0 time 3 pv c6c5 b9b4 h9f8 h2f2 i6i5 i0h0
S|MPV4_MIDGAME_MT500|OUT|info depth 5 seldepth 7 multipv 1 score cp -22 nodes 12318 nps 3079500 hashfull 0 tbhits 0 time 4 pv c7b9 h2g2 c6c5 e2e6 f9e8
S|MPV4_MIDGAME_MT500|OUT|info depth 5 seldepth 10 multipv 2 score cp -605 nodes 12318 nps 3079500 hashfull 0 tbhits 0 time 4 pv f9e8 b9b3 h9g7 c3c4 i9f9 f0e1
S|MPV4_MIDGAME_MT500|OUT|info depth 5 seldepth 6 multipv 3 score cp -610 nodes 12318 nps 3079500 hashfull 0 tbhits 0 time 4 pv h9g7 b9b7 g7f5 c3c4
S|MPV4_MIDGAME_MT500|OUT|info depth 5 seldepth 7 multipv 4 score cp -617 nodes 12318 nps 3079500 hashfull 0 tbhits 0 time 4 pv h9f8
S|MPV4_MIDGAME_MT500|OUT|info depth 6 seldepth 7 multipv 1 score cp -25 nodes 15515 nps 3103000 hashfull 0 tbhits 0 time 5 pv c7b9 h2g2 c6c5 e2e6 f9e8 e6e5
S|MPV4_MIDGAME_MT500|OUT|info depth 6 seldepth 7 multipv 2 score cp -611 nodes 15515 nps 3103000 hashfull 0 tbhits 0 time 5 pv f9e8 b9b3 h9g7 c3c4 i9f9 d0e1
S|MPV4_MIDGAME_MT500|OUT|info depth 6 seldepth 7 multipv 3 score cp -616 nodes 15515 nps 3103000 hashfull 0 tbhits 0 time 5 pv h9g7 b9b4 f9e8 i3i4 c6c5
S|MPV4_MIDGAME_MT500|OUT|info depth 6 seldepth 8 multipv 4 score cp -617 nodes 15515 nps 3103000 hashfull 0 tbhits 0 time 5 pv c6c5
S|MPV4_MIDGAME_MT500|OUT|info depth 7 seldepth 9 multipv 1 score cp -25 nodes 18754 nps 3125666 hashfull 0 tbhits 0 time 6 pv c7b9 h2g2 c6c5 e2e6 f9e8 i0h0 h9f8 e6e5
S|MPV4_MIDGAME_MT500|OUT|info depth 7 seldepth 8 multipv 2 score cp -600 nodes 18754 nps 3125666 hashfull 0 tbhits 0 time 6 pv f9e8 b9b4 h9g7 c3c4 i9f9 f0e1
S|MPV4_MIDGAME_MT500|OUT|info depth 7 seldepth 9 multipv 3 score cp -603 nodes 18754 nps 2679142 hashfull 0 tbhits 0 time 7 pv h9g7 b9b4
S|MPV4_MIDGAME_MT500|OUT|info depth 7 seldepth 14 multipv 4 score cp -618 nodes 18754 nps 2679142 hashfull 0 tbhits 0 time 7 pv d9e8 b9b4 c6c5 h2h9 i9h9
S|MPV4_MIDGAME_MT500|OUT|info depth 8 seldepth 13 multipv 1 score cp -23 nodes 23670 nps 2630000 hashfull 0 tbhits 0 time 9 pv c7b9 h2g2 h9g7 i0h0 i9h9 h0h6 h7i7 h6h9 g7h9 e2e6 f9e8
S|MPV4_MIDGAME_MT500|OUT|info depth 8 seldepth 10 multipv 2 score cp -607 nodes 23670 nps 2630000 hashfull 0 tbhits 0 time 9 pv f9e8 b9b3 h9g7 c2a1 i9f9 d0e1 c6c5
S|MPV4_MIDGAME_MT500|OUT|info depth 8 seldepth 13 multipv 3 score cp -612 nodes 23670 nps 2630000 hashfull 0 tbhits 0 time 9 pv c6c5 b9b4 f9e8
S|MPV4_MIDGAME_MT500|OUT|info depth 8 seldepth 8 multipv 4 score cp -619 nodes 23670 nps 2630000 hashfull 0 tbhits 0 time 9 pv h9g7 b9b4 c6c5 c3c4 c5c4 b4c4 c7d5
S|MPV4_MIDGAME_MT500|OUT|info depth 9 seldepth 21 multipv 1 score cp -24 nodes 34419 nps 2294600 hashfull 1 tbhits 0 time 15 pv c7b9 h2g2 c6c5 e2e6 f9e8 i0h0 h9f8 e6b6
S|MPV4_MIDGAME_MT500|OUT|info depth 9 seldepth 12 multipv 2 score cp -605 nodes 34419 nps 2294600 hashfull 1 tbhits 0 time 15 pv h9g7 b9b7 g7f5 c3c4 f5g3 h2h6 g3e2 g0e2
S|MPV4_MIDGAME_MT500|OUT|info depth 9 seldepth 12 multipv 3 score cp -610 nodes 34419 nps 2294600 hashfull 1 tbhits 0 time 15 pv f9e8 b9b3 h9g7 c3c4 i9f9 d0e1 f9f1 e3e4 f1f4 h2h6
S|MPV4_MIDGAME_MT500|OUT|info depth 9 seldepth 12 multipv 4 score cp -610 nodes 34419 nps 2294600 hashfull 1 tbhits 0 time 15 pv c6c5 b9b4 h9g7 c3c4 c5c4 b4c4 c7d5 h2h6
S|MPV4_MIDGAME_MT500|OUT|info depth 10 seldepth 15 multipv 1 score cp -22 nodes 45181 nps 2377947 hashfull 1 tbhits 0 time 19 pv c7b9 h2g2 c6c5 e2e6 f9e8 i0h0 h9f8 e6e5 b9c7 h0h6 i9g9 g3g4 g9g6
S|MPV4_MIDGAME_MT500|OUT|info depth 10 seldepth 12 multipv 2 score cp -607 nodes 45181 nps 2377947 hashfull 1 tbhits 0 time 19 pv f9e8 b9b3 h9g7 c3c4 i9f9 d0e1 c6c5 c4c5 e7c5
S|MPV4_MIDGAME_MT500|OUT|info depth 10 seldepth 14 multipv 3 score cp -610 nodes 45181 nps 2377947 hashfull 1 tbhits 0 time 19 pv c6c5 b9b4 h9g7 c3c4 c5c4 b4c4 c7d5 c4d4 d5c7 h2g2 g7f5 d4d8 f9e8
S|MPV4_MIDGAME_MT500|OUT|info depth 10 seldepth 14 multipv 4 score cp -612 nodes 45181 nps 2377947 hashfull 1 tbhits 0 time 19 pv h9g7 b9b7 f9e8 c3c4 i9f9 d0e1 f9f4
S|MPV4_MIDGAME_MT500|OUT|info depth 11 seldepth 22 multipv 1 score cp -22 nodes 66338 nps 2551461 hashfull 1 tbhits 0 time 26 pv c7b9 h2g2 c6c5 e2e6 f9e8 i0h0 h9f8 e6e5 b9c7 h0h6
S|MPV4_MIDGAME_MT500|OUT|info depth 11 seldepth 9 multipv 2 score cp -605 nodes 66338 nps 2456962 hashfull 1 tbhits 0 time 27 pv f9e8 b9b4 h9g7 c3c4 i9f9
S|MPV4_MIDGAME_MT500|OUT|info depth 11 seldepth 13 multipv 3 score cp -606 nodes 66338 nps 2456962 hashfull 1 tbhits 0 time 27 pv h9g7 b9b7 g7f5 h2f2 c6c5 i0h0 h7i7
S|MPV4_MIDGAME_MT500|OUT|info depth 11 seldepth 10 multipv 4 score cp -611 nodes 66338 nps 2456962 hashfull 1 tbhits 0 time 27 pv c6c5 h2h9 i9h9 b9b4 h7h2 i0h0 f9e8 i3i4
S|MPV4_MIDGAME_MT500|OUT|info depth 12 seldepth 25 multipv 1 score cp -21 nodes 96980 nps 2424500 hashfull 4 tbhits 0 time 40 pv c7b9 h2g2 c6c5 e2e6 f9e8 i0h0 h9f8 e6b6 f8e6 h0h6 e6d4 c0e2 i9f9 d0e1 h7g7 i3i4 b9c7 c3c4 c5c4 c2d4 c4d4 b6i6
S|MPV4_MIDGAME_MT500|OUT|info depth 12 seldepth 12 multipv 2 score cp -597 nodes 96980 nps 2424500 hashfull 4 tbhits 0 time 40 pv f9e8 b9b4 h9g7 c3c4 i9f9 d0e1 i6i5 e3e4 f9f4 c0a2 f4e4
S|MPV4_MIDGAME_MT500|OUT|info depth 12 seldepth 11 multipv 3 score cp -615 nodes 96980 nps 2424500 hashfull 4 tbhits 0 time 40 pv c6c5 b9b4 h9f8
S|MPV4_MIDGAME_MT500|OUT|info depth 12 seldepth 13 multipv 4 score cp -617 nodes 96980 nps 2424500 hashfull 4 tbhits 0 time 40 pv h9g7 b9b7 g7f5 h2f2 c6c5 i0h0 h7i7 b7b4
S|MPV4_MIDGAME_MT500|OUT|info depth 13 seldepth 24 multipv 1 score cp -29 nodes 136361 nps 2392298 hashfull 7 tbhits 0 time 57 pv c7b9 h2g2 c6c5 e2e6 f9e8 i0h0 h9f8 e6e5 i9g9 g3g4 b9c7 e3e4 c7e6 c2e3 h7g7 h0h8 g9f9 e5f5
S|MPV4_MIDGAME_MT500|OUT|info depth 13 seldepth 17 multipv 2 score cp -605 nodes 136361 nps 2392298 hashfull 7 tbhits 0 time 57 pv f9e8 b9b3 h9g7 c3c4 i9f9 d0e1 f9f1
S|MPV4_MIDGAME_MT500|OUT|info depth 13 seldepth 20 multipv 3 score cp -605 nodes 136361 nps 2392298 hashfull 7 tbhits 0 time 57 pv c6c5 h2h9 i9h9 b9b4 d9e8 i0h0 h7h1 c3c4 c5c4
S|MPV4_MIDGAME_MT500|OUT|info depth 13 seldepth 14 multipv 4 score cp -622 nodes 136361 nps 2392298 hashfull 7 tbhits 0 time 57 pv h9g7 b9b7 f9e8 b7c7
S|MPV4_MIDGAME_MT500|OUT|info depth 14 seldepth 26 multipv 1 score cp -35 nodes 217515 nps 2289631 hashfull 14 tbhits 0 time 95 pv c7b9 h2g2 c6c5 e2e6 f9e8 i0h0 h9f8 e6e5 b9c7 h0h6 i9g9 g3g4 c7e6 c0e2 g9g6 h6h5 h7g7 g2g3 g6f6 g4g5 f6f3 g3g7 e6g7 h5h6
S|MPV4_MIDGAME_MT500|OUT|info depth 14 seldepth 17 multipv 2 score cp -605 nodes 217515 nps 2265781 hashfull 14 tbhits 0 time 96 pv c6c5 b9b4 f9e8 h2h9 i9h9 b4h4 c7d5 h4d4 h7h2 i0h0 d5c7 c3c4 c5c4 d4c4
S|MPV4_MIDGAME_MT500|OUT|info depth 14 seldepth 14 multipv 3 score cp -606 nodes 217515 nps 2265781 hashfull 14 tbhits 0 time 96 pv f9e8 b9b3 c6c5 h2h9 i9h9 i0h0 c7d5
S|MPV4_MIDGAME_MT500|OUT|info depth 14 seldepth 14 multipv 4 score cp -622 nodes 217515 nps 2265781 hashfull 14 tbhits 0 time 96 pv h9g7 b9b7 c7e8 b7b4 c6c5 c3c4 c5c4 b4c4
S|MPV4_MIDGAME_MT500|OUT|info depth 15 seldepth 26 multipv 1 score cp -42 nodes 445349 nps 2151444 hashfull 23 tbhits 0 time 207 pv c7b9 h2g2 c6c5 e2e6 f9e8 i0h0 h9f8 e6b6 f8e6 h0h6 e6d4 c0e2 h7g7 d0e1 b9c7 e3e4 i9f9 c3c4 c5c4 c2d4 c4d4 e4e5 d4d3
S|MPV4_MIDGAME_MT500|OUT|info depth 15 seldepth 17 multipv 2 score cp -602 nodes 445349 nps 2151444 hashfull 23 tbhits 0 time 207 pv c6c5 b9b4 h9g7 h2f2 i9h9
S|MPV4_MIDGAME_MT500|OUT|info depth 15 seldepth 16 multipv 3 score cp -604 nodes 445349 nps 2151444 hashfull 23 tbhits 0 time 207 pv f9e8 b9b4 h9g7 g3g4 g5g4 b4g4 c6c5 g4g7 c7d5 g7g4 i9f9 f0e1 d5f4
S|MPV4_MIDGAME_MT500|OUT|info depth 15 seldepth 19 multipv 4 score cp -618 nodes 445349 nps 2151444 hashfull 23 tbhits 0 time 207 pv h9g7 b9b7 g7f5 c3c4 c7e8 b7b1 e8g7 h2g2 h7h5 i0h0 f9e8 g3g4 g5g4 g2g7 a7g7
S|MPV4_MIDGAME_MT500|OUT|info depth 16 seldepth 32 multipv 1 score cp -29 nodes 619282 nps 2030432 hashfull 36 tbhits 0 time 305 pv c7b9 h2g2 c6c5 e2e6 f9e8 i0h0 h9f8 e6f6 i9h9 g2f2 f8e6 h0h4 h7h5 i3i4
S|MPV4_MIDGAME_MT500|OUT|info depth 16 seldepth 18 multipv 2 score cp -606 nodes 619282 nps 2030432 hashfull 37 tbhits 0 time 305 pv c6c5 b9b4 h9g7 c3c4 c5c4 b4c4 c7d5 h2f2 f9e8 c4h4
S|MPV4_MIDGAME_MT500|OUT|info depth 16 seldepth 16 multipv 3 score cp -608 nodes 619282 nps 2030432 hashfull 37 tbhits 0 time 305 pv h9g7 b9b7 g7f5 h2f2 c7e8 b7b1 e8g7 c3c4 i9h9 i0h0
S|MPV4_MIDGAME_MT500|OUT|info depth 16 seldepth 14 multipv 4 score cp -611 nodes 619282 nps 2030432 hashfull 37 tbhits 0 time 305 pv f9e8 b9b4 h9g7 g3g4 i9f9 d0e1 c6c5 g4g5 e7g5 c3c4 c5c4 b4c4
S|MPV4_MIDGAME_MT500|OUT|info depth 17 seldepth 28 multipv 1 score cp -30 nodes 771872 nps 1989360 hashfull 51 tbhits 0 time 388 pv c7b9 h2g2 h9g7 i0h0 i9h9 g3g4 g5g4 g2g7 a7g7 e2e6 f9e8 h0h6 g7g0 f0e1 b9c7 e6e5 c7e6 c3c4
S|MPV4_MIDGAME_MT500|OUT|info depth 17 seldepth 16 multipv 2 score cp -601 nodes 771872 nps 1989360 hashfull 51 tbhits 0 time 388 pv c6c5 h2h9 i9h9 b9b4 f9e8 b4h4 h9f9 h4h7 f9f1 h7h4 i6i5
S|MPV4_MIDGAME_MT500|OUT|info depth 17 seldepth 18 multipv 3 score cp -609 nodes 771872 nps 1984246 hashfull 51 tbhits 0 time 389 pv h9g7 b9b7 g7f5 h2f2 c7e8 b7b1 c6c5 i0h0 h7i7 b1b4 e8g7 g3g4 g5g4
S|MPV4_MIDGAME_MT500|OUT|info depth 17 seldepth 16 multipv 4 score cp -609 nodes 771872 nps 1984246 hashfull 51 tbhits 0 time 389 pv f9e8 b9b4 h9g7 g3g4 g5g4 b4g4 c7a8 c3c4 i9f9 i3i4 f9f2 h2h6
S|MPV4_MIDGAME_MT500|OUT|info depth 18 seldepth 26 multipv 1 score cp -33 nodes 962812 nps 1925624 hashfull 67 tbhits 0 time 500 pv c7b9 h2g2 h9g7 i0h0 i9h9 h0h6 h7i7 e2e6 f9e8 h6h9 g7h9 c3c4 b9c7 e6f6 h9f8 f6f3 c6c5 c4c5 e7c5 g2g5 c5e7 g5f5 f8g6 f5f6
S|MPV4_MIDGAME_MT500|OUT|info depth 18 seldepth 20 multipv 2 score cp -602 nodes 962812 nps 1925624 hashfull 67 tbhits 0 time 500 pv c6c5 b9b4 h9g7 c3c4 c5c4 b4c4 c7d5 h2f2 f9e8 i0h0 h7i7 c4d4 d5c7 i3i4 i9f9 d0e1
S|MPV4_MIDGAME_MT500|OUT|info depth 17 seldepth 18 multipv 3 score cp -609 nodes 962812 nps 1921780 hashfull 67 tbhits 0 time 501 pv h9g7 b9b7 g7f5 h2f2 c7e8 b7b1 c6c5 i0h0 h7i7 b1b4 e8g7 g3g4 g5g4
S|MPV4_MIDGAME_MT500|OUT|info depth 17 seldepth 16 multipv 4 score cp -609 nodes 962812 nps 1921780 hashfull 67 tbhits 0 time 501 pv f9e8 b9b4 h9g7 g3g4 g5g4 b4g4 c7a8 c3c4 i9f9 i3i4 f9f2 h2h6
S|MPV4_MIDGAME_MT500|OUT|bestmove c7b9 ponder h2g2
S|MPV4_MIDGAME_MT500|END|lines=77
S|MPV1_T1_MT150|CMD|setoption name MultiPV value 4
S|MPV1_T1_MT150|CMD|setoption name Threads value 1
S|MPV1_T1_MT150|OUT|info string Using 1 thread
S|MPV1_T1_MT150|CMD|position fen rnbakabnr/9/1c5c1/p1p1p1p1p/9/9/P1P1P1P1P/1C5C1/9/RNBAKABNR w - - 0 1
S|MPV1_T1_MT150|CMD|go movetime 150
S|MPV1_T1_MT150|OUT|info string Available processors: 0-15
S|MPV1_T1_MT150|OUT|info string Using 1 thread
S|MPV1_T1_MT150|OUT|info string NNUE evaluation using pikafish.nnue (64MiB, (62083, 1024, 32, 32, 1))
S|MPV1_T1_MT150|OUT|info string Network replica 1: Local memory. Shared memory not supported by the OS. Local allocation fallback.
S|MPV1_T1_MT150|OUT|info depth 1 seldepth 3 multipv 1 score cp 22 nodes 255 nps 255000 hashfull 0 tbhits 0 time 1 pv b2e2
S|MPV1_T1_MT150|OUT|info depth 1 seldepth 3 multipv 2 score cp 22 nodes 255 nps 255000 hashfull 0 tbhits 0 time 1 pv h2e2
S|MPV1_T1_MT150|OUT|info depth 1 seldepth 3 multipv 3 score cp 12 nodes 255 nps 255000 hashfull 0 tbhits 0 time 1 pv c3c4
S|MPV1_T1_MT150|OUT|info depth 1 seldepth 3 multipv 4 score cp 12 nodes 255 nps 255000 hashfull 0 tbhits 0 time 1 pv g3g4
S|MPV1_T1_MT150|OUT|info depth 2 seldepth 3 multipv 1 score cp 22 nodes 473 nps 473000 hashfull 0 tbhits 0 time 1 pv b2e2
S|MPV1_T1_MT150|OUT|info depth 2 seldepth 3 multipv 2 score cp 22 nodes 473 nps 473000 hashfull 0 tbhits 0 time 1 pv h2e2
S|MPV1_T1_MT150|OUT|info depth 2 seldepth 3 multipv 3 score cp 12 nodes 473 nps 473000 hashfull 0 tbhits 0 time 1 pv c3c4
S|MPV1_T1_MT150|OUT|info depth 2 seldepth 3 multipv 4 score cp 12 nodes 473 nps 473000 hashfull 0 tbhits 0 time 1 pv g3g4
S|MPV1_T1_MT150|OUT|info depth 3 seldepth 4 multipv 1 score cp 119 nodes 875 nps 875000 hashfull 0 tbhits 0 time 1 pv b2e2
S|MPV1_T1_MT150|OUT|info depth 3 seldepth 3 multipv 2 score cp 35 nodes 875 nps 437500 hashfull 0 tbhits 0 time 2 pv h2e2
S|MPV1_T1_MT150|OUT|info depth 3 seldepth 3 multipv 3 score cp 14 nodes 875 nps 437500 hashfull 0 tbhits 0 time 2 pv c3c4
S|MPV1_T1_MT150|OUT|info depth 3 seldepth 3 multipv 4 score cp 14 nodes 875 nps 437500 hashfull 0 tbhits 0 time 2 pv g3g4
S|MPV1_T1_MT150|OUT|info depth 4 seldepth 3 multipv 1 score cp 137 nodes 1316 nps 658000 hashfull 0 tbhits 0 time 2 pv b2e2
S|MPV1_T1_MT150|OUT|info depth 4 seldepth 3 multipv 2 score cp 43 nodes 1316 nps 658000 hashfull 0 tbhits 0 time 2 pv h2e2
S|MPV1_T1_MT150|OUT|info depth 4 seldepth 3 multipv 3 score cp 15 nodes 1316 nps 658000 hashfull 0 tbhits 0 time 2 pv c3c4
S|MPV1_T1_MT150|OUT|info depth 4 seldepth 3 multipv 4 score cp 15 nodes 1316 nps 658000 hashfull 0 tbhits 0 time 2 pv g3g4
S|MPV1_T1_MT150|OUT|info depth 5 seldepth 5 multipv 1 score cp 69 nodes 2733 nps 683250 hashfull 0 tbhits 0 time 4 pv b2e2 c9e7 h0g2
S|MPV1_T1_MT150|OUT|info depth 5 seldepth 5 multipv 2 score cp 55 nodes 2733 nps 683250 hashfull 0 tbhits 0 time 4 pv h2e2 h9g7
S|MPV1_T1_MT150|OUT|info depth 5 seldepth 4 multipv 3 score cp 45 nodes 2733 nps 683250 hashfull 0 tbhits 0 time 4 pv b0c2
S|MPV1_T1_MT150|OUT|info depth 5 seldepth 4 multipv 4 score cp 42 nodes 2733 nps 683250 hashfull 0 tbhits 0 time 4 pv h0g2
S|MPV1_T1_MT150|OUT|info depth 6 seldepth 6 multipv 1 score cp 58 nodes 4197 nps 599571 hashfull 0 tbhits 0 time 7 pv b2e2 h9g7 b0c2 h7i7 h0g2
S|MPV1_T1_MT150|OUT|info depth 6 seldepth 5 multipv 2 score cp 45 nodes 4197 nps 599571 hashfull 0 tbhits 0 time 7 pv h2e2 h9g7 h0g2
S|MPV1_T1_MT150|OUT|info depth 6 seldepth 5 multipv 3 score cp 42 nodes 4197 nps 599571 hashfull 0 tbhits 0 time 7 pv g3g4 h7g7 b2e2
S|MPV1_T1_MT150|OUT|info depth 6 seldepth 4 multipv 4 score cp 42 nodes 4197 nps 599571 hashfull 0 tbhits 0 time 7 pv b0c2 h9g7 h2e2
S|MPV1_T1_MT150|OUT|info depth 7 seldepth 9 multipv 1 score cp 54 nodes 6627 nps 552250 hashfull 0 tbhits 0 time 12 pv b2e2 h9g7 b0c2 h7i7 a0b0
S|MPV1_T1_MT150|OUT|info depth 7 seldepth 8 multipv 2 score cp 43 nodes 6627 nps 552250 hashfull 0 tbhits 0 time 12 pv h2e2 h9g7 h0g2 i9h9 i0h0 g6g5
S|MPV1_T1_MT150|OUT|info depth 7 seldepth 8 multipv 3 score cp 31 nodes 6627 nps 552250 hashfull 0 tbhits 0 time 12 pv b0c2 h9g7 h2e2 g6g5
S|MPV1_T1_MT150|OUT|info depth 7 seldepth 9 multipv 4 score cp 30 nodes 6627 nps 552250 hashfull 0 tbhits 0 time 12 pv h0g2 h9g7 b2e2 g6g5 b0c2 b9c7 e3e4 a9b9
S|MPV1_T1_MT150|OUT|info depth 8 seldepth 11 multipv 1 score cp 38 nodes 14364 nps 513000 hashfull 0 tbhits 0 time 28 pv b2e2 b9c7 b0c2 a9b9 a0b0 g6g5 b0b4
S|MPV1_T1_MT150|OUT|info depth 8 seldepth 15 multipv 2 score cp 28 nodes 14364 nps 513000 hashfull 0 tbhits 0 time 28 pv b0c2 c6c5 h2e2 h9g7 h0g2 i9h9 i0h0
S|MPV1_T1_MT150|OUT|info depth 8 seldepth 14 multipv 3 score cp 28 nodes 14364 nps 513000 hashfull 0 tbhits 0 time 28 pv h2e2 h9g7 g3g4
S|MPV1_T1_MT150|OUT|info depth 8 seldepth 11 multipv 4 score cp 27 nodes 14364 nps 513000 hashfull 0 tbhits 0 time 28 pv h0g2 g6g5 b2e2 b9c7 b0c2 a9b9 a0b0 b7b3
S|MPV1_T1_MT150|OUT|info depth 9 seldepth 14 multipv 1 score cp 31 nodes 26408 nps 480145 hashfull 1 tbhits 0 time 55 pv b2e2 b9c7 b0c2 c6c5 a0b0 a9b9 b0b4 h9g7 g3g4 b7a7 b4b9 c7b9 h0g2
S|MPV1_T1_MT150|OUT|info depth 9 seldepth 17 multipv 2 score cp 27 nodes 26408 nps 480145 hashfull 1 tbhits 0 time 55 pv h2e2 h9g7 h0g2 g6g5 i0h0 i9h9 b0c2
S|MPV1_T1_MT150|OUT|info depth 9 seldepth 14 multipv 3 score cp 26 nodes 26408 nps 480145 hashfull 1 tbhits 0 time 55 pv g3g4 h7e7 h0g2 h9g7 c3c4 i9h9 i0h0 h9h5 b0c2 c6c5 c4c5 h5c5
S|MPV1_T1_MT150|OUT|info depth 9 seldepth 14 multipv 4 score cp 21 nodes 26408 nps 480145 hashfull 1 tbhits 0 time 55 pv c3c4 h7e7 h0g2 h9g7 g3g4 i9h9 i0h0 h9h5 c0e2
S|MPV1_T1_MT150|OUT|info depth 10 seldepth 15 multipv 1 score cp 37 nodes 35538 nps 461532 hashfull 2 tbhits 0 time 77 pv b2e2 b9c7 b0c2 c6c5 a0b0 a9b9 b0b4 h9g7 c3c4 c5c4 b4c4 h7i7 h0g2
S|MPV1_T1_MT150|OUT|info depth 10 seldepth 18 multipv 2 score cp 29 nodes 35538 nps 461532 hashfull 2 tbhits 0 time 77 pv h2e2 h9g7 h0g2 g6g5 i0h0 i9h9 b2d2 h7h3 b0c2 b9c7 a0b0 a9b9 b0b4 c6c5
S|MPV1_T1_MT150|OUT|info depth 10 seldepth 15 multipv 3 score cp 27 nodes 35538 nps 461532 hashfull 2 tbhits 0 time 77 pv c3c4 h7e7 b0c2 h9g7 h0g2 g6g5
S|MPV1_T1_MT150|OUT|info depth 10 seldepth 15 multipv 4 score cp 24 nodes 35538 nps 461532 hashfull 2 tbhits 0 time 77 pv g3g4 h7e7 h0g2 h9g7 i0h0 i9h9 b0c2 h9h5 c3c4 c6c5 c4c5 h5c5
S|MPV1_T1_MT150|OUT|info depth 11 seldepth 11 multipv 1 score cp 27 nodes 54474 nps 461644 hashfull 3 tbhits 0 time 118 pv c3c4 b7c7 b0c2 c6c5 c2d4 c5c4 d4e6
S|MPV1_T1_MT150|OUT|info depth 11 seldepth 22 multipv 2 score cp 25 nodes 54474 nps 461644 hashfull 3 tbhits 0 time 118 pv h2e2 h9g7 h0g2 i9h9 c3c4
S|MPV1_T1_MT150|OUT|info depth 11 seldepth 16 multipv 3 score cp 24 nodes 54474 nps 461644 hashfull 3 tbhits 0 time 118 pv g3g4 c6c5 h0g2 b9c7 b0a2 h7e7 i0h0
S|MPV1_T1_MT150|OUT|info depth 11 seldepth 17 multipv 4 score cp 24 nodes 54474 nps 461644 hashfull 3 tbhits 0 time 118 pv b2e2 b9c7 b0c2 c6c5 a0b0 a9b9 b0b4 h9g7 h0g2 g6g5
S|MPV1_T1_MT150|OUT|info depth 12 seldepth 17 multipv 1 score cp 29 nodes 69925 nps 463079 hashfull 4 tbhits 0 time 151 pv g3g4 b7e7 b0c2 b9c7 a0b0 h7g7 c3c4
S|MPV1_T1_MT150|OUT|info depth 12 seldepth 21 multipv 2 score cp 27 nodes 69925 nps 463079 hashfull 4 tbhits 0 time 151 pv h2e2 h9g7 h0g2 i9h9 i0h0 g6g5 h0h6 b9c7 e3e4 h7h8 b0c2 h8e8 h6g6 c6c5 c2e3 h9h7 c3c4 c7d5 c4c5
S|MPV1_T1_MT150|OUT|info depth 12 seldepth 16 multipv 3 score cp 25 nodes 69925 nps 463079 hashfull 4 tbhits 0 time 151 pv c3c4 b7c7 h2e2 h7e7 h0g2 b9a7 b0a2 a9b9 a0b0 h9g7 i0h0 b9b5 b2c2 b5f5 h0h4
S|MPV1_T1_MT150|OUT|info depth 12 seldepth 15 multipv 4 score cp 24 nodes 69925 nps 463079 hashfull 4 tbhits 0 time 151 pv b2e2 b9c7 b0c2 c6c5 h0g2 a9b9 g3g4 g9e7 a0b0 b7b3 c2a1 b3b2
S|MPV1_T1_MT150|OUT|bestmove g3g4 ponder b7e7
S|MPV1_T1_MT150|END|lines=54
S|RESTORE_T4|CMD|setoption name Threads value 4
S|RESTORE_T4|OUT|info string Using 4 threads
S|RESTORE_T4|CMD|setoption name MultiPV value 1
S|RESTORE_T4|END|lines=1
DRV DONE steps=13
